code,date
000100,2026-07-23
000100,2026-07-24
000100,2026-07-27
000990,2026-09-04
000990,2026-09-07
001210,2026-08-14
001210,2026-08-18
001210,2026-08-19
001210,2026-08-20
001210,2026-08-21
001440,2026-08-12
001440,2026-08-13
001440,2026-08-26
001440,2026-08-27
001440,2026-08-28
001440,2026-09-08
001440,2026-09-09
001440,2026-09-10
001820,2026-08-12
001820,2026-08-13
002990,2026-08-11
002990,2026-08-12
002990,2026-08-13
003280,2026-07-10
003280,2026-07-13
003280,2026-07-14
003280,2026-07-15
003280,2026-07-16
003280,2026-07-20
003280,2026-07-21
003280,2026-07-22
003280,2026-09-09
003280,2026-09-10
003280,2026-09-11
003490,2026-08-25
003490,2026-08-26
003490,2026-08-27
003550,2026-07-21
003550,2026-07-22
003550,2026-07-30
003550,2026-07-31
0039P0,2026-09-04
0039P0,2026-09-07
0039P0,2026-09-09
0039P0,2026-09-10
0039P0,2026-09-11
004090,2026-07-13
004090,2026-07-14
004310,2026-08-28
004310,2026-08-31
004310,2026-09-01
004310,2026-09-02
004710,2026-09-02
004710,2026-09-03
004710,2026-09-04
005290,2026-08-24
005290,2026-08-25
005290,2026-08-26
005290,2026-09-22
005290,2026-09-23
005290,2026-09-28
005690,2026-08-19
005690,2026-08-20
005690,2026-09-16
005690,2026-09-17
005690,2026-09-18
005690,2026-09-21
005940,2026-07-03
005940,2026-07-06
005940,2026-07-07
005950,2026-07-22
005950,2026-07-23
005950,2026-07-24
006340,2026-06-30
006340,2026-07-01
006340,2026-07-02
006340,2026-09-17
006340,2026-09-18
006340,2026-09-21
006340,2026-09-22
006360,2026-07-06
006360,2026-07-07
006360,2026-07-09
006360,2026-07-10
006360,2026-07-13
006360,2026-07-22
006360,2026-07-23
006360,2026-07-24
006660,2026-07-13
006660,2026-07-14
006660,2026-07-15
006660,2026-07-16
006660,2026-07-20
006660,2026-08-14
006660,2026-08-18
006660,2026-08-19
007610,2026-07-01
007610,2026-07-02
007660,2026-08-13
007660,2026-08-14
007660,2026-08-18
007810,2026-08-14
007810,2026-08-18
007810,2026-08-19
007810,2026-09-21
007810,2026-09-22
007810,2026-09-23
009420,2026-08-07
009420,2026-08-10
009420,2026-08-12
009420,2026-08-13
009420,2026-08-14
009830,2026-08-05
009830,2026-08-06
009830,2026-08-07
009830,2026-08-10
010140,2026-09-11
010140,2026-09-14
010170,2026-08-04
010170,2026-08-05
010170,2026-08-07
010170,2026-08-10
010170,2026-08-11
010820,2026-07-23
010820,2026-07-24
011170,2026-09-08
011170,2026-09-09
011170,2026-09-10
011200,2026-07-15
011200,2026-07-16
011200,2026-07-20
011200,2026-07-21
011200,2026-07-22
011200,2026-07-23
011230,2026-07-03
011230,2026-07-06
011790,2026-08-12
011790,2026-08-13
015760,2026-08-25
015760,2026-08-26
016360,2026-09-21
016360,2026-09-22
016360,2026-09-23
017670,2026-07-21
017670,2026-07-22
017670,2026-07-23
017900,2026-08-04
017900,2026-08-05
017900,2026-08-06
017900,2026-09-10
017900,2026-09-11
017900,2026-09-14
017900,2026-09-15
021240,2026-06-30
021240,2026-07-01
021240,2026-07-02
021240,2026-08-10
021240,2026-08-11
021240,2026-08-12
024060,2026-07-08
024060,2026-07-09
024060,2026-07-10
024060,2026-07-13
024060,2026-07-14
024060,2026-09-01
024060,2026-09-02
024060,2026-09-03
024110,2026-07-15
024110,2026-07-16
024110,2026-07-20
024110,2026-08-27
024110,2026-08-28
024110,2026-08-31
024840,2026-07-01
024840,2026-07-02
024840,2026-07-03
024840,2026-07-06
024840,2026-08-04
024840,2026-08-05
024840,2026-08-06
027360,2026-08-12
027360,2026-08-13
027360,2026-08-14
027360,2026-09-16
027360,2026-09-17
027360,2026-09-18
028050,2026-08-04
028050,2026-08-05
028050,2026-08-06
028300,2026-07-08
028300,2026-07-09
028300,2026-07-10
028300,2026-08-07
028300,2026-08-10
028300,2026-08-11
030200,2026-08-26
030200,2026-08-27
030200,2026-08-28
030200,2026-08-31
030530,2026-07-31
030530,2026-08-03
030530,2026-08-04
032640,2026-07-29
032640,2026-07-30
032640,2026-07-31
032820,2026-08-04
032820,2026-08-05
032820,2026-08-06
033100,2026-07-01
033100,2026-07-02
033160,2026-08-04
033160,2026-08-05
033160,2026-08-06
033160,2026-08-07
034020,2026-08-05
034020,2026-08-06
034020,2026-08-07
034020,2026-08-10
034020,2026-08-11
035720,2026-07-21
035720,2026-07-22
035720,2026-07-23
035720,2026-07-24
036540,2026-08-10
036540,2026-08-11
036540,2026-08-12
037350,2026-06-30
037350,2026-07-01
037350,2026-07-02
041830,2026-08-05
041830,2026-08-06
041830,2026-08-07
042660,2026-08-04
042660,2026-08-05
042660,2026-08-06
042940,2026-07-01
042940,2026-07-02
042940,2026-07-03
043260,2026-08-12
043260,2026-08-13
043260,2026-08-14
043260,2026-09-16
043260,2026-09-17
043260,2026-09-18
047040,2026-08-06
047040,2026-08-07
047040,2026-08-10
047040,2026-08-11
047040,2026-08-12
047050,2026-07-21
047050,2026-07-22
047050,2026-07-23
047050,2026-07-24
047050,2026-09-08
047050,2026-09-09
047050,2026-09-10
049080,2026-07-15
049080,2026-07-16
049080,2026-07-20
049080,2026-07-21
049080,2026-09-15
049080,2026-09-16
049080,2026-09-17
050890,2026-09-16
050890,2026-09-17
050890,2026-09-18
050890,2026-09-21
052710,2026-09-10
052710,2026-09-11
052710,2026-09-14
058470,2026-09-07
058470,2026-09-08
058470,2026-09-09
058470,2026-09-10
058470,2026-09-18
058470,2026-09-21
058470,2026-09-22
058470,2026-09-23
058610,2026-07-21
058610,2026-07-22
058610,2026-07-23
058610,2026-09-22
058610,2026-09-23
058730,2026-09-01
058730,2026-09-02
058730,2026-09-03
060720,2026-07-21
060720,2026-07-22
062970,2026-09-14
062970,2026-09-15
062970,2026-09-16
064290,2026-08-14
064290,2026-08-18
064290,2026-08-20
064290,2026-08-21
064290,2026-09-03
064290,2026-09-04
064290,2026-09-07
064400,2026-08-04
064400,2026-08-05
064400,2026-08-06
064400,2026-08-07
064400,2026-08-10
064400,2026-08-11
066430,2026-08-13
066430,2026-08-14
066430,2026-08-18
066970,2026-08-07
066970,2026-08-10
066970,2026-08-11
066970,2026-08-12
066970,2026-08-13
067290,2026-08-05
067290,2026-08-06
067290,2026-08-07
067310,2026-08-13
067310,2026-08-14
067310,2026-08-18
067310,2026-08-19
067310,2026-09-16
067310,2026-09-17
067310,2026-09-18
067310,2026-09-21
067310,2026-09-22
069540,2026-07-21
069540,2026-07-22
069540,2026-08-04
069540,2026-08-05
069540,2026-08-06
078350,2026-09-17
078350,2026-09-18
078350,2026-09-21
078600,2026-08-03
078600,2026-08-04
078600,2026-09-23
078600,2026-09-28
078600,2026-09-29
079650,2026-08-11
079650,2026-08-12
079650,2026-08-13
080220,2026-08-07
080220,2026-08-10
080220,2026-08-11
080220,2026-08-12
080220,2026-09-21
080220,2026-09-22
080220,2026-09-23
082740,2026-08-26
082740,2026-08-27
082740,2026-08-28
082740,2026-08-31
082740,2026-09-01
082740,2026-09-08
082740,2026-09-09
082740,2026-09-10
082920,2026-08-07
082920,2026-08-10
082920,2026-08-11
083650,2026-08-04
083650,2026-08-05
083650,2026-08-06
086520,2026-08-06
086520,2026-08-07
086520,2026-08-10
086520,2026-08-11
089030,2026-08-13
089030,2026-08-14
089030,2026-08-18
089030,2026-08-19
089030,2026-08-20
089030,2026-08-21
089030,2026-09-22
089030,2026-09-23
089030,2026-09-28
089030,2026-09-29
089030,2026-09-30
089970,2026-09-22
089970,2026-09-23
089970,2026-09-28
090460,2026-08-11
090460,2026-08-12
090460,2026-08-13
090460,2026-08-14
090710,2026-08-04
090710,2026-08-05
090710,2026-08-06
091590,2026-08-11
091590,2026-08-12
091590,2026-08-13
093370,2026-08-13
093370,2026-08-14
093370,2026-08-18
098460,2026-08-03
098460,2026-08-04
098460,2026-08-05
098460,2026-09-17
098460,2026-09-18
098460,2026-09-21
098460,2026-09-22
098460,2026-09-23
098460,2026-09-28
098460,2026-09-29
098460,2026-09-30
100090,2026-07-22
100090,2026-07-23
100090,2026-07-24
100090,2026-08-28
100090,2026-08-31
100790,2026-08-07
100790,2026-08-10
100790,2026-08-11
100790,2026-08-12
100790,2026-09-16
100790,2026-09-17
100790,2026-09-18
103140,2026-07-30
103140,2026-07-31
103140,2026-08-03
103590,2026-08-11
103590,2026-08-12
103590,2026-08-13
112610,2026-07-22
112610,2026-07-23
119850,2026-06-30
119850,2026-07-01
119850,2026-07-02
119850,2026-09-16
119850,2026-09-17
119850,2026-09-18
119850,2026-09-21
125020,2026-09-17
125020,2026-09-18
125020,2026-09-21
125490,2026-09-17
125490,2026-09-18
125490,2026-09-21
126340,2026-09-15
126340,2026-09-16
126340,2026-09-17
126730,2026-08-10
126730,2026-08-11
126730,2026-08-12
131970,2026-08-14
131970,2026-08-18
131970,2026-08-19
131970,2026-08-20
131970,2026-09-04
131970,2026-09-07
131970,2026-09-08
131970,2026-09-09
131970,2026-09-10
131970,2026-09-11
138080,2026-09-15
138080,2026-09-16
138080,2026-09-17
170920,2026-07-10
170920,2026-07-13
170920,2026-07-14
175330,2026-07-14
175330,2026-07-15
175330,2026-07-27
175330,2026-07-28
178320,2026-08-25
178320,2026-08-26
178320,2026-08-27
178320,2026-08-28
183300,2026-09-07
183300,2026-09-08
183300,2026-09-09
183300,2026-09-10
183300,2026-09-11
195870,2026-09-15
195870,2026-09-16
195870,2026-09-17
204270,2026-08-11
204270,2026-08-12
204270,2026-08-13
204320,2026-08-04
204320,2026-08-05
204320,2026-08-06
217590,2026-08-04
217590,2026-08-05
217590,2026-08-06
217590,2026-09-14
217590,2026-09-15
217590,2026-09-16
217590,2026-09-17
218410,2026-08-04
218410,2026-08-05
218410,2026-08-07
218410,2026-08-10
218410,2026-08-11
218410,2026-09-15
218410,2026-09-16
218410,2026-09-17
237690,2026-08-19
237690,2026-08-20
241560,2026-07-15
241560,2026-07-16
241560,2026-07-21
241560,2026-07-22
241560,2026-07-23
241560,2026-07-24
252990,2026-07-14
252990,2026-07-15
252990,2026-07-16
257720,2026-07-01
257720,2026-07-02
257720,2026-07-03
257720,2026-07-06
257720,2026-08-05
257720,2026-08-06
257720,2026-08-07
263800,2026-08-12
263800,2026-08-13
272210,2026-08-04
272210,2026-08-05
272210,2026-08-06
272210,2026-09-16
272210,2026-09-17
272210,2026-09-18
272210,2026-09-21
295310,2026-08-06
295310,2026-08-07
295310,2026-08-10
298000,2026-07-07
298000,2026-07-08
298380,2026-08-05
298380,2026-08-06
298380,2026-08-07
316140,2026-07-15
316140,2026-07-16
316140,2026-07-21
316140,2026-07-22
316140,2026-07-24
316140,2026-07-27
316140,2026-07-28
316140,2026-09-07
316140,2026-09-08
316140,2026-09-10
316140,2026-09-11
316140,2026-09-14
319400,2026-07-31
319400,2026-08-03
319400,2026-08-04
319400,2026-08-05
321370,2026-08-18
321370,2026-08-19
321370,2026-08-20
321370,2026-09-16
321370,2026-09-17
321370,2026-09-18
323280,2026-07-31
323280,2026-08-03
323280,2026-09-28
323280,2026-09-29
323280,2026-09-30
323410,2026-09-02
323410,2026-09-03
323410,2026-09-07
323410,2026-09-08
326030,2026-08-04
326030,2026-08-05
326030,2026-08-06
326030,2026-08-07
327260,2026-08-03
327260,2026-08-04
327260,2026-08-05
327260,2026-09-08
327260,2026-09-09
327260,2026-09-10
328130,2026-09-18
328130,2026-09-21
328130,2026-09-22
332570,2026-07-20
332570,2026-07-21
332570,2026-07-22
332570,2026-09-17
332570,2026-09-18
332570,2026-09-21
336260,2026-08-24
336260,2026-08-25
336260,2026-08-26
347700,2026-08-06
347700,2026-08-07
347700,2026-08-10
347700,2026-09-17
347700,2026-09-18
347700,2026-09-21
348340,2026-08-13
348340,2026-08-14
348340,2026-08-18
356860,2026-08-14
356860,2026-08-18
356860,2026-08-19
375500,2026-08-04
375500,2026-08-05
375500,2026-08-06
376900,2026-07-14
376900,2026-07-15
376900,2026-07-16
377300,2026-07-21
377300,2026-07-22
377300,2026-07-23
377300,2026-07-24
389260,2026-07-23
389260,2026-07-24
403870,2026-08-14
403870,2026-08-18
403870,2026-08-19
417200,2026-09-14
417200,2026-09-15
417200,2026-09-16
417840,2026-08-11
417840,2026-08-12
417840,2026-08-13
419050,2026-08-04
419050,2026-08-05
419050,2026-08-06
419050,2026-08-12
419050,2026-08-13
419050,2026-08-14
420770,2026-09-17
420770,2026-09-18
437730,2026-07-22
437730,2026-07-23
437730,2026-07-30
437730,2026-07-31
437730,2026-08-03
437730,2026-08-04
437730,2026-09-10
437730,2026-09-11
437730,2026-09-14
439960,2026-07-22
439960,2026-07-23
439960,2026-07-28
439960,2026-07-29
439960,2026-07-31
439960,2026-08-03
439960,2026-08-04
440110,2026-09-03
440110,2026-09-04
440110,2026-09-07
440110,2026-09-08
452280,2026-09-15
452280,2026-09-16
452280,2026-09-17
454910,2026-08-05
454910,2026-08-06
454910,2026-08-07
454910,2026-08-10
454910,2026-08-11
456010,2026-09-14
456010,2026-09-15
456010,2026-09-16
457370,2026-09-16
457370,2026-09-17
457370,2026-09-18
460930,2026-07-23
460930,2026-07-24
460930,2026-07-27
465770,2026-09-01
465770,2026-09-02
465770,2026-09-03
475040,2026-09-07
475040,2026-09-08
475040,2026-09-09
475040,2026-09-10
475040,2026-09-11
476060,2026-08-05
476060,2026-08-06
476060,2026-08-07
477850,2026-08-05
477850,2026-08-06
477850,2026-08-07
