trade_day,code,name,entry_time,entry_price,exit_time,exit_price,reason,ret_pct
2026-07-02,006340,대원전선,09:05,13193.6,09:06,13650.0,TAKE_PROFIT,3.222
2026-07-02,021240,코웨이,09:02,94315.5,09:02,93279.0,STOP_LOSS,-1.326
2026-07-02,037350,성도이엔지,14:08,9708.2,14:31,9601.5,STOP_LOSS,-1.326
2026-07-02,119850,지엔씨에너지,09:02,26700.0,09:02,26406.6,STOP_LOSS,-1.326
2026-07-03,042940,상지건설,12:33,6951.8,13:05,7160.4,TAKE_PROFIT,2.763
2026-07-06,257720,실리콘투,10:47,36859.1,11:33,36454.0,STOP_LOSS,-1.326
2026-07-07,005940,NH투자증권,09:02,32598.5,09:14,32240.2,STOP_LOSS,-1.326
2026-07-14,024060,흥구석유,11:42,12947.3,12:07,13335.7,TAKE_PROFIT,2.763
2026-07-16,252990,샘씨엔에스,11:59,14509.5,12:30,14350.0,STOP_LOSS,-1.326
2026-07-16,376900,로킷헬스케어,09:27,50855.5,09:28,50296.6,STOP_LOSS,-1.326
2026-07-20,006660,삼성공조,09:07,13808.6,09:07,13656.8,STOP_LOSS,-1.326
2026-07-21,049080,기가레인,09:02,13138.5,09:02,12994.1,STOP_LOSS,-1.326
2026-07-22,003280,흥아해운,09:02,1867.8,09:09,1847.2,STOP_LOSS,-1.326
2026-07-22,332570,PS일렉트로닉스,12:00,7000.8,15:10,7013.0,TIME_EXIT,-0.056
2026-07-23,011200,HMM,09:14,20550.0,15:10,20954.0,TIME_EXIT,1.732
2026-07-23,017670,SK텔레콤,13:12,97039.0,14:00,99950.2,TAKE_PROFIT,2.763
2026-07-23,058610,에스피지,09:04,84326.0,09:11,83399.3,STOP_LOSS,-1.326
2026-07-24,005950,이수화학,09:02,14606.9,09:04,14446.3,STOP_LOSS,-1.326
2026-07-24,006360,GS건설,09:03,33049.9,09:03,32686.7,STOP_LOSS,-1.326
2026-07-24,035720,카카오,15:05,35902.6,15:10,35989.0,TIME_EXIT,0.01
2026-07-24,047050,포스코인터내셔널,10:50,56837.2,11:35,56212.6,STOP_LOSS,-1.326
2026-07-24,100090,SK오션플랜트,09:29,17662.1,09:30,17468.0,STOP_LOSS,-1.326
2026-07-24,377300,카카오페이,09:54,42850.0,10:57,42379.1,STOP_LOSS,-1.326
2026-07-27,000100,유한양행,13:17,72676.2,15:10,71977.9,TIME_EXIT,-1.189
2026-07-27,460930,현대힘스,13:24,14269.9,14:35,14113.1,STOP_LOSS,-1.326
2026-07-28,316140,우리금융지주,09:19,33264.4,10:00,32898.8,STOP_LOSS,-1.326
2026-07-31,032640,LG유플러스,09:03,15228.7,09:04,15061.4,STOP_LOSS,-1.326
2026-08-03,103140,풍산,09:48,68001.0,11:06,70041.0,TAKE_PROFIT,2.763
2026-08-04,030530,원익홀딩스,09:31,19955.5,09:33,19736.2,STOP_LOSS,-1.326
2026-08-04,437730,삼현,11:55,38104.4,12:15,37662.3,STOP_LOSS,-1.387
2026-08-04,439960,코스모로보틱스,09:26,17968.7,09:26,17771.2,STOP_LOSS,-1.326
2026-08-05,098460,고영,14:29,30932.5,15:10,31068.9,TIME_EXIT,0.21
2026-08-05,319400,현대무벡스,09:03,23681.0,09:04,23420.7,STOP_LOSS,-1.326
2026-08-05,327260,RF머트리얼즈,13:20,34405.2,13:26,34027.1,STOP_LOSS,-1.326
2026-08-06,017900,광전자,11:56,6682.4,12:14,6882.8,TAKE_PROFIT,2.763
2026-08-06,024840,KBI메탈,11:09,5186.3,11:15,5129.3,STOP_LOSS,-1.326
2026-08-06,028050,삼성E&A,09:54,49365.1,10:05,48822.6,STOP_LOSS,-1.326
2026-08-06,032820,우리기술,11:38,11160.5,15:10,11258.7,TIME_EXIT,0.648
2026-08-06,042660,한화오션,09:11,91556.5,09:28,90550.3,STOP_LOSS,-1.326
2026-08-06,069540,빛과전자,09:05,2889.1,09:06,2975.7,TAKE_PROFIT,2.763
2026-08-06,083650,비에이치아이,09:07,51407.8,09:12,50842.8,STOP_LOSS,-1.326
2026-08-06,090710,휴림로봇,09:08,7558.9,09:09,7475.9,STOP_LOSS,-1.326
2026-08-06,204320,HL만도,09:24,50533.0,09:28,49977.6,STOP_LOSS,-1.326
2026-08-06,217590,티엠씨,12:18,13125.1,14:20,13518.9,TAKE_PROFIT,2.763
2026-08-06,272210,한화시스템,09:08,72196.2,09:11,71402.8,STOP_LOSS,-1.326
2026-08-06,375500,DL이앤씨,10:17,71184.0,10:27,70401.7,STOP_LOSS,-1.326
2026-08-07,041830,인바디,09:33,69173.5,09:49,68413.3,STOP_LOSS,-1.326
2026-08-07,067290,JW신약,09:08,2326.2,09:11,2300.6,STOP_LOSS,-1.326
2026-08-07,257720,실리콘투,09:03,38726.0,09:33,39887.8,TAKE_PROFIT,2.763
2026-08-07,298380,에이비엘바이오,09:03,83287.8,09:04,82372.4,STOP_LOSS,-1.326
2026-08-07,476060,온코닉테라퓨틱스,14:20,13830.9,15:10,13936.0,TIME_EXIT,0.528
2026-08-07,477850,마키나락스,14:03,28700.0,15:10,29170.8,TIME_EXIT,1.407
2026-08-10,009830,한화솔루션,09:21,33255.0,09:23,34252.7,TAKE_PROFIT,2.763
2026-08-10,295310,에이치브이엠,11:50,55448.2,12:20,54838.9,STOP_LOSS,-1.326
2026-08-10,347700,스피어,11:39,24843.5,12:00,24570.5,STOP_LOSS,-1.326
2026-08-11,010170,대한광통신,10:08,13430.7,10:25,13283.1,STOP_LOSS,-1.326
2026-08-11,028300,HLB,09:04,40184.5,09:06,39742.9,STOP_LOSS,-1.326
2026-08-11,034020,두산에너빌리티,12:05,78085.8,15:10,78021.9,TIME_EXIT,-0.312
2026-08-11,064400,LG씨엔에스,09:03,73162.2,09:08,72358.2,STOP_LOSS,-1.326
2026-08-11,082920,비츠로셀,12:49,35356.2,15:10,35114.8,TIME_EXIT,-0.911
2026-08-11,086520,에코프로,09:03,92189.0,09:04,91175.8,STOP_LOSS,-1.326
2026-08-11,218410,RFHIC,09:44,53111.2,10:04,52527.6,STOP_LOSS,-1.326
2026-08-11,454910,두산로보틱스,09:02,73900.0,09:03,73087.8,STOP_LOSS,-1.326
2026-08-12,036540,SFA반도체,10:13,6043.3,15:10,6183.8,TIME_EXIT,2.089
2026-08-12,047040,대우건설,09:07,17220.7,09:12,17031.4,STOP_LOSS,-1.326
2026-08-12,080220,제주반도체,09:02,89465.8,09:05,88482.5,STOP_LOSS,-1.326
2026-08-12,100790,미래에셋벤처투자,10:23,16357.6,10:49,16177.9,STOP_LOSS,-1.326
2026-08-12,126730,코칩,09:53,19857.3,09:55,19639.0,STOP_LOSS,-1.326
2026-08-13,002990,금호건설,10:14,15462.6,10:15,15292.6,STOP_LOSS,-1.326
2026-08-13,079650,서산,09:07,6519.1,09:07,6447.4,STOP_LOSS,-1.326
2026-08-13,091590,남화토건,09:22,7405.4,09:22,7324.0,STOP_LOSS,-1.326
2026-08-13,103590,일진전기,11:34,74216.8,14:16,73401.1,STOP_LOSS,-1.326
2026-08-13,204270,제이앤티씨,11:59,18711.3,14:33,18505.7,STOP_LOSS,-1.326
2026-08-13,417840,저스템,11:51,13801.6,13:34,13649.9,STOP_LOSS,-1.326
2026-08-14,009420,한올바이오파마,12:35,58600.0,15:10,59440.5,TIME_EXIT,1.201
2026-08-14,027360,아주IB투자,09:02,4585.1,09:02,4534.7,STOP_LOSS,-1.326
2026-08-14,043260,성호전자,12:22,20144.5,15:10,20479.5,TIME_EXIT,1.429
2026-08-14,090460,비에이치,13:45,18367.9,15:10,18391.6,TIME_EXIT,-0.101
2026-08-14,419050,삼기에너지솔루션즈,10:21,1821.9,10:39,1876.6,TAKE_PROFIT,2.763
2026-08-18,066430,아이로보틱스,09:04,2571.2,09:05,2542.9,STOP_LOSS,-1.326
2026-08-18,093370,후성,10:56,13212.4,11:12,13067.2,STOP_LOSS,-1.326
2026-08-18,348340,뉴로메카,09:14,23894.9,09:14,23632.3,STOP_LOSS,-1.326
2026-08-19,006660,삼성공조,09:09,15130.6,09:09,14964.4,STOP_LOSS,-1.326
2026-08-19,356860,티엘비,09:26,34382.9,09:32,35414.4,TAKE_PROFIT,2.763
2026-08-19,403870,HPSP,09:08,43356.4,09:11,42879.9,STOP_LOSS,-1.326
2026-08-20,321370,센서뷰,14:27,1443.0,15:10,1439.6,TIME_EXIT,-0.468
2026-08-21,001210,금호전기,11:28,8581.1,11:28,8486.8,STOP_LOSS,-1.326
2026-08-21,089030,테크윙,14:00,48570.0,14:52,48036.2,STOP_LOSS,-1.326
2026-08-26,005290,동진쎄미켐,09:07,42855.0,09:34,42384.0,STOP_LOSS,-1.326
2026-08-26,336260,두산퓨얼셀,14:02,46618.1,14:16,46105.8,STOP_LOSS,-1.326
2026-08-27,003490,대한항공,10:48,28231.9,15:10,28171.8,TIME_EXIT,-0.442
2026-08-28,178320,서진시스템,09:17,40485.2,09:19,40040.3,STOP_LOSS,-1.326
2026-09-02,004310,현대약품,09:12,8159.8,09:28,8070.1,STOP_LOSS,-1.326
2026-09-03,024060,흥구석유,11:01,11089.4,11:31,10967.5,STOP_LOSS,-1.326
2026-09-03,058730,다스코,09:35,3930.8,09:42,3887.6,STOP_LOSS,-1.326
2026-09-03,465770,STX그린로지스,10:37,3844.5,10:37,3802.3,STOP_LOSS,-1.326
2026-09-04,004710,한솔테크닉스,09:29,8613.2,09:54,8518.5,STOP_LOSS,-1.326
2026-09-07,064290,인텍플러스,11:00,41264.2,11:03,40810.8,STOP_LOSS,-1.326
2026-09-08,440110,파두,13:49,73484.0,14:03,72676.4,STOP_LOSS,-1.326
2026-09-10,011170,롯데케미칼,10:00,67100.0,10:10,66362.6,STOP_LOSS,-1.326
2026-09-10,047050,포스코인터내셔널,09:02,57392.0,10:10,56761.3,STOP_LOSS,-1.326
2026-09-10,082740,한화엔진,11:28,47744.5,12:49,49176.8,TAKE_PROFIT,2.763
2026-09-10,327260,RF머트리얼즈,09:02,41831.5,09:03,41371.8,STOP_LOSS,-1.326
2026-09-11,0039P0,매드업,09:31,9680.1,09:37,9573.7,STOP_LOSS,-1.326
2026-09-11,131970,두산테스나,11:33,88334.5,11:57,87363.7,STOP_LOSS,-1.326
2026-09-11,183300,코미코,13:48,27307.1,15:10,27372.6,TIME_EXIT,0.009
2026-09-11,475040,스트라드비젼,11:47,3831.2,13:08,3789.1,STOP_LOSS,-1.326
2026-09-14,052710,아모텍,09:03,15109.3,09:03,14943.2,STOP_LOSS,-1.326
2026-09-14,316140,우리금융지주,09:07,34990.9,09:25,36040.6,TAKE_PROFIT,2.763
2026-09-14,437730,삼현,09:23,40244.6,09:27,39802.3,STOP_LOSS,-1.326
2026-09-15,017900,광전자,09:26,10346.8,09:26,10233.0,STOP_LOSS,-1.326
2026-09-16,062970,한국첨단소재,10:06,3362.6,10:27,3463.4,TAKE_PROFIT,2.763
2026-09-16,417200,LS머트리얼즈,10:18,12464.1,11:10,12327.1,STOP_LOSS,-1.326
2026-09-16,456010,아이씨티케이,09:40,18588.0,10:12,18383.7,STOP_LOSS,-1.326
2026-09-17,049080,기가레인,09:03,10995.5,09:04,11325.4,TAKE_PROFIT,2.763
2026-09-17,126340,비나텍,12:01,78092.5,14:47,77234.3,STOP_LOSS,-1.326
2026-09-17,138080,오이솔루션,13:16,27400.0,14:22,27098.9,STOP_LOSS,-1.326
2026-09-17,195870,해성디에스,09:03,56197.5,09:07,55579.9,STOP_LOSS,-1.326
2026-09-17,217590,티엠씨,10:53,13439.9,15:10,13616.4,TIME_EXIT,1.08
2026-09-17,218410,RFHIC,09:15,52329.2,09:15,51754.2,STOP_LOSS,-1.326
2026-09-17,452280,한선엔지니어링,11:36,13318.8,15:10,13316.7,TIME_EXIT,-0.246
2026-09-18,027360,아주IB투자,09:02,3847.7,09:13,3963.1,TAKE_PROFIT,2.763
2026-09-18,043260,성호전자,14:26,26379.6,15:10,26473.5,TIME_EXIT,0.125
2026-09-18,100790,미래에셋벤처투자,12:33,17723.0,13:08,17528.2,STOP_LOSS,-1.326
2026-09-18,321370,센서뷰,09:02,1696.8,09:03,1678.1,STOP_LOSS,-1.326
2026-09-18,457370,한켐,09:53,11574.8,10:09,11922.0,TAKE_PROFIT,2.763
2026-09-21,005690,파미셀,09:09,12639.1,09:13,13018.3,TAKE_PROFIT,2.763
2026-09-21,078350,한양디지텍,13:59,28937.8,14:10,28619.7,STOP_LOSS,-1.326
2026-09-21,119850,지엔씨에너지,13:23,51543.5,14:22,53089.8,TAKE_PROFIT,2.763
2026-09-21,125020,티씨머티리얼즈,09:08,6329.6,09:11,6260.0,STOP_LOSS,-1.326
2026-09-21,125490,한라캐스트,09:40,12048.9,11:11,12410.3,TAKE_PROFIT,2.763
2026-09-21,272210,한화시스템,09:04,79609.0,09:05,78734.1,STOP_LOSS,-1.326
2026-09-21,332570,PS일렉트로닉스,09:07,9024.3,09:12,8925.1,STOP_LOSS,-1.326
2026-09-21,347700,스피어,11:41,23577.0,13:39,23317.9,STOP_LOSS,-1.326
2026-09-22,067310,하나마이크론,09:06,44241.0,09:32,45568.2,TAKE_PROFIT,2.763
2026-09-22,328130,루닛,10:06,9910.7,10:49,9801.8,STOP_LOSS,-1.326
2026-09-23,007810,코리아써키트,09:02,65443.5,09:02,64724.3,STOP_LOSS,-1.326
2026-09-23,016360,삼성증권,09:03,90518.2,15:10,91008.9,TIME_EXIT,0.311
2026-09-23,058470,리노공업,09:02,74747.5,09:04,73926.0,STOP_LOSS,-1.326
2026-09-28,005290,동진쎄미켐,10:00,46030.8,10:48,45524.9,STOP_LOSS,-1.326
2026-09-28,089970,브이엠,09:24,62237.2,09:25,61553.3,STOP_LOSS,-1.326
2026-09-29,078600,대주전자재료,12:41,89220.0,14:33,88239.5,STOP_LOSS,-1.326
2026-09-30,089030,테크윙,11:12,51478.0,11:42,50912.3,STOP_LOSS,-1.326
2026-09-30,098460,고영,09:03,30244.0,10:04,31151.3,TAKE_PROFIT,2.763
