buy_day,sell_day,chg,buy,sell,ret_pct
2021-01-04,2021-01-05,-1.34,16970.0,16845.0,-0.766
2021-01-06,2021-01-07,-1.73,16720.0,16905.0,1.076
2021-01-12,2021-01-13,-0.79,17060.0,17100.0,0.204
2021-01-14,2021-01-15,-2.05,16730.0,16715.0,-0.12
2021-01-15,2021-01-18,-4.45,15985.0,15660.0,-2.063
2021-01-18,2021-01-19,-5.32,15135.0,15205.0,0.432
2021-01-21,2021-01-22,-0.21,16315.0,16315.0,-0.03
2021-01-22,2021-01-25,-0.77,16190.0,16310.0,0.711
2021-01-26,2021-01-27,-2.03,16890.0,16975.0,0.473
2021-01-27,2021-01-28,-2.49,16470.0,15745.0,-4.431
2021-01-28,2021-01-29,-3.98,15815.0,15965.0,0.918
2021-01-29,2021-02-01,-6.29,14820.0,14820.0,-0.03
2021-02-04,2021-02-05,-2.5,15800.0,15925.0,0.761
2021-02-08,2021-02-09,-1.45,15670.0,15710.0,0.225
2021-02-09,2021-02-10,-1.4,15450.0,15425.0,-0.192
2021-02-16,2021-02-17,-3.52,15505.0,15400.0,-0.707
2021-02-17,2021-02-18,-1.19,15320.0,15320.0,-0.03
2021-02-18,2021-02-19,-2.25,14975.0,14945.0,-0.23
2021-02-22,2021-02-23,-3.86,14435.0,14270.0,-1.173
2021-02-23,2021-02-24,-4.78,13745.0,13800.0,0.37
2021-02-24,2021-02-25,-6.11,12905.0,13220.0,2.41
2021-02-26,2021-03-02,-5.8,13230.0,13800.0,4.277
2021-03-04,2021-03-05,-1.49,13870.0,13600.0,-1.976
2021-03-08,2021-03-09,-4.74,13260.0,13220.0,-0.332
2021-03-09,2021-03-10,-1.06,13120.0,13470.0,2.637
2021-03-10,2021-03-11,-0.91,13000.0,13100.0,0.739
2021-03-15,2021-03-16,-1.14,13885.0,14065.0,1.266
2021-03-19,2021-03-22,-0.34,14650.0,14650.0,-0.03
2021-03-23,2021-03-24,-1.01,14650.0,14500.0,-1.054
2021-03-25,2021-03-26,-0.23,14870.0,14980.0,0.71
2021-03-29,2021-03-30,-1.04,14715.0,14720.0,0.004
2021-03-31,2021-04-01,-1.29,14530.0,14600.0,0.452
2021-04-02,2021-04-05,-0.13,14835.0,14860.0,0.138
2021-04-05,2021-04-06,-1.21,14655.0,14750.0,0.618
2021-04-06,2021-04-07,-0.92,14520.0,14520.0,-0.03
2021-04-07,2021-04-08,-0.03,14515.0,14535.0,0.108
2021-04-20,2021-04-21,-0.91,16390.0,16230.0,-1.006
2021-04-21,2021-04-22,-2.68,15950.0,16070.0,0.722
2021-04-27,2021-04-28,-2.52,15670.0,15550.0,-0.796
2021-04-28,2021-04-29,-5.78,14765.0,14815.0,0.309
2021-04-29,2021-04-30,-2.57,14385.0,14405.0,0.109
2021-04-30,2021-05-03,-1.29,14200.0,14220.0,0.111
2021-05-03,2021-05-04,-5.6,13405.0,13300.0,-0.813
2021-05-06,2021-05-07,-0.48,13550.0,13600.0,0.339
2021-05-11,2021-05-12,-4.66,13810.0,13810.0,-0.03
2021-05-12,2021-05-13,-2.53,13460.0,13110.0,-2.63
2021-05-13,2021-05-14,-3.05,13050.0,13195.0,1.081
2021-05-21,2021-05-24,-0.89,13895.0,13790.0,-0.785
2021-05-24,2021-05-25,-3.81,13365.0,13520.0,1.129
2021-05-28,2021-05-31,-0.25,14040.0,14085.0,0.29
2021-06-02,2021-06-03,-2.29,13840.0,13840.0,-0.03
2021-06-04,2021-06-07,-1.52,13920.0,14080.0,1.119
2021-06-07,2021-06-08,-0.43,13860.0,13930.0,0.475
2021-06-09,2021-06-10,-2.54,13610.0,13620.0,0.043
2021-06-11,2021-06-14,-0.04,14120.0,14240.0,0.82
2021-06-15,2021-06-16,-0.76,14340.0,14230.0,-0.797
2021-06-16,2021-06-17,-0.56,14260.0,14100.0,-1.152
2021-06-21,2021-06-22,-0.67,14930.0,15050.0,0.774
2021-06-22,2021-06-23,-0.23,14895.0,14970.0,0.473
2021-06-24,2021-06-25,-0.99,14995.0,15100.0,0.67
2021-06-25,2021-06-28,-1.3,14800.0,14900.0,0.645
2021-07-06,2021-07-07,-1.8,15835.0,15790.0,-0.314
2021-07-08,2021-07-09,-3.05,15415.0,15260.0,-1.035
2021-07-09,2021-07-12,-0.52,15335.0,15485.0,0.948
2021-07-16,2021-07-19,-0.9,15925.0,15800.0,-0.815
2021-07-20,2021-07-21,-0.78,15800.0,15920.0,0.729
2021-07-26,2021-07-27,-1.42,15980.0,16025.0,0.252
2021-07-27,2021-07-28,-0.72,15865.0,15750.0,-0.755
2021-07-28,2021-07-29,-2.74,15430.0,15530.0,0.618
2021-07-30,2021-08-02,-3.42,15105.0,15200.0,0.599
2021-08-03,2021-08-04,-0.26,15460.0,15495.0,0.196
2021-08-10,2021-08-11,-1.73,15895.0,15795.0,-0.659
2021-08-12,2021-08-13,-0.56,15910.0,15930.0,0.096
2021-08-13,2021-08-17,-1.63,15650.0,15595.0,-0.381
2021-08-17,2021-08-18,-4.31,14975.0,14920.0,-0.397
2021-08-19,2021-08-20,-4.6,14715.0,14865.0,0.989
2021-08-20,2021-08-23,-3.53,14195.0,14400.0,1.414
2021-08-27,2021-08-30,-0.28,15765.0,15975.0,1.302
2021-09-02,2021-09-03,-0.79,16400.0,16445.0,0.244
2021-09-08,2021-09-09,-3.44,16160.0,16080.0,-0.525
2021-09-09,2021-09-10,-0.99,16000.0,16050.0,0.282
2021-09-13,2021-09-14,-1.97,15935.0,15975.0,0.221
2021-09-16,2021-09-17,-0.06,16630.0,16580.0,-0.331
2021-09-23,2021-09-24,-0.12,16760.0,16900.0,0.805
2021-09-24,2021-09-27,-0.24,16720.0,16650.0,-0.449
2021-09-27,2021-09-28,-1.35,16495.0,16435.0,-0.394
2021-09-28,2021-09-29,-5.24,15630.0,15355.0,-1.789
2021-09-29,2021-09-30,-1.7,15365.0,15300.0,-0.453
2021-10-01,2021-10-05,-4.38,14860.0,14700.0,-1.106
2021-10-05,2021-10-06,-4.24,14230.0,14390.0,1.094
2021-10-06,2021-10-07,-5.13,13500.0,13760.0,1.895
2021-10-08,2021-10-12,-1.1,14000.0,13880.0,-0.887
2021-10-12,2021-10-13,-3.18,13555.0,13520.0,-0.288
2021-10-20,2021-10-21,-1.46,15165.0,15140.0,-0.195
2021-10-21,2021-10-22,-2.57,14775.0,14720.0,-0.402
2021-10-27,2021-10-28,-0.58,15480.0,15445.0,-0.256
2021-10-28,2021-10-29,-2.36,15115.0,15260.0,0.929
2021-10-29,2021-11-01,-2.15,14790.0,14950.0,1.051
2021-11-03,2021-11-04,-0.32,15425.0,15675.0,1.59
2021-11-08,2021-11-09,-1.04,15625.0,15500.0,-0.83
2021-11-10,2021-11-11,-5.2,15040.0,14955.0,-0.595
2021-11-17,2021-11-18,-2.14,16480.0,16450.0,-0.212
2021-11-22,2021-11-23,-0.86,16750.0,16465.0,-1.731
2021-11-23,2021-11-24,-5.07,15900.0,15910.0,0.033
2021-11-25,2021-11-26,-1.98,15840.0,15870.0,0.159
2021-11-26,2021-11-29,-1.33,15630.0,15360.0,-1.757
2021-11-29,2021-11-30,-0.64,15530.0,15760.0,1.451
2021-11-30,2021-12-01,-3.22,15030.0,15180.0,0.968
2021-12-02,2021-12-03,-1.25,15035.0,15105.0,0.435
2021-12-06,2021-12-07,-2.38,15390.0,15530.0,0.879
2021-12-10,2021-12-13,-3.23,15890.0,16010.0,0.725
2021-12-13,2021-12-14,-1.35,15675.0,15565.0,-0.732
2021-12-14,2021-12-15,-0.67,15570.0,15475.0,-0.64
2021-12-17,2021-12-20,-2.75,15540.0,15460.0,-0.545
2021-12-20,2021-12-21,-1.03,15380.0,15575.0,1.238
2021-12-29,2021-12-30,-3.28,16510.0,16560.0,0.273
2022-01-03,2022-01-04,-0.51,16440.0,16540.0,0.578
2022-01-04,2022-01-05,-2.62,16010.0,15840.0,-1.092
2022-01-05,2022-01-06,-4.84,15235.0,15000.0,-1.572
2022-01-06,2022-01-07,-5.97,14325.0,14450.0,0.842
2022-01-10,2022-01-11,-4.32,13955.0,14045.0,0.615
2022-01-11,2022-01-12,-1.0,13815.0,14090.0,1.96
2022-01-13,2022-01-14,-3.03,14090.0,13830.0,-1.875
2022-01-14,2022-01-17,-3.19,13640.0,13680.0,0.263
2022-01-17,2022-01-18,-1.39,13450.0,13460.0,0.044
2022-01-18,2022-01-19,-2.45,13120.0,12810.0,-2.392
2022-01-19,2022-01-20,-2.74,12760.0,12710.0,-0.422
2022-01-21,2022-01-24,-3.38,12995.0,12900.0,-0.761
2022-01-24,2022-01-25,-4.27,12440.0,12565.0,0.975
2022-01-25,2022-01-26,-4.46,11885.0,11980.0,0.769
2022-01-26,2022-01-27,-3.79,11435.0,11520.0,0.713
2022-01-27,2022-01-28,-8.61,10450.0,10570.0,1.118
2022-02-07,2022-02-08,-2.98,11250.0,11300.0,0.414
2022-02-08,2022-02-09,-0.98,11140.0,11350.0,1.855
2022-02-10,2022-02-11,-4.48,11095.0,10710.0,-3.499
2022-02-11,2022-02-14,-5.59,10475.0,10260.0,-2.082
2022-02-14,2022-02-15,-2.67,10195.0,10230.0,0.313
2022-02-15,2022-02-16,-2.8,9910.0,10280.0,3.702
2022-02-17,2022-02-18,-2.29,10650.0,10305.0,-3.268
2022-02-22,2022-02-23,-2.86,10520.0,10695.0,1.633
2022-02-24,2022-02-25,-6.01,10160.0,10550.0,3.807
2022-03-04,2022-03-07,-4.36,11410.0,11060.0,-3.097
2022-03-07,2022-03-08,-4.38,10910.0,10620.0,-2.687
2022-03-08,2022-03-10,-2.2,10670.0,11210.0,5.029
2022-03-11,2022-03-14,-0.74,11325.0,11350.0,0.191
2022-03-14,2022-03-15,-5.08,10750.0,10660.0,-0.867
2022-03-15,2022-03-16,-0.37,10710.0,11100.0,3.61
2022-03-21,2022-03-22,-2.99,11835.0,11770.0,-0.579
2022-03-24,2022-03-25,-0.82,12045.0,12195.0,1.215
2022-03-28,2022-03-29,-3.31,11670.0,11860.0,1.598
2022-04-01,2022-04-04,-1.54,12130.0,12090.0,-0.36
2022-04-06,2022-04-07,-3.45,12035.0,11850.0,-1.567
2022-04-07,2022-04-08,-1.58,11845.0,11950.0,0.856
2022-04-11,2022-04-12,-4.97,11475.0,11270.0,-1.816
2022-04-12,2022-04-13,-1.66,11285.0,11380.0,0.812
2022-04-14,2022-04-15,-0.3,11720.0,11515.0,-1.779
2022-04-15,2022-04-18,-1.83,11505.0,11420.0,-0.769
2022-04-18,2022-04-19,-1.35,11350.0,11500.0,1.291
2022-04-20,2022-04-21,-1.52,11675.0,11795.0,0.998
2022-04-21,2022-04-22,-0.21,11650.0,11410.0,-2.089
2022-04-22,2022-04-25,-2.66,11340.0,11110.0,-2.058
2022-04-25,2022-04-26,-5.03,10770.0,10950.0,1.641
2022-04-27,2022-04-28,-3.73,10715.0,10830.0,1.043
2022-04-28,2022-04-29,-0.37,10675.0,10715.0,0.345
2022-05-02,2022-05-03,-2.2,10890.0,10915.0,0.2
2022-05-04,2022-05-06,-1.04,10950.0,10660.0,-2.678
2022-05-06,2022-05-09,-4.43,10465.0,10280.0,-1.797
2022-05-09,2022-05-10,-5.3,9910.0,9605.0,-3.107
2022-05-10,2022-05-11,-1.26,9785.0,9620.0,-1.716
2022-05-12,2022-05-13,-8.64,9355.0,9555.0,2.107
2022-05-16,2022-05-17,-0.7,9980.0,10020.0,0.371
2022-05-19,2022-05-20,-3.15,10285.0,10480.0,1.865
2022-05-24,2022-05-25,-6.09,10415.0,10650.0,2.226
2022-05-26,2022-05-27,-0.79,10620.0,10945.0,3.029
2022-06-02,2022-06-03,-1.44,10955.0,11190.0,2.115
2022-06-03,2022-06-07,-0.5,10900.0,10825.0,-0.718
2022-06-07,2022-06-08,-5.92,10255.0,10375.0,1.14
2022-06-10,2022-06-13,-2.05,10275.0,9805.0,-4.603
2022-06-13,2022-06-14,-8.71,9380.0,9180.0,-2.162
2022-06-15,2022-06-16,-4.79,8935.0,9270.0,3.718
2022-06-17,2022-06-20,-1.6,8910.0,9075.0,1.821
2022-06-20,2022-06-21,-4.94,8470.0,8570.0,1.15
2022-06-22,2022-06-23,-8.17,7980.0,7995.0,0.158
2022-06-23,2022-06-24,-5.95,7505.0,7645.0,1.835
2022-06-28,2022-06-29,-1.86,8430.0,8125.0,-3.647
2022-06-29,2022-06-30,-4.8,8025.0,8000.0,-0.341
2022-06-30,2022-07-01,-4.49,7665.0,7805.0,1.796
2022-07-01,2022-07-04,-3.07,7430.0,7480.0,0.643
2022-07-04,2022-07-05,-1.62,7310.0,7495.0,2.5
2022-07-06,2022-07-07,-3.26,7715.0,7870.0,1.978
2022-07-11,2022-07-12,-0.36,8190.0,8000.0,-2.349
2022-07-12,2022-07-13,-4.46,7825.0,7860.0,0.417
2022-07-14,2022-07-15,-0.18,8250.0,8380.0,1.545
2022-07-15,2022-07-18,-0.12,8240.0,8485.0,2.942
2022-07-22,2022-07-25,-2.32,8645.0,8545.0,-1.186
2022-08-02,2022-08-03,-0.66,9020.0,9000.0,-0.252
2022-08-08,2022-08-09,-0.45,9885.0,9860.0,-0.283
2022-08-10,2022-08-11,-4.69,9545.0,9910.0,3.793
2022-08-12,2022-08-16,-1.01,9765.0,9890.0,1.25
2022-08-17,2022-08-18,-1.52,9720.0,9580.0,-1.47
2022-08-18,2022-08-19,-0.82,9640.0,9640.0,-0.03
2022-08-19,2022-08-22,-3.99,9255.0,9030.0,-2.46
2022-08-22,2022-08-23,-4.38,8850.0,8715.0,-1.555
2022-08-23,2022-08-24,-3.84,8510.0,8600.0,1.027
2022-08-26,2022-08-29,-2.84,8905.0,8300.0,-6.822
2022-08-29,2022-08-30,-6.91,8290.0,8395.0,1.236
2022-09-01,2022-09-02,-5.18,8510.0,8665.0,1.791
2022-09-02,2022-09-05,-0.06,8505.0,8495.0,-0.148
2022-09-05,2022-09-06,-3.7,8190.0,8235.0,0.519
2022-09-07,2022-09-08,-2.79,8015.0,8215.0,2.465
2022-09-14,2022-09-15,-6.6,8275.0,8340.0,0.755
2022-09-15,2022-09-16,-1.33,8165.0,8000.0,-2.05
2022-09-16,2022-09-19,-2.69,7945.0,7960.0,0.159
2022-09-19,2022-09-20,-3.96,7630.0,7810.0,2.328
2022-09-21,2022-09-22,-1.81,7590.0,7315.0,-3.652
2022-09-22,2022-09-23,-1.32,7490.0,7420.0,-0.964
2022-09-23,2022-09-26,-5.27,7095.0,6900.0,-2.778
2022-09-26,2022-09-27,-8.46,6495.0,6555.0,0.894
2022-09-28,2022-09-29,-6.7,6270.0,6550.0,4.434
2022-09-30,2022-10-04,-1.42,6260.0,6535.0,4.362
2022-10-05,2022-10-06,-5.14,6370.0,6495.0,1.932
2022-10-07,2022-10-11,-3.7,6500.0,6195.0,-4.721
2022-10-11,2022-10-12,-7.38,6020.0,6020.0,-0.03
2022-10-13,2022-10-14,-4.14,5905.0,6200.0,4.964
2022-10-17,2022-10-18,-0.78,6375.0,6605.0,3.577
2022-10-19,2022-10-20,-3.06,6495.0,6405.0,-1.415
2022-10-20,2022-10-21,-4.39,6210.0,6150.0,-0.996
2022-10-21,2022-10-24,-0.48,6180.0,6510.0,5.308
2022-10-25,2022-10-26,-0.08,6580.0,6590.0,0.122
2022-10-26,2022-10-27,-0.61,6540.0,6615.0,1.116
2022-10-28,2022-10-31,-2.72,6605.0,6790.0,2.77
2022-11-02,2022-11-03,-1.47,6720.0,6410.0,-4.642
2022-11-03,2022-11-04,-2.68,6540.0,6420.0,-1.864
2022-11-04,2022-11-07,-0.46,6510.0,6485.0,-0.414
2022-11-09,2022-11-10,-0.57,6930.0,6770.0,-2.338
2022-11-10,2022-11-11,-3.32,6700.0,7340.0,9.519
2022-11-14,2022-11-15,-2.08,7305.0,7305.0,-0.03
2022-11-16,2022-11-17,-0.9,7690.0,7605.0,-1.135
2022-11-17,2022-11-18,-2.15,7525.0,7510.0,-0.229
2022-11-18,2022-11-21,-2.46,7340.0,7335.0,-0.098
2022-11-21,2022-11-22,-4.5,7010.0,6955.0,-0.814
2022-11-22,2022-11-23,-2.57,6830.0,6975.0,2.092
2022-11-25,2022-11-28,-2.7,7220.0,7125.0,-1.345
2022-11-28,2022-11-29,-4.57,6890.0,6800.0,-1.336
2022-12-02,2022-12-05,-4.37,7110.0,7200.0,1.235
2022-12-06,2022-12-07,-4.24,6895.0,6820.0,-1.117
2022-12-12,2022-12-13,-2.79,6805.0,6900.0,1.366
2022-12-15,2022-12-16,-3.28,6925.0,6655.0,-3.928
2022-12-16,2022-12-19,-2.96,6720.0,6675.0,-0.699
2022-12-20,2022-12-21,-4.3,6460.0,6585.0,1.904
2022-12-23,2022-12-26,-7.43,6355.0,6380.0,0.363
2022-12-28,2022-12-29,-5.49,6375.0,6285.0,-1.441
2022-12-29,2023-01-02,-3.84,6130.0,6250.0,1.927
2023-01-02,2023-01-03,-1.63,6030.0,6075.0,0.716
2023-01-05,2023-01-06,-2.11,6030.0,5950.0,-1.356
2023-01-10,2023-01-11,-3.7,6245.0,6370.0,1.971
2023-01-13,2023-01-16,-0.98,6535.0,6585.0,0.735
2023-01-17,2023-01-18,-3.78,6370.0,6405.0,0.519
2023-01-27,2023-01-30,-0.14,6960.0,7005.0,0.616
2023-01-30,2023-01-31,-1.87,6830.0,6775.0,-0.835
2023-02-06,2023-02-07,-1.86,7375.0,7375.0,-0.03
2023-02-10,2023-02-13,-2.72,7860.0,7780.0,-1.048
2023-02-15,2023-02-16,-3.35,7785.0,8000.0,2.731
2023-02-17,2023-02-20,-3.93,8075.0,8140.0,0.775
2023-02-22,2023-02-23,-5.32,8190.0,8295.0,1.252
2023-02-24,2023-02-27,-1.81,8125.0,7975.0,-1.876
2023-03-02,2023-03-03,-2.48,8250.0,8395.0,1.727
2023-03-07,2023-03-08,-0.44,9100.0,8855.0,-2.721
2023-03-09,2023-03-10,-1.98,8920.0,8665.0,-2.888
2023-03-10,2023-03-13,-5.04,8470.0,8470.0,-0.03
2023-03-14,2023-03-15,-7.66,8020.0,8335.0,3.897
2023-03-16,2023-03-17,-0.12,8525.0,8800.0,3.195
2023-04-06,2023-04-07,-1.21,10580.0,10760.0,1.671
2023-04-12,2023-04-13,-4.01,11735.0,11500.0,-2.032
2023-04-13,2023-04-14,-0.17,11715.0,11940.0,1.89
2023-04-18,2023-04-19,-0.29,12065.0,12020.0,-0.403
2023-04-19,2023-04-20,-1.37,11900.0,11805.0,-0.828
2023-04-20,2023-04-21,-5.8,11210.0,11130.0,-0.743
2023-04-21,2023-04-24,-4.37,10720.0,10655.0,-0.636
2023-04-24,2023-04-25,-3.59,10335.0,10415.0,0.744
2023-04-25,2023-04-26,-2.52,10075.0,10045.0,-0.328
2023-04-26,2023-04-27,-0.5,10025.0,9995.0,-0.329
2023-04-28,2023-05-02,-0.7,10665.0,10710.0,0.392
2023-05-03,2023-05-04,-5.33,10395.0,10315.0,-0.799
2023-05-08,2023-05-09,-1.1,10385.0,10330.0,-0.559
2023-05-09,2023-05-10,-2.41,10135.0,10105.0,-0.326
2023-05-10,2023-05-11,-2.07,9925.0,10095.0,1.682
2023-05-11,2023-05-12,-2.92,9635.0,9555.0,-0.86
2023-05-12,2023-05-15,-0.42,9595.0,9450.0,-1.541
2023-05-15,2023-05-16,-1.35,9465.0,9630.0,1.713
2023-05-18,2023-05-19,-0.89,10075.0,10245.0,1.657
2023-05-24,2023-05-25,-1.16,10685.0,10750.0,0.578
2023-05-25,2023-05-26,-2.71,10395.0,10460.0,0.595
2023-05-26,2023-05-30,-0.53,10340.0,10535.0,1.855
2023-06-05,2023-06-07,-0.4,11100.0,11100.0,-0.03
2023-06-08,2023-06-09,-2.66,11175.0,11375.0,1.759
2023-06-14,2023-06-15,-7.89,11150.0,11335.0,1.629
2023-06-20,2023-06-21,-1.76,11450.0,11430.0,-0.205
2023-06-21,2023-06-22,-3.32,11070.0,10890.0,-1.656
2023-06-23,2023-06-26,-0.45,11100.0,11100.0,-0.03
2023-06-27,2023-06-28,-2.32,10955.0,11110.0,1.384
2023-06-28,2023-06-29,-2.51,10680.0,10750.0,0.625
2023-06-29,2023-06-30,-0.42,10635.0,10665.0,0.252
2023-07-04,2023-07-05,-0.47,11700.0,11645.0,-0.5
2023-07-06,2023-07-07,-4.64,11300.0,11260.0,-0.384
2023-07-07,2023-07-10,-0.4,11255.0,11265.0,0.059
2023-07-10,2023-07-11,-2.31,10995.0,11185.0,1.698
2023-07-12,2023-07-13,-0.47,11555.0,11690.0,1.138
2023-07-26,2023-07-27,-8.75,13920.0,13935.0,0.078
2023-07-27,2023-07-28,-7.33,12900.0,12745.0,-1.231
2023-08-01,2023-08-02,-0.71,14670.0,14335.0,-2.313
2023-08-02,2023-08-03,-8.62,13405.0,13515.0,0.79
2023-08-04,2023-08-07,-1.99,13810.0,13545.0,-1.948
2023-08-07,2023-08-08,-7.97,12710.0,12800.0,0.678
2023-08-08,2023-08-09,-0.51,12645.0,12600.0,-0.386
2023-08-11,2023-08-14,-1.98,13090.0,12915.0,-1.366
2023-08-14,2023-08-16,-3.59,12620.0,12400.0,-1.773
2023-08-16,2023-08-17,-5.11,11975.0,11885.0,-0.781
2023-08-18,2023-08-21,-2.61,12145.0,12275.0,1.04
2023-08-23,2023-08-24,-4.25,12400.0,12790.0,3.114
2023-08-25,2023-08-28,-0.08,12945.0,13210.0,2.017
2023-09-01,2023-09-04,-3.11,12950.0,12840.0,-0.879
2023-09-04,2023-09-05,-0.93,12830.0,12750.0,-0.653
2023-09-05,2023-09-06,-1.36,12655.0,12745.0,0.681
2023-09-06,2023-09-07,-1.86,12420.0,12300.0,-0.996
2023-09-07,2023-09-08,-3.38,12000.0,12050.0,0.387
2023-09-11,2023-09-12,-1.06,12140.0,12330.0,1.535
2023-09-12,2023-09-13,-2.22,11870.0,11815.0,-0.493
2023-09-13,2023-09-14,-2.95,11520.0,11635.0,0.968
2023-09-15,2023-09-18,-0.04,11900.0,11660.0,-2.046
2023-09-18,2023-09-19,-1.51,11720.0,11675.0,-0.414
2023-09-19,2023-09-20,-1.24,11575.0,11545.0,-0.289
2023-09-21,2023-09-22,-4.56,11185.0,10955.0,-2.086
2023-09-22,2023-09-25,-0.27,11155.0,11130.0,-0.254
2023-09-25,2023-09-26,-4.12,10695.0,10735.0,0.344
2023-09-26,2023-09-27,-2.76,10400.0,10275.0,-1.232
2023-10-04,2023-10-05,-8.27,9810.0,10105.0,2.976
2023-10-05,2023-10-06,-0.46,9765.0,9840.0,0.738
2023-10-10,2023-10-11,-5.44,9475.0,9740.0,2.766
2023-10-13,2023-10-16,-3.45,10225.0,9900.0,-3.208
2023-10-16,2023-10-17,-1.81,10040.0,10230.0,1.862
2023-10-18,2023-10-19,-3.08,9910.0,9510.0,-4.065
2023-10-19,2023-10-20,-5.65,9350.0,9095.0,-2.756
2023-10-20,2023-10-23,-3.96,8980.0,8920.0,-0.698
2023-10-23,2023-10-24,-0.72,8915.0,9115.0,2.213
2023-10-25,2023-10-26,-6.18,8885.0,8335.0,-6.218
2023-10-26,2023-10-27,-7.43,8225.0,8405.0,2.158
2023-10-31,2023-11-01,-6.72,7980.0,8155.0,2.162
2023-11-01,2023-11-02,-0.13,7970.0,8345.0,4.674
2023-11-07,2023-11-08,-8.79,10325.0,10295.0,-0.32
2023-11-08,2023-11-09,-5.04,9805.0,9935.0,1.295
2023-11-09,2023-11-10,-1.58,9650.0,9330.0,-3.345
2023-11-10,2023-11-13,-4.04,9260.0,9545.0,3.047
2023-11-13,2023-11-14,-3.35,8950.0,9125.0,1.925
2023-11-16,2023-11-17,-0.46,9730.0,9585.0,-1.52
2023-11-17,2023-11-20,-4.42,9300.0,9260.0,-0.46
2023-11-22,2023-11-23,-1.43,9635.0,9635.0,-0.03
2023-11-24,2023-11-27,-1.59,9565.0,9560.0,-0.082
2023-11-27,2023-11-28,-0.89,9480.0,9560.0,0.814
2023-12-01,2023-12-04,-0.88,10080.0,10340.0,2.549
2023-12-05,2023-12-06,-3.7,9755.0,9835.0,0.79
2023-12-07,2023-12-08,-1.92,9730.0,9890.0,1.614
2023-12-13,2023-12-14,-3.38,10160.0,10600.0,4.299
2023-12-21,2023-12-22,-1.45,11225.0,11330.0,0.905
2023-12-22,2023-12-26,-2.23,10975.0,10995.0,0.152
2023-12-26,2023-12-27,-1.78,10780.0,10895.0,1.036
2024-01-03,2024-01-04,-3.97,11115.0,10895.0,-2.009
2024-01-04,2024-01-05,-1.66,10930.0,10915.0,-0.167
2024-01-08,2024-01-09,-0.27,11270.0,11495.0,1.966
2024-01-10,2024-01-11,-2.81,11080.0,11185.0,0.917
2024-01-12,2024-01-15,-3.92,10910.0,10830.0,-0.763
2024-01-15,2024-01-16,-3.07,10575.0,10420.0,-1.495
2024-01-16,2024-01-17,-1.09,10460.0,10545.0,0.782
2024-01-17,2024-01-18,-4.59,9980.0,10000.0,0.17
2024-01-19,2024-01-22,-1.24,9955.0,10095.0,1.376
2024-01-22,2024-01-23,-2.41,9715.0,9645.0,-0.75
2024-01-23,2024-01-24,-0.1,9705.0,9710.0,0.022
2024-01-24,2024-01-25,-1.29,9580.0,9420.0,-1.7
2024-01-25,2024-01-26,-2.77,9315.0,9110.0,-2.23
2024-01-29,2024-01-30,-3.88,9415.0,9600.0,1.934
2024-01-31,2024-02-01,-4.8,9025.0,8965.0,-0.695
2024-02-05,2024-02-06,-3.12,9330.0,9230.0,-1.101
2024-02-06,2024-02-07,-0.91,9245.0,9380.0,1.43
2024-02-27,2024-02-28,-3.45,10780.0,10920.0,1.268
2024-03-05,2024-03-06,-0.94,11595.0,11360.0,-2.056
2024-03-07,2024-03-08,-1.5,11525.0,11690.0,1.401
2024-03-13,2024-03-14,-0.63,12610.0,12545.0,-0.545
2024-03-15,2024-03-18,-2.65,12290.0,12335.0,0.336
2024-03-20,2024-03-21,-0.47,12690.0,12965.0,2.136
2024-03-27,2024-03-28,-1.72,13730.0,13720.0,-0.103
2024-03-28,2024-03-29,-0.73,13630.0,13685.0,0.373
2024-03-29,2024-04-01,-2.24,13325.0,13455.0,0.945
2024-04-02,2024-04-03,-6.3,12565.0,12300.0,-2.138
2024-04-03,2024-04-04,-3.62,12110.0,12310.0,1.621
2024-04-05,2024-04-08,-3.14,11740.0,11655.0,-0.754
2024-04-08,2024-04-09,-1.53,11560.0,11660.0,0.835
2024-04-09,2024-04-11,-0.13,11545.0,11240.0,-2.671
2024-04-11,2024-04-12,-0.17,11525.0,11575.0,0.404
2024-04-12,2024-04-15,-0.61,11455.0,11300.0,-1.383
2024-04-15,2024-04-16,-0.65,11380.0,11130.0,-2.226
2024-04-16,2024-04-17,-4.35,10885.0,11055.0,1.531
2024-04-17,2024-04-18,-1.56,10715.0,10765.0,0.437
2024-04-19,2024-04-22,-2.38,11080.0,11270.0,1.684
2024-04-23,2024-04-24,-0.09,11310.0,11750.0,3.859
2024-04-25,2024-04-26,-2.7,11510.0,11750.0,2.055
2024-04-30,2024-05-02,-0.17,11935.0,11805.0,-1.119
2024-05-02,2024-05-03,-0.75,11845.0,11975.0,1.067
2024-05-03,2024-05-07,-1.06,11720.0,12060.0,2.87
2024-05-09,2024-05-10,-1.23,11685.0,11810.0,1.039
2024-05-10,2024-05-13,-1.71,11485.0,11530.0,0.362
2024-05-13,2024-05-14,-3.61,11070.0,11125.0,0.467
2024-05-17,2024-05-20,-8.95,10380.0,10500.0,1.126
2024-05-23,2024-05-24,-0.67,10390.0,10195.0,-1.906
2024-05-24,2024-05-27,-1.88,10195.0,10245.0,0.46
2024-05-28,2024-05-29,-0.29,10495.0,10425.0,-0.697
2024-05-29,2024-05-30,-3.53,10125.0,9985.0,-1.412
2024-05-30,2024-05-31,-1.43,9980.0,10060.0,0.771
2024-06-10,2024-06-11,-2.2,11090.0,11170.0,0.691
2024-06-13,2024-06-14,-0.44,11300.0,11300.0,-0.03
2024-06-14,2024-06-17,-2.92,10970.0,10860.0,-1.032
2024-06-17,2024-06-18,-0.23,10945.0,11110.0,1.477
2024-06-20,2024-06-21,-1.14,10855.0,10705.0,-1.411
2024-06-21,2024-06-24,-0.37,10815.0,10800.0,-0.169
2024-06-24,2024-06-25,-2.64,10530.0,10500.0,-0.315
2024-06-26,2024-06-27,-0.9,10510.0,10400.0,-1.076
2024-07-02,2024-07-03,-5.0,10360.0,10595.0,2.238
2024-07-10,2024-07-11,-0.85,11645.0,11790.0,1.215
2024-07-11,2024-07-12,-1.8,11435.0,11265.0,-1.516
2024-07-12,2024-07-15,-0.57,11370.0,11430.0,0.498
2024-07-16,2024-07-17,-3.37,11035.0,11035.0,-0.03
2024-07-17,2024-07-18,-3.22,10680.0,10470.0,-1.996
2024-07-18,2024-07-19,-1.03,10570.0,10425.0,-1.401
2024-07-22,2024-07-23,-4.93,10210.0,10315.0,0.998
2024-07-25,2024-07-26,-4.1,9935.0,10040.0,1.027
2024-07-26,2024-07-29,-0.25,9910.0,9970.0,0.575
2024-07-31,2024-08-01,-0.49,10140.0,10250.0,1.054
2024-08-02,2024-08-05,-8.63,9530.0,9255.0,-2.915
2024-08-05,2024-08-06,-19.2,7700.0,8280.0,7.5
2024-08-08,2024-08-09,-1.77,8585.0,8970.0,4.453
2024-08-13,2024-08-14,-1.36,9055.0,9310.0,2.785
2024-08-19,2024-08-20,-3.16,9350.0,9520.0,1.788
2024-08-21,2024-08-22,-2.67,9285.0,9375.0,0.939
2024-08-22,2024-08-23,-1.02,9190.0,8970.0,-2.423
2024-08-26,2024-08-27,-1.99,9095.0,9055.0,-0.47
2024-08-27,2024-08-28,-1.32,8975.0,8970.0,-0.086
2024-08-28,2024-08-29,-0.06,8970.0,8740.0,-2.593
2024-08-29,2024-08-30,-1.56,8830.0,8860.0,0.31
2024-09-03,2024-09-04,-3.4,8950.0,8410.0,-6.062
2024-09-04,2024-09-05,-8.32,8205.0,8300.0,1.127
2024-09-05,2024-09-06,-1.46,8085.0,8035.0,-0.648
2024-09-06,2024-09-09,-5.63,7630.0,7480.0,-1.995
2024-09-10,2024-09-11,-3.53,7520.0,7590.0,0.901
2024-09-25,2024-09-26,-3.68,8900.0,9040.0,1.543
2024-09-27,2024-09-30,-1.7,9250.0,9355.0,1.105
2024-09-30,2024-10-02,-2.59,9010.0,8830.0,-2.027
2024-10-08,2024-10-10,-0.1,9560.0,9665.0,1.068
2024-10-10,2024-10-11,-0.89,9475.0,9420.0,-0.61
2024-10-11,2024-10-14,-2.32,9255.0,9205.0,-0.57
2024-10-14,2024-10-15,-0.92,9170.0,9270.0,1.06
2024-10-16,2024-10-17,-2.9,9030.0,9060.0,0.302
2024-10-17,2024-10-18,-0.22,9010.0,9005.0,-0.085
2024-10-18,2024-10-21,-3.66,8680.0,8725.0,0.488
2024-10-22,2024-10-23,-6.47,8380.0,8440.0,0.686
2024-10-24,2024-10-25,-2.85,8365.0,8470.0,1.225
2024-10-25,2024-10-28,-1.79,8215.0,8260.0,0.518
2024-10-30,2024-10-31,-2.62,8535.0,8370.0,-1.963
2024-11-01,2024-11-04,-4.66,8285.0,8295.0,0.091
2024-11-05,2024-11-06,-1.92,8960.0,9095.0,1.476
2024-11-06,2024-11-07,-3.12,8680.0,8615.0,-0.779
2024-11-07,2024-11-08,-3.69,8360.0,8590.0,2.72
2024-11-11,2024-11-12,-3.0,8400.0,8395.0,-0.09
2024-11-12,2024-11-13,-3.1,8140.0,8090.0,-0.644
2024-11-13,2024-11-14,-5.84,7665.0,7745.0,1.013
2024-11-14,2024-11-15,-2.8,7450.0,7330.0,-1.64
2024-11-19,2024-11-20,-3.77,7395.0,7480.0,1.119
2024-11-20,2024-11-21,-1.83,7260.0,7260.0,-0.03
2024-11-22,2024-11-25,-4.05,6980.0,7165.0,2.62
2024-11-26,2024-11-27,-3.77,7280.0,7275.0,-0.099
2024-11-27,2024-11-28,-0.76,7225.0,7300.0,1.008
2024-11-29,2024-12-02,-5.58,6850.0,6975.0,1.794
2024-12-04,2024-12-05,-2.98,7005.0,7020.0,0.184
2024-12-05,2024-12-06,-1.36,6910.0,6940.0,0.404
2024-12-06,2024-12-09,-1.3,6820.0,6570.0,-3.695
2024-12-09,2024-12-10,-9.38,6180.0,6385.0,3.286
2024-12-17,2024-12-18,-2.05,6935.0,6955.0,0.258
2024-12-19,2024-12-20,-5.2,6650.0,6600.0,-0.782
2024-12-20,2024-12-23,-4.59,6345.0,6500.0,2.412
2024-12-26,2024-12-27,-0.68,6565.0,6545.0,-0.335
2024-12-27,2024-12-30,-2.21,6420.0,6345.0,-1.198
2025-01-10,2025-01-13,-1.72,7415.0,7260.0,-2.12
2025-01-13,2025-01-14,-3.64,7145.0,7240.0,1.299
2025-01-15,2025-01-16,-2.09,7265.0,7475.0,2.86
2025-01-21,2025-01-22,-0.13,7675.0,7770.0,1.207
2025-01-23,2025-01-24,-1.21,7740.0,7760.0,0.228
2025-02-03,2025-02-04,-7.79,7275.0,7525.0,3.405
2025-02-11,2025-02-12,-0.54,8245.0,8200.0,-0.576
2025-02-12,2025-02-13,-0.67,8190.0,8250.0,0.702
2025-02-20,2025-02-21,-2.52,8715.0,8675.0,-0.489
2025-02-25,2025-02-26,-1.23,8850.0,8810.0,-0.482
2025-02-28,2025-03-04,-8.23,8250.0,8130.0,-1.484
2025-03-04,2025-03-05,-1.21,8150.0,8285.0,1.626
2025-03-06,2025-03-07,-4.52,7920.0,7800.0,-1.545
2025-03-07,2025-03-10,-2.21,7745.0,7640.0,-1.385
2025-03-10,2025-03-11,-1.16,7655.0,7260.0,-5.188
2025-03-11,2025-03-12,-1.7,7525.0,7520.0,-0.096
2025-03-13,2025-03-14,-2.1,7475.0,7550.0,0.973
2025-03-19,2025-03-20,-2.64,7930.0,8050.0,1.483
2025-03-20,2025-03-21,-5.17,7520.0,7295.0,-3.021
2025-03-21,2025-03-24,-3.46,7260.0,7355.0,1.278
2025-03-25,2025-03-26,-3.11,7165.0,7250.0,1.156
2025-03-27,2025-03-28,-2.82,7070.0,7085.0,0.182
2025-03-28,2025-03-31,-3.96,6790.0,6520.0,-4.005
2025-03-31,2025-04-01,-5.67,6405.0,6505.0,1.531
2025-04-02,2025-04-03,-2.74,6575.0,6215.0,-5.504
2025-04-03,2025-04-04,-0.46,6545.0,6400.0,-2.245
2025-04-07,2025-04-08,-11.3,5890.0,6170.0,4.722
2025-04-09,2025-04-10,-5.29,5730.0,6350.0,10.787
2025-04-16,2025-04-17,-5.42,6550.0,6610.0,0.886
2025-04-21,2025-04-22,-1.22,6900.0,6805.0,-1.406
2025-04-22,2025-04-23,-0.14,6890.0,7105.0,3.09
2025-04-24,2025-04-25,-0.42,7160.0,7215.0,0.738
2025-04-28,2025-04-29,-3.06,6965.0,7005.0,0.544
2025-04-30,2025-05-02,-2.82,6890.0,6825.0,-0.973
2025-05-07,2025-05-08,-1.14,6950.0,6970.0,0.258
2025-05-09,2025-05-12,-2.34,6890.0,6920.0,0.405
2025-05-15,2025-05-16,-1.54,7025.0,7030.0,0.041
2025-05-16,2025-05-19,-2.63,6840.0,6700.0,-2.076
2025-05-19,2025-05-20,-3.07,6630.0,6760.0,1.93
2025-05-20,2025-05-21,-0.83,6575.0,6645.0,1.034
2025-05-22,2025-05-23,-0.52,6700.0,6755.0,0.791
2025-05-23,2025-05-26,-0.52,6665.0,6760.0,1.395
2025-05-30,2025-06-02,-0.35,7145.0,7125.0,-0.31
2025-06-13,2025-06-16,-5.9,7820.0,7880.0,0.737
2025-06-17,2025-06-18,-0.95,7845.0,7725.0,-1.559
2025-06-23,2025-06-24,-2.37,8020.0,8300.0,3.46
2025-06-25,2025-06-26,-0.48,8335.0,8370.0,0.39
2025-06-26,2025-06-27,-2.46,8130.0,8145.0,0.154
2025-06-27,2025-06-30,-1.41,8015.0,8020.0,0.032
2025-06-30,2025-07-01,-0.37,7985.0,7995.0,0.095
2025-07-01,2025-07-02,-0.19,7970.0,7990.0,0.221
2025-07-04,2025-07-07,-5.58,7870.0,7810.0,-0.792
2025-07-21,2025-07-22,-0.32,9350.0,9370.0,0.184
2025-07-22,2025-07-23,-2.67,9100.0,9200.0,1.069
2025-07-24,2025-07-25,-0.33,9150.0,9065.0,-0.959
2025-07-25,2025-07-28,-1.48,9015.0,9075.0,0.635
2025-07-29,2025-07-30,-0.94,8970.0,8935.0,-0.42
2025-07-30,2025-07-31,-0.45,8930.0,9015.0,0.922
2025-08-01,2025-08-04,-9.28,8160.0,8205.0,0.521
2025-08-07,2025-08-08,-0.34,8890.0,8930.0,0.42
2025-08-12,2025-08-13,-1.32,8975.0,9200.0,2.476
2025-08-18,2025-08-19,-4.88,8865.0,8930.0,0.703
2025-08-19,2025-08-20,-2.31,8660.0,8450.0,-2.454
2025-08-20,2025-08-21,-1.73,8510.0,8505.0,-0.089
2025-08-21,2025-08-22,-1.18,8410.0,8445.0,0.386
2025-08-28,2025-08-29,-1.67,8810.0,8875.0,0.708
2025-08-29,2025-09-01,-1.02,8720.0,8675.0,-0.546
2025-09-01,2025-09-02,-1.95,8550.0,8635.0,0.964
2025-09-17,2025-09-18,-1.91,9755.0,9895.0,1.405
2025-09-23,2025-09-24,-1.23,10410.0,10385.0,-0.27
2025-09-24,2025-09-25,-3.17,10080.0,9955.0,-1.27
2025-09-25,2025-09-26,-2.28,9850.0,9650.0,-2.06
2025-09-26,2025-09-29,-3.91,9465.0,9575.0,1.132
2025-09-30,2025-10-01,-1.13,9605.0,9670.0,0.647
2025-10-13,2025-10-14,-0.05,9905.0,9960.0,0.525
2025-10-14,2025-10-15,-3.18,9590.0,9710.0,1.221
2025-10-21,2025-10-22,-0.61,10505.0,10550.0,0.398
2025-10-23,2025-10-24,-1.96,10525.0,10700.0,1.632
2025-10-29,2025-10-30,-0.82,11550.0,11585.0,0.273
2025-10-30,2025-10-31,-1.95,11325.0,11345.0,0.147
2025-11-05,2025-11-06,-5.73,11925.0,12200.0,2.275
2025-11-06,2025-11-07,-0.25,11895.0,11520.0,-3.182
2025-11-07,2025-11-10,-5.63,11225.0,11380.0,1.35
2025-11-11,2025-11-12,-1.05,11290.0,11500.0,1.829
2025-11-14,2025-11-17,-4.57,11995.0,12095.0,0.803
2025-11-18,2025-11-19,-4.58,11575.0,11520.0,-0.505
2025-11-19,2025-11-20,-2.81,11250.0,11565.0,2.769
2025-11-21,2025-11-24,-6.96,11025.0,11245.0,1.965
2025-11-24,2025-11-25,-3.4,10650.0,10875.0,2.082
2025-11-25,2025-11-26,-0.8,10565.0,10770.0,1.91
2025-12-03,2025-12-04,-0.32,12555.0,12530.0,-0.229
2025-12-04,2025-12-05,-1.35,12385.0,12300.0,-0.716
2025-12-05,2025-12-08,-3.31,11975.0,12125.0,1.222
2025-12-11,2025-12-12,-1.73,12195.0,12150.0,-0.399
2025-12-12,2025-12-15,-0.94,12080.0,11740.0,-2.844
2025-12-15,2025-12-16,-0.33,12040.0,11915.0,-1.068
2025-12-16,2025-12-17,-5.36,11395.0,11485.0,0.76
2025-12-17,2025-12-18,-0.97,11285.0,10980.0,-2.732
2025-12-18,2025-12-19,-3.28,10915.0,11080.0,1.481
2025-12-23,2025-12-24,-1.52,11345.0,11380.0,0.278
2025-12-24,2025-12-26,-0.71,11265.0,11350.0,0.724
2025-12-30,2026-01-02,-1.93,11455.0,11550.0,0.799
2026-01-07,2026-01-08,-1.82,12115.0,12135.0,0.135
2026-01-08,2026-01-09,-0.17,12095.0,12135.0,0.301
2026-01-12,2026-01-13,-0.87,12010.0,12125.0,0.927
2026-01-14,2026-01-15,-1.99,11800.0,11730.0,-0.623
2026-01-21,2026-01-22,-9.18,11420.0,11690.0,2.334
2026-01-30,2026-02-02,-4.64,19720.0,18670.0,-5.353
2026-02-02,2026-02-03,-11.46,17460.0,18950.0,8.501
2026-02-04,2026-02-05,-1.21,18765.0,18160.0,-3.253
2026-02-05,2026-02-06,-8.82,17110.0,15755.0,-7.947
2026-02-06,2026-02-09,-6.49,16000.0,17000.0,6.218
2026-02-10,2026-02-11,-4.91,16945.0,17200.0,1.474
2026-02-11,2026-02-12,-0.27,16900.0,17095.0,1.124
2026-02-13,2026-02-19,-4.31,16660.0,17335.0,4.02
2026-02-20,2026-02-23,-1.23,18890.0,19375.0,2.537
2026-02-23,2026-02-24,-2.7,18380.0,18660.0,1.493
2026-03-03,2026-03-04,-10.05,18400.0,17400.0,-5.463
2026-03-04,2026-03-05,-27.72,13300.0,15550.0,16.882
2026-03-09,2026-03-10,-6.89,16965.0,18605.0,9.634
2026-03-11,2026-03-12,-3.75,16825.0,16490.0,-2.02
2026-03-16,2026-03-17,-2.62,16700.0,17295.0,3.532
2026-03-19,2026-03-20,-4.3,16900.0,17265.0,2.129
2026-03-23,2026-03-24,-10.64,15575.0,16705.0,7.223
2026-03-26,2026-03-27,-3.98,16660.0,16000.0,-3.99
2026-03-30,2026-03-31,-6.14,15890.0,15520.0,-2.358
2026-03-31,2026-04-01,-11.14,14120.0,15145.0,7.227
2026-04-02,2026-04-03,-11.58,13895.0,14385.0,3.495
2026-04-03,2026-04-06,-0.22,13865.0,13865.0,-0.03
2026-04-06,2026-04-07,-2.99,13450.0,13585.0,0.973
2026-04-07,2026-04-08,-0.93,13325.0,14675.0,10.098
2026-04-09,2026-04-10,-2.82,14315.0,14685.0,2.554
2026-04-13,2026-04-14,-0.14,14505.0,15080.0,3.933
2026-04-17,2026-04-20,-0.06,16095.0,16165.0,0.405
2026-04-22,2026-04-23,-0.45,16605.0,16835.0,1.355
2026-04-23,2026-04-24,-1.48,16360.0,16370.0,0.031
2026-04-28,2026-04-29,-2.61,17505.0,17470.0,-0.23
2026-04-30,2026-05-04,-5.86,16615.0,17095.0,2.858
2026-05-07,2026-05-08,-1.8,16885.0,16900.0,0.059
2026-05-11,2026-05-12,-0.56,16910.0,17000.0,0.502
2026-05-12,2026-05-13,-5.5,15980.0,16075.0,0.564
2026-05-15,2026-05-18,-9.45,14995.0,14660.0,-2.263
2026-05-18,2026-05-19,-4.8,14275.0,14490.0,1.476
2026-05-19,2026-05-20,-3.89,13720.0,13560.0,-1.196
2026-05-20,2026-05-21,-6.01,12895.0,13510.0,4.738
2026-05-27,2026-05-28,-5.06,15660.0,15925.0,1.662
2026-05-28,2026-05-29,-3.58,15100.0,15395.0,1.923
2026-05-29,2026-06-01,-4.14,14475.0,14390.0,-0.617
2026-06-01,2026-06-02,-2.87,14060.0,13850.0,-1.523
2026-06-02,2026-06-04,-5.19,13330.0,13790.0,3.42
2026-06-05,2026-06-08,-10.92,12690.0,11045.0,-12.989
2026-06-08,2026-06-09,-19.86,10170.0,10525.0,3.46
2026-06-10,2026-06-11,-2.34,11050.0,10650.0,-3.649
2026-06-16,2026-06-17,-5.63,12665.0,12810.0,1.115
2026-06-18,2026-06-19,-6.26,12430.0,12515.0,0.654
2026-06-19,2026-06-22,-7.04,11555.0,11345.0,-1.847
2026-06-23,2026-06-24,-15.8,10175.0,10305.0,1.247
2026-06-25,2026-06-26,-5.11,10030.0,9975.0,-0.578
2026-06-26,2026-06-29,-7.98,9230.0,9575.0,3.707
2026-06-30,2026-07-01,-1.69,10735.0,10785.0,0.436
2026-07-02,2026-07-03,-14.1,9320.0,9410.0,0.935
2026-07-03,2026-07-06,-2.9,9050.0,9020.0,-0.361
2026-07-06,2026-07-07,-6.46,8465.0,8340.0,-1.506
2026-07-07,2026-07-08,-2.84,8225.0,7840.0,-4.709
2026-07-08,2026-07-09,-12.46,7200.0,7345.0,1.983
2026-07-13,2026-07-14,-8.14,7340.0,7330.0,-0.166
2026-07-14,2026-07-15,-5.59,6930.0,7320.0,5.596
2026-07-16,2026-07-20,-11.02,6985.0,6655.0,-4.753
2026-07-20,2026-07-21,-13.6,6035.0,6000.0,-0.61
2026-07-22,2026-07-23,-2.15,5930.0,6105.0,2.92
2026-07-24,2026-07-27,-12.83,5875.0,6155.0,4.735
2026-07-28,2026-07-29,-16.21,5245.0,5340.0,1.781
2026-07-29,2026-07-30,-12.2,4605.0,4400.0,-4.48
2026-07-30,2026-07-31,-10.53,4120.0,4700.0,14.043
2026-08-12,2026-08-13,-0.9,7680.0,7705.0,0.295
2026-08-18,2026-08-19,-8.45,7155.0,6715.0,-6.178
2026-08-21,2026-08-24,-11.02,6745.0,6745.0,-0.03
2026-08-26,2026-08-27,-1.59,7105.0,7110.0,0.04
2026-08-28,2026-08-31,-0.6,7395.0,7025.0,-5.032
2026-08-31,2026-09-01,-1.83,7260.0,7080.0,-2.509
2026-09-01,2026-09-02,-5.58,6855.0,6445.0,-6.009
2026-09-02,2026-09-03,-4.6,6540.0,6735.0,2.951
2026-09-03,2026-09-04,-4.89,6220.0,6445.0,3.586
2026-09-08,2026-09-09,-4.78,6570.0,6550.0,-0.334
2026-09-11,2026-09-14,-7.05,6720.0,6370.0,-5.237
2026-09-14,2026-09-15,-4.02,6450.0,6400.0,-0.805
2026-09-22,2026-09-23,-1.88,6775.0,6915.0,2.036
2026-09-28,2026-09-29,-0.29,6960.0,6980.0,0.257
