trade_day,code,name,entry_time,entry_price,pivot,stop,chg_pct,exit_time,exit_price,reason,ret_pct
2026-07-01,475150,SK이터닉스,09:18,56656.6,56600.0,52800.0,9.59,09:58,58356.3,TAKE_PROFIT,2.763
2026-07-01,347700,스피어,10:18,27027.0,27000.0,26500.0,15.75,11:25,27837.8,TAKE_PROFIT,2.763
2026-07-01,347700,스피어,11:41,27877.8,27850.0,27300.0,19.39,12:16,27272.7,STOP_LOSS,-2.396
2026-07-01,347700,스피어,12:36,27977.9,27950.0,27300.0,19.82,13:20,28817.3,TAKE_PROFIT,2.763
2026-07-01,347700,스피어,13:51,29779.7,29750.0,29050.0,27.54,14:26,29021.0,STOP_LOSS,-2.772
2026-07-02,006340,대원전선,09:11,14084.1,14070.0,13500.0,5.1,09:12,14506.6,TAKE_PROFIT,2.763
2026-07-02,003490,대한항공,10:31,29229.2,29200.0,28900.0,5.14,13:41,28871.1,STOP_LOSS,-1.452
2026-07-03,477850,마키나락스,09:22,24474.4,24450.0,22100.0,14.9,09:29,25208.7,TAKE_PROFIT,2.763
2026-07-03,419050,삼기에너지솔루션즈,09:34,2422.4,2420.0,2285.0,24.61,09:42,2282.7,STOP_LOSS,-5.984
2026-07-03,477850,마키나락스,09:57,25375.3,25350.0,23550.0,19.13,10:24,23526.5,STOP_LOSS,-7.499
2026-07-03,006340,대원전선,10:40,13183.2,13170.0,12310.0,9.95,13:51,12297.7,STOP_LOSS,-6.931
2026-07-06,477850,마키나락스,09:06,25675.6,25650.0,23650.0,9.72,10:15,23626.3,STOP_LOSS,-8.193
2026-07-06,002990,금호건설,10:18,10490.5,10480.0,9730.0,10.43,10:48,9720.3,STOP_LOSS,-7.555
2026-07-06,477850,마키나락스,11:52,25975.9,25950.0,22800.0,11.01,12:34,26755.2,TAKE_PROFIT,2.763
2026-07-06,477850,마키나락스,12:49,26926.9,26900.0,26250.0,15.07,12:53,27734.7,TAKE_PROFIT,2.763
2026-07-06,477850,마키나락스,12:58,27927.9,27900.0,26700.0,19.35,13:03,28765.7,TAKE_PROFIT,2.763
2026-07-07,002990,금호건설,09:38,15105.1,15090.0,13220.0,22.31,12:25,13206.8,STOP_LOSS,-12.768
2026-07-07,002990,금호건설,13:48,15395.4,15380.0,13010.0,24.66,15:00,14245.7,TIME_EXIT,-7.68
2026-07-08,477850,마키나락스,09:21,28078.0,28050.0,25450.0,14.6,10:03,28920.4,TAKE_PROFIT,2.763
2026-07-08,058730,다스코,10:51,4239.2,4235.0,4045.0,5.98,10:57,4366.4,TAKE_PROFIT,2.763
2026-07-08,073240,금호타이어,10:58,6706.7,6700.0,6410.0,5.95,11:13,6403.6,STOP_LOSS,-4.739
2026-07-08,058730,다스코,11:38,4454.4,4450.0,4080.0,11.36,12:44,4588.1,TAKE_PROFIT,2.763
2026-07-08,024060,흥구석유,12:59,10300.3,10290.0,9320.0,13.19,13:14,10609.3,TAKE_PROFIT,2.763
2026-07-09,080220,제주반도체,09:22,80080.0,80000.0,76900.0,6.21,10:17,82482.4,TAKE_PROFIT,2.763
2026-07-09,024060,흥구석유,10:57,11491.5,11480.0,10800.0,10.07,11:06,11836.2,TAKE_PROFIT,2.763
2026-07-09,024060,흥구석유,11:35,11961.9,11950.0,11390.0,14.58,11:50,12320.8,TAKE_PROFIT,2.763
2026-07-09,002990,금호건설,14:06,17317.3,17300.0,14060.0,23.7,14:21,17836.8,TAKE_PROFIT,2.763
2026-07-10,047040,대우건설,09:06,17057.0,17040.0,16130.0,6.34,09:09,17568.8,TAKE_PROFIT,2.763
2026-07-10,073240,금호타이어,09:11,6376.4,6370.0,6010.0,6.27,09:12,6567.7,TAKE_PROFIT,2.763
2026-07-10,010170,대한광통신,09:21,12252.2,12240.0,11640.0,15.04,09:32,12619.8,TAKE_PROFIT,2.763
2026-07-10,403870,HPSP,09:33,41591.5,41550.0,40750.0,5.83,10:10,42839.3,TAKE_PROFIT,2.763
2026-07-10,080220,제주반도체,10:16,87187.1,87100.0,83700.0,12.21,10:30,89802.7,TAKE_PROFIT,2.763
2026-07-13,069540,빛과전자,09:26,2767.8,2765.0,2590.0,19.04,09:29,2850.8,TAKE_PROFIT,2.763
2026-07-13,475150,SK이터닉스,10:38,51851.8,51800.0,48750.0,21.01,12:32,48701.2,STOP_LOSS,-6.292
2026-07-13,024060,흥구석유,12:36,12512.5,12500.0,11500.0,15.43,15:00,11628.4,TIME_EXIT,-7.28
2026-07-14,089030,테크윙,09:57,51551.5,51500.0,49250.0,17.56,10:36,49200.8,STOP_LOSS,-4.779
2026-07-14,006340,대원전선,10:41,11751.7,11740.0,11330.0,8.61,11:03,12104.3,TAKE_PROFIT,2.763
2026-07-14,006340,대원전선,11:07,12242.2,12230.0,11870.0,13.14,11:40,12609.5,TAKE_PROFIT,2.763
2026-07-14,006340,대원전선,13:24,12932.9,12920.0,12160.0,19.53,13:55,13320.9,TAKE_PROFIT,2.763
2026-07-14,006340,대원전선,14:03,13373.4,13360.0,13000.0,23.6,14:33,12987.0,STOP_LOSS,-3.112
2026-07-15,058730,다스코,09:15,4624.6,4620.0,4380.0,5.34,10:07,4375.6,STOP_LOSS,-5.602
2026-07-15,475150,SK이터닉스,10:08,51851.8,51800.0,50300.0,6.25,10:26,53407.4,TAKE_PROFIT,2.763
2026-07-15,475150,SK이터닉스,11:10,54454.4,54400.0,52200.0,11.59,15:00,53746.2,TIME_EXIT,-1.528
2026-07-16,004310,현대약품,09:23,7978.0,7970.0,7360.0,18.9,10:13,8217.3,TAKE_PROFIT,2.763
2026-07-16,004310,현대약품,10:55,8388.4,8380.0,8000.0,25.01,12:04,7992.0,STOP_LOSS,-4.944
2026-07-16,006660,삼성공조,12:14,12402.4,12390.0,11300.0,6.92,12:17,12774.5,TAKE_PROFIT,2.763
2026-07-16,006660,삼성공조,13:04,13663.6,13650.0,12860.0,17.79,13:07,14073.6,TAKE_PROFIT,2.763
2026-07-16,006660,삼성공조,13:27,14544.5,14530.0,13850.0,25.38,14:23,13836.1,STOP_LOSS,-5.089
2026-07-20,475150,SK이터닉스,09:52,57057.0,57000.0,54600.0,9.72,15:00,56643.3,TIME_EXIT,-0.953
2026-07-21,012690,모나리자,09:21,1970.0,1968.0,1701.0,13.22,09:41,1699.3,STOP_LOSS,-13.938
2026-07-21,475150,SK이터닉스,10:12,59759.7,59700.0,57100.0,6.9,12:54,57042.9,STOP_LOSS,-4.766
2026-07-21,006340,대원전선,13:49,12152.1,12140.0,11510.0,11.08,15:00,11868.1,TIME_EXIT,-2.562
2026-07-22,002990,금호건설,09:20,11821.8,11810.0,10710.0,14.89,13:08,10699.3,STOP_LOSS,-9.703
2026-07-22,034020,두산에너빌리티,13:18,72572.5,72500.0,71500.0,8.64,13:57,71428.5,STOP_LOSS,-1.803
2026-07-22,477850,마키나락스,14:00,23123.1,23100.0,21850.0,17.61,14:02,23816.8,TAKE_PROFIT,2.763
2026-07-23,475150,SK이터닉스,09:45,74674.6,74600.0,71500.0,20.44,10:46,76914.8,TAKE_PROFIT,2.763
2026-07-23,078930,GS,10:53,89889.8,89800.0,89200.0,6.76,11:39,89110.8,STOP_LOSS,-1.095
2026-07-23,475150,SK이터닉스,11:52,77577.5,77500.0,75500.0,25.12,12:19,75424.5,STOP_LOSS,-2.999
2026-07-23,078930,GS,12:20,90390.3,90300.0,88800.0,7.35,13:45,93102.0,TAKE_PROFIT,2.763
2026-07-23,078930,GS,13:46,93493.4,93400.0,92200.0,11.04,15:00,94105.8,TIME_EXIT,0.424
2026-07-24,119850,지엔씨에너지,09:11,50050.0,50000.0,46450.0,9.88,09:21,51551.5,TAKE_PROFIT,2.763
2026-07-24,460930,현대힘스,09:39,14954.9,14940.0,13920.0,14.86,09:45,15403.6,TAKE_PROFIT,2.763
2026-07-24,460930,현대힘스,10:11,16656.6,16640.0,16170.0,27.93,10:19,16153.8,STOP_LOSS,-3.242
2026-07-24,100090,SK오션플랜트,10:35,18838.8,18820.0,17900.0,9.15,10:39,19404.0,TAKE_PROFIT,2.763
2026-07-24,078930,GS,13:25,98898.8,98800.0,95900.0,5.66,14:56,95804.1,STOP_LOSS,-3.352
2026-07-27,950160,코오롱티슈진,09:20,16116.1,16100.0,15130.0,7.44,09:27,16599.6,TAKE_PROFIT,2.763
2026-07-27,477850,마키나락스,09:30,26026.0,26000.0,24750.0,7.32,09:46,26806.8,TAKE_PROFIT,2.763
2026-07-27,950160,코오롱티슈진,09:49,16966.9,16950.0,15970.0,13.11,10:16,15954.0,STOP_LOSS,-6.186
2026-07-27,064260,다날,10:53,5045.0,5040.0,4680.0,15.71,12:18,4675.3,STOP_LOSS,-7.541
2026-07-27,413630,씨피시스템,12:25,3323.3,3320.0,3000.0,6.18,12:26,3423.0,TAKE_PROFIT,2.763
2026-07-28,413630,씨피시스템,09:13,4504.5,4500.0,4115.0,10.81,09:28,4639.6,TAKE_PROFIT,2.763
2026-07-28,413630,씨피시스템,10:00,4679.7,4675.0,4330.0,15.12,10:14,4820.1,TAKE_PROFIT,2.763
2026-07-28,413630,씨피시스템,10:32,4919.9,4915.0,4700.0,21.03,11:07,5067.5,TAKE_PROFIT,2.763
2026-07-28,439960,코스모로보틱스,11:17,16156.1,16140.0,14570.0,12.82,11:33,16640.8,TAKE_PROFIT,2.763
2026-07-29,009830,한화솔루션,09:48,25325.3,25300.0,24750.0,5.74,10:20,24725.2,STOP_LOSS,-2.594
2026-07-29,035720,카카오,10:23,37687.6,37650.0,36400.0,5.72,10:53,36363.6,STOP_LOSS,-3.735
2026-07-30,058610,에스피지,09:11,87787.7,87700.0,80000.0,7.32,11:27,79920.0,STOP_LOSS,-9.172
2026-07-31,475150,SK이터닉스,09:16,49199.1,49150.0,43850.0,17.7,15:00,45554.4,TIME_EXIT,-7.621
2026-08-03,439960,코스모로보틱스,09:21,16916.9,16900.0,15760.0,14.77,09:34,17424.4,TAKE_PROFIT,2.763
2026-08-03,089030,테크윙,09:35,45095.0,45050.0,41950.0,8.79,10:11,46447.9,TAKE_PROFIT,2.763
2026-08-03,030530,원익홀딩스,10:17,18658.6,18640.0,18150.0,22.11,10:21,19218.4,TAKE_PROFIT,2.763
2026-08-03,319400,현대무벡스,10:27,22822.8,22800.0,22350.0,7.15,10:36,23507.5,TAKE_PROFIT,2.763
2026-08-03,439960,코스모로보틱스,10:45,17447.4,17430.0,16450.0,18.37,12:54,17970.9,TAKE_PROFIT,2.763
2026-08-04,475150,SK이터닉스,09:21,54254.2,54200.0,51700.0,16.55,09:40,55881.8,TAKE_PROFIT,2.763
2026-08-04,475150,SK이터닉스,09:41,56156.1,56100.0,53800.0,20.64,09:59,53746.2,STOP_LOSS,-4.512
2026-08-04,017670,SK텔레콤,10:11,91791.7,91700.0,88800.0,11.94,15:00,91408.5,TIME_EXIT,-0.646
2026-08-05,047040,대우건설,09:06,16116.1,16100.0,15060.0,6.03,09:15,16599.6,TAKE_PROFIT,2.763
2026-08-05,043260,성호전자,09:27,19519.5,19500.0,17680.0,16.12,15:00,19160.8,TIME_EXIT,-2.063
2026-08-06,024840,KBI메탈,09:13,5385.4,5380.0,5060.0,8.03,09:16,5054.9,STOP_LOSS,-6.352
2026-08-06,024840,KBI메탈,09:27,5405.4,5400.0,5060.0,8.43,09:51,5567.6,TAKE_PROFIT,2.763
2026-08-06,0039P0,매드업,09:52,8138.1,8130.0,7860.0,6.38,09:59,8382.3,TAKE_PROFIT,2.763
2026-08-06,0039P0,매드업,10:24,9439.4,9430.0,8900.0,23.39,12:01,9722.6,TAKE_PROFIT,2.763
2026-08-06,0039P0,매드업,12:11,9809.8,9800.0,9590.0,28.23,13:22,9580.4,STOP_LOSS,-2.563
2026-08-07,069540,빛과전자,09:11,3118.1,3115.0,2925.0,7.15,09:25,3211.7,TAKE_PROFIT,2.763
2026-08-07,017900,광전자,09:28,8188.2,8180.0,7270.0,20.59,09:38,8433.8,TAKE_PROFIT,2.763
2026-08-07,365660,레몬헬스케어,09:42,7147.1,7140.0,6800.0,7.15,09:50,7361.6,TAKE_PROFIT,2.763
2026-08-07,463020,뉴엔AI,10:11,13243.2,13230.0,12230.0,17.09,12:25,13640.5,TAKE_PROFIT,2.763
2026-08-07,463020,뉴엔AI,12:57,13883.9,13870.0,13170.0,22.76,13:54,13156.8,STOP_LOSS,-5.455
2026-08-10,240810,원익IPS,09:06,93793.7,93700.0,88500.0,6.22,09:13,96607.5,TAKE_PROFIT,2.763
2026-08-10,347850,디앤디파마텍,09:25,62662.6,62600.0,58300.0,8.98,10:06,64542.5,TAKE_PROFIT,2.763
2026-08-10,086520,에코프로,10:09,90690.6,90600.0,89600.0,5.45,10:27,93411.3,TAKE_PROFIT,2.763
2026-08-10,010170,대한광통신,10:29,13903.9,13890.0,13660.0,21.33,11:35,13646.3,STOP_LOSS,-2.078
2026-08-10,347850,디앤디파마텍,11:52,65665.6,65600.0,64100.0,14.2,13:50,64035.9,STOP_LOSS,-2.706
2026-08-11,475150,SK이터닉스,09:11,54454.4,54400.0,51500.0,6.15,09:36,51448.5,STOP_LOSS,-5.737
2026-08-11,002990,금호건설,09:48,11111.1,11100.0,10600.0,25.69,10:02,11444.4,TAKE_PROFIT,2.763
2026-08-11,090460,비에이치,10:23,18168.1,18150.0,16420.0,17.14,15:00,17872.1,TIME_EXIT,-1.856
2026-08-12,257720,실리콘투,09:19,43043.0,43000.0,41200.0,7.47,09:34,44334.3,TAKE_PROFIT,2.763
2026-08-12,257720,실리콘투,09:37,44494.4,44450.0,43350.0,11.1,09:51,45829.3,TAKE_PROFIT,2.763
2026-08-12,003350,한국화장품제조,10:04,11972.0,11960.0,11380.0,15.78,10:08,12331.1,TAKE_PROFIT,2.763
2026-08-12,257720,실리콘투,10:09,46346.3,46300.0,45100.0,15.72,10:31,45054.9,STOP_LOSS,-3.01
2026-08-12,002990,금호건설,10:33,14714.7,14700.0,13800.0,28.07,15:00,14915.1,TIME_EXIT,1.129
2026-08-13,332570,PS일렉트로닉스,09:21,9789.8,9780.0,9420.0,13.97,09:23,10083.5,TAKE_PROFIT,2.763
2026-08-13,950160,코오롱티슈진,09:38,23923.9,23900.0,22700.0,12.06,09:54,24641.6,TAKE_PROFIT,2.763
2026-08-13,332570,PS일렉트로닉스,10:16,10850.8,10840.0,10310.0,26.32,15:00,11148.8,TIME_EXIT,2.51
2026-08-14,125490,한라캐스트,09:11,11911.9,11900.0,10960.0,9.99,09:14,12269.3,TAKE_PROFIT,2.763
2026-08-14,017670,SK텔레콤,09:35,98598.5,98500.0,96300.0,8.23,15:00,100499.4,TIME_EXIT,1.694
2026-08-18,403870,HPSP,09:06,42442.4,42400.0,40750.0,5.06,09:18,43715.7,TAKE_PROFIT,2.763
2026-08-18,403870,HPSP,09:27,44194.1,44150.0,43150.0,9.39,09:40,45520.0,TAKE_PROFIT,2.763
2026-08-18,003280,흥아해운,10:01,1799.8,1798.0,1779.0,5.07,10:40,1853.8,TAKE_PROFIT,2.763
2026-08-18,387690,레메디,10:59,12892.9,12880.0,12300.0,16.47,12:31,13279.7,TAKE_PROFIT,2.763
2026-08-18,003280,흥아해운,12:40,1925.9,1924.0,1875.0,12.43,12:58,1873.1,STOP_LOSS,-2.965
2026-08-19,006660,삼성공조,09:20,16486.5,16470.0,15210.0,9.11,09:35,15194.8,STOP_LOSS,-8.047
2026-08-19,125490,한라캐스트,09:40,12852.8,12840.0,12460.0,8.28,09:42,13238.4,TAKE_PROFIT,2.763
2026-08-19,125490,한라캐스트,09:46,13373.4,13360.0,12800.0,12.67,10:01,12787.2,STOP_LOSS,-4.603
2026-08-19,403870,HPSP,10:07,45295.2,45250.0,44200.0,6.2,12:15,46654.1,TAKE_PROFIT,2.763
2026-08-19,025980,아난티,12:23,5565.6,5560.0,5330.0,23.68,13:14,5732.5,TAKE_PROFIT,2.763
2026-08-20,064260,다날,09:26,5435.4,5430.0,5140.0,17.02,09:33,5598.5,TAKE_PROFIT,2.763
2026-08-20,009830,한화솔루션,09:41,36386.3,36350.0,35500.0,5.01,11:10,35464.5,STOP_LOSS,-2.758
2026-08-20,002990,금호건설,11:36,15805.8,15790.0,15270.0,25.44,13:12,16280.0,TAKE_PROFIT,2.763
2026-08-20,332570,PS일렉트로닉스,13:15,9129.1,9120.0,8530.0,6.15,13:45,9403.0,TAKE_PROFIT,2.763
2026-08-20,332570,PS일렉트로닉스,13:46,9439.4,9430.0,9240.0,9.76,14:18,9722.6,TAKE_PROFIT,2.763
2026-08-21,025980,아난티,09:16,5605.6,5600.0,5280.0,7.39,10:11,5773.8,TAKE_PROFIT,2.763
2026-08-21,025980,아난티,10:26,6036.0,6030.0,5730.0,15.63,10:45,5724.3,STOP_LOSS,-5.383
2026-08-24,124500,아이티센글로벌,09:21,38438.4,38400.0,36000.0,18.09,09:32,39591.6,TAKE_PROFIT,2.763
2026-08-24,257720,실리콘투,09:36,50450.4,50400.0,49025.0,5.88,10:06,48976.0,STOP_LOSS,-3.146
2026-08-24,124500,아이티센글로벌,11:17,40440.4,40400.0,38300.0,24.24,11:57,38261.7,STOP_LOSS,-5.605
2026-08-24,008930,한미사이언스,14:01,54754.7,54700.0,50900.0,21.81,14:29,56397.3,TAKE_PROFIT,2.763
2026-08-24,010170,대한광통신,14:54,13183.2,13170.0,12340.0,8.77,15:00,13007.0,TIME_EXIT,-1.563
2026-08-25,047040,대우건설,10:02,16556.5,16540.0,16130.0,5.05,10:25,16113.9,STOP_LOSS,-2.898
2026-08-25,403870,HPSP,10:37,46396.3,46350.0,45300.0,5.57,12:23,47788.2,TAKE_PROFIT,2.763
2026-08-25,047040,대우건설,12:26,17047.0,17030.0,16580.0,8.17,13:42,17558.4,TAKE_PROFIT,2.763
2026-08-25,003350,한국화장품제조,14:10,14464.4,14450.0,13750.0,23.42,14:20,14898.4,TAKE_PROFIT,2.763
2026-08-25,034020,두산에너빌리티,14:21,80380.3,80300.0,79400.0,10.11,15:00,81118.8,TIME_EXIT,0.687
2026-08-26,002990,금호건설,09:07,16286.3,16270.0,15250.0,5.89,09:08,16850.0,TAKE_PROFIT,3.223
2026-08-26,006360,GS건설,09:33,37187.1,37150.0,36000.0,6.25,15:00,37762.2,TIME_EXIT,1.313
2026-08-27,178320,서진시스템,09:35,40840.8,40800.0,39550.0,9.79,15:00,41208.8,TIME_EXIT,0.669
2026-08-28,001210,금호전기,09:17,8758.7,8750.0,8200.0,6.55,09:22,9021.5,TAKE_PROFIT,2.763
2026-08-28,002990,금호건설,09:41,16246.2,16230.0,15410.0,7.24,11:27,16733.6,TAKE_PROFIT,2.763
2026-08-28,001210,금호전기,12:25,10390.4,10380.0,9830.0,26.4,15:00,10109.9,TIME_EXIT,-2.923
2026-08-31,001210,금호전기,09:45,12432.4,12420.0,11350.0,16.41,09:49,12805.4,TAKE_PROFIT,2.763
2026-08-31,002990,금호건설,09:50,17988.0,17970.0,16980.0,5.69,11:04,16963.0,STOP_LOSS,-5.915
2026-08-31,476060,온코닉테라퓨틱스,12:54,18518.5,18500.0,17200.0,25.38,15:00,18121.9,TIME_EXIT,-2.367
2026-09-01,067290,JW신약,09:21,2577.6,2575.0,2420.0,12.07,09:31,2654.9,TAKE_PROFIT,2.763
2026-09-01,090460,비에이치,09:44,20920.9,20900.0,19750.0,14.76,13:02,21548.5,TAKE_PROFIT,2.763
2026-09-01,090460,비에이치,13:06,21771.7,21750.0,21300.0,19.43,13:27,22424.9,TAKE_PROFIT,2.763
2026-09-01,004310,현대약품,13:29,8098.1,8090.0,7860.0,26.93,15:00,8281.7,TIME_EXIT,2.032
2026-09-02,387690,레메디,09:13,16316.3,16300.0,14780.0,12.6,09:20,16805.8,TAKE_PROFIT,2.763
2026-09-02,003160,디아이,09:21,28428.4,28400.0,27200.0,6.67,09:28,29281.3,TAKE_PROFIT,2.763
2026-09-02,003160,디아이,09:54,30130.1,30100.0,28850.0,13.06,10:19,31034.0,TAKE_PROFIT,2.763
2026-09-02,002990,금호건설,10:50,17437.4,17420.0,16960.0,5.68,10:55,17960.5,TAKE_PROFIT,2.763
2026-09-02,002990,금호건설,11:06,18248.2,18230.0,17530.0,10.6,11:09,18795.7,TAKE_PROFIT,2.763
2026-09-03,067290,JW신약,09:11,3278.3,3275.0,3120.0,5.75,09:15,3376.6,TAKE_PROFIT,2.763
2026-09-03,079650,서산,09:31,7837.8,7830.0,7140.0,15.43,09:37,8073.0,TAKE_PROFIT,2.763
2026-09-03,047050,포스코인터내셔널,09:48,56056.0,56000.0,54900.0,5.37,11:08,54845.1,STOP_LOSS,-2.385
2026-09-03,010140,삼성중공업,11:21,21221.2,21200.0,20850.0,6.43,13:37,21857.8,TAKE_PROFIT,2.763
2026-09-03,032940,원익,14:02,9279.3,9270.0,8900.0,28.52,14:18,8891.1,STOP_LOSS,-4.404
2026-09-04,234340,헥토파이낸셜,09:31,25625.6,25600.0,24600.0,15.17,10:06,26394.4,TAKE_PROFIT,2.763
2026-09-04,058610,에스피지,10:27,94094.0,94000.0,91000.0,12.28,11:15,96916.8,TAKE_PROFIT,2.763
2026-09-04,017670,SK텔레콤,11:22,93493.4,93400.0,93000.0,5.05,11:24,92907.0,STOP_LOSS,-0.856
2026-09-04,030530,원익홀딩스,11:50,19749.7,19730.0,18930.0,14.03,12:06,20342.2,TAKE_PROFIT,2.763
2026-09-04,004310,현대약품,12:56,8238.2,8230.0,7780.0,7.27,13:06,8485.4,TAKE_PROFIT,2.763
2026-09-07,004310,현대약품,09:06,8358.3,8350.0,7980.0,5.14,09:14,8609.1,TAKE_PROFIT,2.763
2026-09-07,387690,레메디,09:16,16666.6,16650.0,16150.0,5.82,10:52,17166.6,TAKE_PROFIT,2.763
2026-09-07,403870,HPSP,11:03,53353.3,53300.0,52600.0,5.03,11:23,52547.4,STOP_LOSS,-1.737
2026-09-07,047040,대우건설,11:32,17787.8,17770.0,17280.0,5.57,14:50,18321.4,TAKE_PROFIT,2.763
2026-09-08,047040,대우건설,09:06,19899.9,19880.0,18480.0,8.09,10:27,20496.9,TAKE_PROFIT,2.763
2026-09-08,014950,삼익제약,10:28,9359.3,9350.0,8680.0,6.6,10:29,9660.0,TAKE_PROFIT,2.975
2026-09-08,047040,대우건설,10:49,20745.7,20725.0,20300.0,12.69,15:00,20579.4,TIME_EXIT,-1.03
2026-09-09,034020,두산에너빌리티,09:28,94394.3,94300.0,92900.0,5.47,09:34,92807.1,STOP_LOSS,-1.908
2026-09-09,004310,현대약품,09:36,11161.1,11150.0,10370.0,6.91,09:59,10359.6,STOP_LOSS,-7.395
2026-09-09,032820,우리기술,10:02,14004.0,13990.0,13010.0,18.58,11:23,14424.1,TAKE_PROFIT,2.763
2026-09-09,012210,삼미금속,11:36,10730.7,10720.0,10290.0,6.99,11:41,11052.6,TAKE_PROFIT,2.763
2026-09-09,053260,금강철강,12:14,7007.0,7000.0,6570.0,5.21,12:16,7217.2,TAKE_PROFIT,2.763
2026-09-10,024060,흥구석유,09:27,14474.5,14460.0,13930.0,19.72,09:32,14908.7,TAKE_PROFIT,2.763
2026-09-10,069540,빛과전자,09:41,4164.2,4160.0,3900.0,9.3,09:57,3896.1,STOP_LOSS,-6.652
2026-09-10,003280,흥아해운,10:10,1982.0,1980.0,1893.0,12.61,10:15,2041.4,TAKE_PROFIT,2.763
2026-09-10,003280,흥아해운,10:36,2192.2,2190.0,2130.0,24.56,10:41,2127.9,STOP_LOSS,-3.157
2026-09-10,080220,제주반도체,12:21,78878.8,78800.0,77700.0,5.17,12:59,77622.3,STOP_LOSS,-1.819
2026-09-11,356680,엑스게이트,09:48,13913.9,13900.0,12760.0,12.57,09:54,14331.3,TAKE_PROFIT,2.763
2026-09-11,356680,엑스게이트,10:08,14914.9,14900.0,14250.0,20.67,10:12,15362.3,TAKE_PROFIT,2.763
2026-09-11,356680,엑스게이트,10:28,15395.4,15380.0,14920.0,24.56,10:35,15857.2,TAKE_PROFIT,2.763
2026-09-11,046970,우리로,10:46,7877.9,7870.0,7140.0,17.58,10:50,8114.2,TAKE_PROFIT,2.763
2026-09-11,003350,한국화장품제조,10:58,13913.9,13900.0,13600.0,5.73,11:11,14331.3,TAKE_PROFIT,2.763
2026-09-14,017900,광전자,09:26,8438.4,8430.0,8160.0,6.82,09:32,8691.6,TAKE_PROFIT,2.763
2026-09-14,017900,광전자,09:36,9109.1,9100.0,8450.0,15.31,09:47,9382.4,TAKE_PROFIT,2.763
2026-09-14,017900,광전자,10:42,9509.5,9500.0,8900.0,20.37,11:24,9794.8,TAKE_PROFIT,2.763
2026-09-14,069540,빛과전자,11:26,4184.2,4180.0,4030.0,8.12,12:07,4309.7,TAKE_PROFIT,2.763
2026-09-14,217590,티엠씨,12:26,11481.5,11470.0,11320.0,5.53,12:55,11850.0,TAKE_PROFIT,2.972
2026-09-15,004310,현대약품,09:11,10750.7,10740.0,10140.0,7.62,09:20,11073.3,TAKE_PROFIT,2.763
2026-09-15,093370,후성,09:38,14964.9,14950.0,14440.0,6.06,14:13,14425.6,STOP_LOSS,-3.826
2026-09-15,375500,DL이앤씨,14:28,89989.9,89900.0,88800.0,5.01,15:00,89510.4,TIME_EXIT,-0.762
2026-09-16,072950,빛샘전자,09:11,11331.3,11320.0,10770.0,5.9,09:12,11671.3,TAKE_PROFIT,2.763
2026-09-16,115440,우리넷,09:16,9259.2,9250.0,8830.0,6.31,09:27,9537.0,TAKE_PROFIT,2.763
2026-09-16,010170,대한광통신,09:30,15125.1,15110.0,14770.0,6.97,09:43,14755.2,STOP_LOSS,-2.67
2026-09-16,217590,티엠씨,10:02,13953.9,13940.0,13230.0,7.67,10:39,13216.8,STOP_LOSS,-5.501
2026-09-16,115440,우리넷,10:40,9849.8,9840.0,9290.0,13.09,10:45,10145.3,TAKE_PROFIT,2.763
2026-09-17,043260,성호전자,09:18,20000.0,19980.0,18920.0,7.76,09:19,20600.0,TAKE_PROFIT,2.763
2026-09-17,043260,성호전자,09:21,20970.9,20950.0,19500.0,12.99,09:41,21600.1,TAKE_PROFIT,2.763
2026-09-17,072950,빛샘전자,09:51,14514.5,14500.0,13500.0,7.28,10:53,13486.5,STOP_LOSS,-7.296
2026-09-17,201490,미투온,11:10,4504.5,4500.0,3990.0,17.3,11:17,4639.6,TAKE_PROFIT,2.763
2026-09-17,201490,미투온,11:31,4799.8,4795.0,4600.0,24.99,11:57,4595.4,STOP_LOSS,-4.479
2026-09-18,010170,대한광통신,09:07,17427.4,17410.0,16170.0,8.04,09:35,17950.2,TAKE_PROFIT,2.763
2026-09-18,005690,파미셀,09:39,13773.8,13760.0,13360.0,18.94,09:48,13346.6,STOP_LOSS,-3.324
2026-09-18,001210,금호전기,10:01,11761.7,11750.0,11230.0,10.86,10:09,12114.6,TAKE_PROFIT,2.763
2026-09-18,125490,한라캐스트,10:33,12882.9,12870.0,11850.0,15.23,15:00,11908.1,TIME_EXIT,-7.779
2026-09-21,036540,SFA반도체,09:59,10690.7,10680.0,10320.0,18.52,10:57,11011.4,TAKE_PROFIT,2.763
2026-09-21,437730,삼현,11:13,57757.7,57700.0,53200.0,15.28,11:29,59490.4,TAKE_PROFIT,2.763
2026-09-21,437730,삼현,11:31,59759.7,59700.0,57800.0,19.28,11:56,57742.2,STOP_LOSS,-3.598
2026-09-21,950260,인제니아테라퓨틱스(Reg.S),13:56,21621.6,21600.0,19880.0,17.06,15:00,21128.8,TIME_EXIT,-2.504
2026-09-22,007810,코리아써키트,09:32,65765.7,65700.0,63100.0,25.75,09:40,67738.7,TAKE_PROFIT,2.763
2026-09-22,232140,와이씨,10:08,15015.0,15000.0,14520.0,5.37,10:33,15465.4,TAKE_PROFIT,2.763
2026-09-22,003490,대한항공,11:26,30480.4,30450.0,30300.0,5.65,13:58,31394.9,TAKE_PROFIT,2.763
2026-09-22,058470,리노공업,14:09,76876.8,76800.0,74500.0,10.14,14:20,74425.5,STOP_LOSS,-3.411
2026-09-22,950260,인제니아테라퓨틱스(Reg.S),14:57,23423.4,23400.0,22250.0,8.95,15:00,23626.3,TIME_EXIT,0.634
2026-09-23,093370,후성,09:06,14814.8,14800.0,13750.0,8.93,10:53,13736.2,STOP_LOSS,-7.493
2026-09-23,046970,우리로,11:00,8208.2,8200.0,8000.0,7.86,11:03,8454.4,TAKE_PROFIT,2.763
2026-09-23,046970,우리로,11:07,8498.5,8490.0,8140.0,11.68,11:35,8131.9,STOP_LOSS,-4.534
2026-09-23,478340,나라스페이스테크놀로지,12:11,14824.8,14810.0,14030.0,13.77,12:16,15269.6,TAKE_PROFIT,2.763
2026-09-23,478340,나라스페이스테크놀로지,12:41,15555.5,15540.0,14770.0,19.38,12:47,16022.2,TAKE_PROFIT,2.763
2026-09-28,014950,삼익제약,09:06,10250.2,10240.0,9220.0,13.39,09:30,9210.8,STOP_LOSS,-10.347
2026-09-28,303810,동국생명과학,09:35,2942.9,2940.0,2810.0,5.1,10:21,3031.2,TAKE_PROFIT,2.763
2026-09-28,303810,동국생명과학,10:32,3058.1,3055.0,2960.0,9.22,10:39,3150.0,TAKE_PROFIT,2.77
2026-09-28,387690,레메디,10:41,21921.9,21900.0,20950.0,16.3,11:37,22579.6,TAKE_PROFIT,2.763
2026-09-28,387690,레메디,11:41,23673.6,23650.0,22300.0,25.59,11:50,24383.9,TAKE_PROFIT,2.763
2026-09-29,452190,한빛레이저,09:17,5785.8,5780.0,5390.0,7.34,09:23,5970.0,TAKE_PROFIT,2.947
2026-09-29,403870,HPSP,09:32,59059.0,59000.0,57400.0,5.46,11:20,60830.8,TAKE_PROFIT,2.763
2026-09-29,452190,한빛레이저,11:21,6656.6,6650.0,6390.0,23.5,11:41,6383.6,STOP_LOSS,-4.322
2026-09-29,490470,세미파이브,12:23,18548.5,18530.0,17700.0,13.38,12:34,19105.0,TAKE_PROFIT,2.763
2026-09-29,490470,세미파이브,12:39,19309.3,19290.0,18190.0,18.03,15:00,18311.7,TIME_EXIT,-5.385
