trade_day,code,name,entry_time,entry_price,pivot,stop,chg_pct,rt_rank,exit_time,exit_price,reason,ret_pct
2026-07-01,006340,대원전선,09:39,12242.2,12230.0,11610.0,18.74,,09:40,12217.8,TIME_EXIT,-0.429
2026-07-01,347700,스피어,09:45,26376.3,26350.0,25400.0,12.96,,09:46,26073.9,TIME_EXIT,-1.374
2026-07-01,475150,SK이터닉스,09:55,57557.5,57500.0,54300.0,11.33,,09:56,57842.1,TIME_EXIT,0.263
2026-07-01,347700,스피어,10:18,27027.0,27000.0,26500.0,15.75,,10:19,26973.0,TIME_EXIT,-0.429
2026-07-01,006340,대원전선,10:23,12962.9,12950.0,12420.0,25.73,,10:24,12957.0,TIME_EXIT,-0.276
2026-07-02,013580,계룡건설,13:16,27677.6,27650.0,25950.0,16.29,,13:17,27372.6,TIME_EXIT,-1.33
2026-07-02,013580,계룡건설,13:37,30130.1,30100.0,28800.0,26.6,,13:38,30519.5,TIME_EXIT,1.059
2026-07-03,477850,마키나락스,09:22,24474.4,24450.0,22100.0,14.9,,09:23,24625.3,TIME_EXIT,0.385
2026-07-03,477850,마키나락스,09:28,25025.0,25000.0,23400.0,17.49,,09:29,24825.2,TIME_EXIT,-1.027
2026-07-03,419050,삼기에너지솔루션즈,09:34,2422.4,2420.0,2285.0,24.61,,09:35,2432.6,TIME_EXIT,0.188
2026-07-03,419050,삼기에너지솔루션즈,09:37,2447.4,2445.0,2345.0,25.9,,09:38,2422.6,TIME_EXIT,-1.244
2026-07-03,477850,마키나락스,09:57,25375.3,25350.0,23550.0,19.13,,09:58,25224.8,TIME_EXIT,-0.822
2026-07-06,002990,금호건설,10:18,10490.5,10480.0,9730.0,10.43,,10:20,10589.4,TIME_EXIT,0.711
2026-07-06,477850,마키나락스,11:52,25975.9,25950.0,22800.0,11.01,,11:53,26523.5,TIME_EXIT,1.873
2026-07-06,477850,마키나락스,12:34,26726.7,26700.0,24850.0,14.22,,12:35,26723.2,TIME_EXIT,-0.243
2026-07-06,477850,마키나락스,12:49,26926.9,26900.0,26250.0,15.07,,12:50,26673.3,TIME_EXIT,-1.17
2026-07-06,477850,마키나락스,12:51,26976.9,26950.0,26450.0,15.29,,12:52,27472.5,TIME_EXIT,1.603
2026-07-07,002990,금호건설,09:38,15105.1,15090.0,13220.0,22.31,,09:39,14985.0,TIME_EXIT,-1.023
2026-07-07,347850,디앤디파마텍,09:55,89289.2,89200.0,85500.0,17.64,,09:56,89810.1,TIME_EXIT,0.352
2026-07-07,002990,금호건설,13:48,15395.4,15380.0,13010.0,24.66,,13:50,15274.7,TIME_EXIT,-1.012
2026-07-08,477850,마키나락스,09:21,28078.0,28050.0,25450.0,14.6,,09:22,27322.7,TIME_EXIT,-2.914
2026-07-08,477850,마키나락스,09:50,28328.3,28300.0,25700.0,15.63,,09:51,28571.4,TIME_EXIT,0.626
2026-07-08,477850,마키나락스,10:03,28928.9,28900.0,27500.0,18.08,,10:04,28671.3,TIME_EXIT,-1.118
2026-07-08,024060,흥구석유,11:11,10240.2,10230.0,9440.0,12.53,,11:12,9910.1,TIME_EXIT,-3.447
2026-07-08,058730,다스코,11:38,4454.4,4450.0,4080.0,11.36,,11:39,4345.6,TIME_EXIT,-2.667
2026-07-09,477850,마키나락스,09:38,31231.2,31200.0,29200.0,15.24,,09:39,31268.7,TIME_EXIT,-0.11
2026-07-09,024060,흥구석유,10:57,11491.5,11480.0,10800.0,10.07,,10:58,11618.4,TIME_EXIT,0.872
2026-07-09,024060,흥구석유,11:35,11961.9,11950.0,11390.0,14.58,,11:36,11888.1,TIME_EXIT,-0.846
2026-07-09,024060,흥구석유,11:37,12032.0,12020.0,11670.0,15.25,,11:38,11908.1,TIME_EXIT,-1.258
2026-07-09,024060,흥구석유,11:45,12062.0,12050.0,11680.0,15.54,,11:46,12127.9,TIME_EXIT,0.314
2026-07-10,010170,대한광통신,09:21,12252.2,12240.0,11640.0,15.04,,09:22,12207.8,TIME_EXIT,-0.592
2026-07-10,010170,대한광통신,09:31,12572.6,12560.0,12040.0,18.05,,09:32,12767.2,TIME_EXIT,1.315
2026-07-10,073240,금호타이어,09:55,7057.0,7050.0,6630.0,17.62,,09:56,6963.0,TIME_EXIT,-1.559
2026-07-10,073240,금호타이어,10:01,7267.3,7260.0,6930.0,21.12,,10:02,7282.7,TIME_EXIT,-0.018
2026-07-10,080220,제주반도체,10:16,87187.1,87100.0,83700.0,12.21,,10:17,87312.6,TIME_EXIT,-0.086
2026-07-13,069540,빛과전자,09:26,2767.8,2765.0,2590.0,19.04,,09:27,2737.3,TIME_EXIT,-1.33
2026-07-13,475150,SK이터닉스,10:38,51851.8,51800.0,48750.0,21.01,,10:39,51948.0,TIME_EXIT,-0.045
2026-07-13,024060,흥구석유,12:36,12512.5,12500.0,11500.0,15.43,,12:37,12327.7,TIME_EXIT,-1.704
2026-07-14,089030,테크윙,09:57,51551.5,51500.0,49250.0,17.56,,09:58,50549.4,TIME_EXIT,-2.169
2026-07-14,006340,대원전선,11:03,12062.0,12050.0,11670.0,11.48,,11:04,12087.9,TIME_EXIT,-0.016
2026-07-14,006340,대원전선,11:07,12242.2,12230.0,11870.0,13.14,,11:08,12237.8,TIME_EXIT,-0.266
2026-07-15,080220,제주반도체,09:41,86586.5,86500.0,84400.0,17.49,,09:42,86013.9,TIME_EXIT,-0.89
2026-07-15,080220,제주반도체,09:53,87387.3,87300.0,85500.0,18.57,,09:55,88711.2,TIME_EXIT,1.282
2026-07-15,080220,제주반도체,09:56,88988.9,88900.0,86300.0,20.74,,09:57,87961.9,TIME_EXIT,-1.381
2026-07-15,403870,HPSP,10:00,46796.7,46750.0,45400.0,11.42,,10:01,46153.8,TIME_EXIT,-1.601
2026-07-15,403870,HPSP,10:20,46896.8,46850.0,45450.0,11.66,,10:21,46653.3,TIME_EXIT,-0.748
2026-07-16,004310,현대약품,09:23,7978.0,7970.0,7360.0,18.9,,09:24,8091.9,TIME_EXIT,1.195
2026-07-16,004310,현대약품,10:02,8178.2,8170.0,7700.0,21.88,,10:03,8051.9,TIME_EXIT,-1.77
2026-07-16,004310,현대약품,10:55,8388.4,8380.0,8000.0,25.01,,10:57,8391.6,TIME_EXIT,-0.192
2026-07-16,004310,현대약품,11:06,8458.4,8450.0,8245.0,26.06,,11:07,8411.6,TIME_EXIT,-0.783
2026-07-20,067290,JW신약,10:23,2222.2,2220.0,2035.0,12.8,,10:24,2237.8,TIME_EXIT,0.468
2026-07-20,475150,SK이터닉스,10:26,57857.8,57800.0,55600.0,11.26,,10:27,57442.5,TIME_EXIT,-0.946
2026-07-20,024060,흥구석유,10:34,13753.7,13740.0,12810.0,14.52,,10:35,13686.3,TIME_EXIT,-0.719
2026-07-20,475150,SK이터닉스,10:42,57957.9,57900.0,56900.0,11.46,,10:43,57142.8,TIME_EXIT,-1.633
2026-07-21,012690,모나리자,09:21,1970.0,1968.0,1701.0,13.22,,09:22,1894.1,TIME_EXIT,-4.072
2026-07-21,004310,현대약품,10:52,7457.4,7450.0,6860.0,19.89,,10:53,7502.5,TIME_EXIT,0.373
2026-07-21,006340,대원전선,13:49,12152.1,12140.0,11510.0,11.08,,13:50,12057.9,TIME_EXIT,-1.003
2026-07-21,012690,모나리자,14:22,2017.0,2015.0,1544.0,15.92,,14:23,1970.0,TIME_EXIT,-2.554
2026-07-22,002990,금호건설,09:20,11821.8,11810.0,10710.0,14.89,,09:21,11588.4,TIME_EXIT,-2.2
2026-07-22,002990,금호건설,09:27,11911.9,11900.0,11260.0,15.76,,09:28,11698.3,TIME_EXIT,-2.019
2026-07-22,017670,SK텔레콤,10:11,94594.5,94500.0,92200.0,11.16,,10:12,93906.0,TIME_EXIT,-0.956
2026-07-23,475150,SK이터닉스,09:45,74674.6,74600.0,71500.0,20.44,,09:46,74525.4,TIME_EXIT,-0.429
2026-07-23,475150,SK이터닉스,09:57,75875.8,75800.0,73800.0,22.38,,09:58,75424.5,TIME_EXIT,-0.823
2026-07-23,119850,지엔씨에너지,10:02,40790.7,40750.0,40100.0,16.38,,10:03,41158.8,TIME_EXIT,0.67
2026-07-23,006340,대원전선,10:12,13413.4,13400.0,13040.0,10.31,,10:13,13286.7,TIME_EXIT,-1.172
2026-07-23,119850,지엔씨에너지,10:14,41241.2,41200.0,40550.0,17.66,,10:15,41408.6,TIME_EXIT,0.175
2026-07-24,119850,지엔씨에너지,09:18,50850.8,50800.0,47300.0,11.64,,09:19,51048.9,TIME_EXIT,0.159
2026-07-24,460930,현대힘스,09:39,14954.9,14940.0,13920.0,14.86,,09:40,14995.0,TIME_EXIT,0.037
2026-07-24,460930,현대힘스,10:11,16656.6,16640.0,16170.0,27.93,,10:12,16533.5,TIME_EXIT,-0.968
2026-07-27,950160,코오롱티슈진,09:26,16516.5,16500.0,15820.0,10.11,,09:27,16783.2,TIME_EXIT,1.381
2026-07-27,044340,위닉스,09:45,5805.8,5800.0,5150.0,18.36,,09:46,5754.2,TIME_EXIT,-1.116
2026-07-27,950160,코오롱티슈진,09:49,16966.9,16950.0,15970.0,13.11,,09:50,17062.9,TIME_EXIT,0.334
2026-07-27,064260,다날,10:53,5045.0,5040.0,4680.0,15.71,,10:54,4980.0,TIME_EXIT,-1.516
2026-07-27,044340,위닉스,11:32,5885.9,5880.0,5250.0,20.0,,11:33,5894.1,TIME_EXIT,-0.091
2026-07-28,413630,씨피시스템,09:13,4504.5,4500.0,4115.0,10.81,,09:14,4515.5,TIME_EXIT,0.013
2026-07-28,413630,씨피시스템,10:00,4679.7,4675.0,4330.0,15.12,,10:01,4635.4,TIME_EXIT,-1.175
2026-07-28,413630,씨피시스템,10:11,4754.7,4750.0,4585.0,16.97,,10:12,4740.3,TIME_EXIT,-0.534
2026-07-28,413630,씨피시스템,10:32,4919.9,4915.0,4700.0,21.03,,10:33,4890.1,TIME_EXIT,-0.834
2026-07-30,0039P0,매드업,09:43,6997.0,6990.0,6350.0,18.19,,09:45,7013.0,TIME_EXIT,-0.002
2026-07-30,0039P0,매드업,09:46,7067.1,7060.0,6610.0,19.38,,09:47,7003.0,TIME_EXIT,-1.134
2026-07-30,0039P0,매드업,09:57,7147.1,7140.0,6760.0,20.73,,09:58,7172.8,TIME_EXIT,0.129
2026-07-30,0039P0,매드업,10:04,7207.2,7200.0,6930.0,21.74,,10:05,7102.9,TIME_EXIT,-1.674
2026-07-30,010140,삼성중공업,11:06,21421.4,21400.0,21200.0,10.42,,11:07,21428.5,TIME_EXIT,-0.197
2026-07-31,475150,SK이터닉스,09:16,49199.1,49150.0,43850.0,17.7,,09:17,48451.5,TIME_EXIT,-1.746
2026-07-31,080220,제주반도체,09:27,61761.7,61700.0,59800.0,23.28,,09:28,61938.0,TIME_EXIT,0.055
2026-07-31,240810,원익IPS,09:29,93893.8,93800.0,91100.0,23.06,,09:30,94105.8,TIME_EXIT,-0.005
2026-07-31,080220,제주반도체,09:32,62762.7,62700.0,59800.0,25.27,,09:33,62337.6,TIME_EXIT,-0.906
2026-07-31,403870,HPSP,09:35,33783.7,33750.0,32400.0,18.33,,09:36,33716.2,TIME_EXIT,-0.429
2026-08-03,439960,코스모로보틱스,09:21,16916.9,16900.0,15760.0,14.77,,09:22,16893.1,TIME_EXIT,-0.37
2026-08-03,030530,원익홀딩스,09:41,17877.9,17860.0,17100.0,17.0,,09:42,17842.1,TIME_EXIT,-0.429
2026-08-03,030530,원익홀딩스,09:53,18148.1,18130.0,17630.0,18.77,,09:54,18002.0,TIME_EXIT,-1.033
2026-08-04,475150,SK이터닉스,09:21,54254.2,54200.0,51700.0,16.55,,09:22,53846.1,TIME_EXIT,-0.98
2026-08-04,119850,지엔씨에너지,09:26,50150.1,50100.0,47400.0,19.4,,09:27,50449.5,TIME_EXIT,0.366
2026-08-04,475150,SK이터닉스,09:40,55755.7,55700.0,53700.0,19.78,,09:41,55644.3,TIME_EXIT,-0.429
2026-08-04,017670,SK텔레콤,09:46,90690.6,90600.0,89200.0,10.6,,09:47,91208.7,TIME_EXIT,0.34
2026-08-04,017670,SK텔레콤,10:11,91791.7,91700.0,88800.0,11.94,,10:12,91308.6,TIME_EXIT,-0.755
2026-08-05,043260,성호전자,09:27,19519.5,19500.0,17680.0,16.12,,09:28,19600.4,TIME_EXIT,0.183
2026-08-05,010170,대한광통신,09:33,12152.1,12140.0,11160.0,19.37,,09:34,12187.8,TIME_EXIT,0.063
2026-08-05,009830,한화솔루션,09:37,30830.8,30800.0,29900.0,15.04,,09:38,30619.3,TIME_EXIT,-0.914
2026-08-05,009830,한화솔루션,09:41,30880.8,30850.0,30150.0,15.23,,09:42,31318.7,TIME_EXIT,1.184
2026-08-05,006340,대원전선,09:47,16256.2,16240.0,15670.0,17.88,,09:48,16183.8,TIME_EXIT,-0.675
2026-08-06,0039P0,매드업,10:24,9439.4,9430.0,8900.0,23.39,,10:25,9350.6,TIME_EXIT,-1.168
2026-08-06,365660,레몬헬스케어,10:26,6856.8,6850.0,6200.0,12.41,,10:27,6933.1,TIME_EXIT,0.879
2026-08-06,365660,레몬헬스케어,10:46,7057.0,7050.0,6620.0,15.69,,10:47,7023.0,TIME_EXIT,-0.712
2026-08-06,0039P0,매드업,11:17,9469.5,9460.0,8970.0,23.78,,11:18,9490.5,TIME_EXIT,-0.008
2026-08-06,0039P0,매드업,12:01,9679.7,9670.0,9280.0,26.53,,12:02,9630.4,TIME_EXIT,-0.738
2026-08-07,017900,광전자,09:28,8188.2,8180.0,7270.0,20.59,,09:31,8371.6,TIME_EXIT,2.005
2026-08-07,365660,레몬헬스케어,09:50,7357.3,7350.0,6980.0,10.31,,09:51,7192.8,TIME_EXIT,-2.461
2026-08-07,463020,뉴엔AI,10:11,13243.2,13230.0,12230.0,17.09,,10:12,13306.7,TIME_EXIT,0.248
2026-08-07,463020,뉴엔AI,10:21,13373.4,13360.0,12830.0,18.24,,10:22,13406.6,TIME_EXIT,0.018
2026-08-07,365660,레몬헬스케어,10:55,7447.4,7390.0,6920.0,11.66,,10:56,7372.6,TIME_EXIT,-1.232
2026-08-10,477850,마키나락스,09:44,32832.8,32800.0,31600.0,13.02,,09:45,32817.2,TIME_EXIT,-0.278
2026-08-10,080220,제주반도체,09:59,83583.5,83500.0,80800.0,10.85,,10:00,82717.2,TIME_EXIT,-1.264
2026-08-10,010170,대한광통신,10:02,13443.4,13430.0,12770.0,17.31,,10:03,13546.4,TIME_EXIT,0.535
2026-08-10,010170,대한광통신,10:29,13903.9,13890.0,13660.0,21.33,,10:30,13986.0,TIME_EXIT,0.359
2026-08-10,010170,대한광통신,10:36,14014.0,14000.0,13810.0,22.29,,10:37,13946.0,TIME_EXIT,-0.714
2026-08-11,002990,금호건설,09:29,10890.9,10880.0,10200.0,23.2,,09:31,10999.0,TIME_EXIT,0.76
2026-08-11,002990,금호건설,09:48,11111.1,11100.0,10600.0,25.69,,09:49,11278.7,TIME_EXIT,1.275
2026-08-11,002990,금호건설,09:51,11361.3,11350.0,10900.0,28.52,,09:52,11108.9,TIME_EXIT,-2.447
2026-08-11,090460,비에이치,10:23,18168.1,18150.0,16420.0,17.14,,10:24,18081.9,TIME_EXIT,-0.704
2026-08-11,001820,삼화콘덴서,13:56,91991.9,91900.0,89100.0,13.29,,13:57,91608.3,TIME_EXIT,-0.646
2026-08-12,003350,한국화장품제조,09:30,11691.7,11680.0,10990.0,13.07,,09:33,11848.1,TIME_EXIT,1.105
2026-08-12,257720,실리콘투,09:37,44494.4,44450.0,43350.0,11.1,,09:38,44455.5,TIME_EXIT,-0.317
2026-08-12,002990,금호건설,09:40,14504.5,14490.0,14030.0,26.24,,09:41,14655.3,TIME_EXIT,0.808
2026-08-12,257720,실리콘투,09:51,45695.6,45650.0,44600.0,14.1,,09:52,45954.0,TIME_EXIT,0.334
2026-08-12,003350,한국화장품제조,10:04,11972.0,11960.0,11380.0,15.78,,10:05,12067.9,TIME_EXIT,0.57
2026-08-13,332570,PS일렉트로닉스,09:21,9789.8,9780.0,9420.0,13.97,,09:22,9810.2,TIME_EXIT,-0.022
2026-08-13,950160,코오롱티슈진,09:38,23923.9,23900.0,22700.0,12.06,,09:39,24325.7,TIME_EXIT,1.445
2026-08-13,332570,PS일렉트로닉스,09:44,10160.1,10150.0,9630.0,18.28,,09:45,10109.9,TIME_EXIT,-0.724
2026-08-13,332570,PS일렉트로닉스,09:47,10200.2,10190.0,9990.0,18.74,,09:48,10289.7,TIME_EXIT,0.646
2026-08-13,332570,PS일렉트로닉스,09:53,10400.4,10390.0,10050.0,21.08,,09:54,10419.6,TIME_EXIT,-0.046
2026-08-14,125490,한라캐스트,09:42,12282.3,12270.0,11420.0,13.41,,09:44,12387.6,TIME_EXIT,0.626
2026-08-14,125490,한라캐스트,09:49,12482.5,12470.0,11640.0,15.26,,09:50,12856.9,TAKE_PROFIT,2.763
2026-08-14,125490,한라캐스트,09:52,12902.9,12890.0,11850.0,19.14,,09:53,13226.8,TIME_EXIT,2.274
2026-08-14,125490,한라캐스트,10:28,13483.5,13470.0,12280.0,24.5,,10:30,13556.4,TIME_EXIT,0.31
2026-08-14,950160,코오롱티슈진,13:15,28278.2,28250.0,27150.0,10.46,,13:16,28221.8,TIME_EXIT,-0.429
2026-08-18,387690,레메디,10:59,12892.9,12880.0,12300.0,16.47,,11:00,13056.9,TIME_EXIT,1.04
2026-08-18,003280,흥아해운,12:23,1898.9,1891.0,1841.0,10.85,,12:24,1875.1,TIME_EXIT,-1.479
2026-08-18,387690,레메디,12:31,13203.2,13190.0,12350.0,19.27,,12:32,13146.8,TIME_EXIT,-0.656
2026-08-18,003280,흥아해운,12:40,1925.9,1924.0,1875.0,12.43,,12:41,1920.1,TIME_EXIT,-0.533
2026-08-19,125490,한라캐스트,09:46,13373.4,13360.0,12800.0,12.67,,09:47,13316.7,TIME_EXIT,-0.653
2026-08-19,024840,KBI메탈,10:01,6216.2,6210.0,5780.0,14.48,,10:02,6203.8,TIME_EXIT,-0.429
2026-08-19,025980,아난티,10:47,5495.5,5490.0,4750.0,22.12,,10:48,5514.5,TIME_EXIT,0.115
2026-08-19,025980,아난티,12:23,5565.6,5560.0,5330.0,23.68,,12:24,5604.4,TIME_EXIT,0.466
2026-08-19,025980,아난티,13:13,5675.7,5670.0,5560.0,26.13,,13:14,5684.3,TIME_EXIT,-0.078
2026-08-20,064260,다날,09:26,5435.4,5430.0,5140.0,17.02,,09:27,5434.6,TIME_EXIT,-0.246
2026-08-20,002990,금호건설,11:02,14594.6,14580.0,13420.0,15.83,,11:03,14845.1,TIME_EXIT,1.483
2026-08-20,002990,금호건설,11:36,15805.8,15790.0,15270.0,25.44,,11:39,15764.2,TIME_EXIT,-0.492
2026-08-20,002990,금호건설,12:36,15996.0,15980.0,15450.0,26.95,,12:37,16103.9,TIME_EXIT,0.443
2026-08-20,002990,금호건설,12:59,16176.2,16160.0,15900.0,28.38,,13:00,16108.9,TIME_EXIT,-0.645
2026-08-21,064260,다날,09:22,5645.6,5640.0,5300.0,10.92,,09:23,5734.3,TIME_EXIT,1.336
2026-08-21,025980,아난티,10:10,5745.7,5740.0,5460.0,10.07,,10:11,5794.2,TIME_EXIT,0.612
2026-08-21,025980,아난티,10:26,6036.0,6030.0,5730.0,15.63,,10:27,5984.0,TIME_EXIT,-1.09
2026-08-24,124500,아이티센글로벌,09:21,38438.4,38400.0,36000.0,18.09,,09:22,38111.8,TIME_EXIT,-1.078
2026-08-24,124500,아이티센글로벌,09:48,39789.7,39750.0,38550.0,22.24,,09:49,40009.9,TIME_EXIT,0.322
2026-08-24,124500,아이티센글로벌,11:17,40440.4,40400.0,38300.0,24.24,,11:18,40109.8,TIME_EXIT,-1.045
2026-08-24,008930,한미사이언스,11:45,50650.6,50600.0,47300.0,12.68,,11:46,51248.7,TIME_EXIT,0.948
2026-08-24,008930,한미사이언스,14:01,54754.7,54700.0,50900.0,21.81,,14:02,55244.7,TIME_EXIT,0.663
2026-08-25,388050,지투파워,10:08,9859.8,9850.0,9260.0,14.52,,10:09,9530.5,TIME_EXIT,-3.563
2026-08-25,003350,한국화장품제조,11:02,13453.4,13440.0,13050.0,14.79,,11:03,13386.6,TIME_EXIT,-0.726
2026-08-25,003350,한국화장품제조,11:15,13683.7,13670.0,13090.0,16.75,,11:16,13586.4,TIME_EXIT,-0.939
2026-08-28,001210,금호전기,09:57,10310.3,10300.0,9750.0,25.43,,09:59,10179.8,TIME_EXIT,-1.493
2026-08-28,001210,금호전기,10:08,10320.3,10310.0,9970.0,25.55,,10:09,10199.8,TIME_EXIT,-1.395
2026-08-28,041190,우리기술투자,10:24,6916.9,6910.0,6640.0,12.65,,10:25,6953.0,TIME_EXIT,0.291
2026-08-28,002990,금호건설,11:25,16666.6,16650.0,15450.0,10.01,,11:26,16653.3,TIME_EXIT,-0.31
2026-08-28,001210,금호전기,12:25,10390.4,10380.0,9830.0,26.4,,12:26,10369.6,TIME_EXIT,-0.429
2026-08-31,001210,금호전기,09:45,12432.4,12420.0,11350.0,16.41,,09:46,12417.6,TIME_EXIT,-0.349
2026-08-31,476060,온코닉테라퓨틱스,12:54,18518.5,18500.0,17200.0,25.38,,12:55,18421.6,TIME_EXIT,-0.752
2026-08-31,001210,금호전기,13:15,13193.2,13180.0,12010.0,23.53,,13:16,13206.8,TIME_EXIT,-0.127
2026-09-01,067290,JW신약,09:21,2577.6,2575.0,2420.0,12.07,,09:22,2577.4,TIME_EXIT,-0.236
2026-09-01,090460,비에이치,09:44,20920.9,20900.0,19750.0,14.76,,09:45,20879.1,TIME_EXIT,-0.429
2026-09-01,004310,현대약품,09:48,7187.2,7180.0,6870.0,12.65,,09:49,7302.7,TIME_EXIT,1.374
2026-09-01,090460,비에이치,09:54,21021.0,21000.0,20350.0,15.31,,09:55,21128.8,TIME_EXIT,0.282
2026-09-01,004310,현대약품,09:56,7457.4,7450.0,7100.0,16.89,,09:57,7542.4,TIME_EXIT,0.907
2026-09-02,387690,레메디,09:13,16316.3,16300.0,14780.0,12.6,,09:15,16763.2,TIME_EXIT,2.503
2026-09-02,003160,디아이,09:54,30130.1,30100.0,28850.0,13.06,,09:55,29920.0,TIME_EXIT,-0.926
2026-09-02,003160,디아이,10:09,30180.1,30150.0,29450.0,13.25,,10:10,30119.8,TIME_EXIT,-0.429
2026-09-02,003160,디아이,10:13,30480.4,30450.0,29750.0,14.37,,10:14,30469.5,TIME_EXIT,-0.266
2026-09-03,079650,서산,09:31,7837.8,7830.0,7140.0,15.43,,09:32,7712.3,TIME_EXIT,-1.828
2026-09-03,100090,SK오션플랜트,10:37,13263.2,13250.0,12830.0,10.53,,10:39,13496.5,TIME_EXIT,1.525
2026-09-03,032940,원익,11:39,8408.4,8400.0,7800.0,16.46,,11:40,8311.7,TIME_EXIT,-1.378
2026-09-03,032940,원익,11:51,8698.7,8690.0,8150.0,20.48,,11:52,8761.2,TIME_EXIT,0.487
2026-09-03,032940,원익,13:35,8928.9,8920.0,7840.0,23.67,,13:36,8791.2,TIME_EXIT,-1.769
2026-09-04,234340,헥토파이낸셜,09:31,25625.6,25600.0,24600.0,15.17,,09:32,25824.2,TIME_EXIT,0.543
2026-09-04,030530,원익홀딩스,09:57,19159.1,19140.0,18300.0,10.62,,10:00,19011.0,TIME_EXIT,-1.002
2026-09-04,234340,헥토파이낸셜,10:04,26126.1,26100.0,25250.0,17.42,,10:05,26123.8,TIME_EXIT,-0.239
2026-09-04,058610,에스피지,10:27,94094.0,94000.0,91000.0,12.28,,10:28,94205.7,TIME_EXIT,-0.112
2026-09-07,067290,JW신약,09:26,3853.8,3850.0,3495.0,18.04,,09:28,3881.1,TIME_EXIT,0.476
2026-09-07,336260,두산퓨얼셀,09:38,52352.3,52300.0,50300.0,19.39,,09:39,53346.6,TIME_EXIT,1.665
2026-09-07,012210,삼미금속,10:34,9429.4,9420.0,8890.0,12.93,,10:35,9510.5,TIME_EXIT,0.628
2026-09-07,387690,레메디,11:08,17617.6,17600.0,16920.0,11.86,,11:10,17782.2,TIME_EXIT,0.702
2026-09-07,0039P0,매드업,11:22,9109.1,9100.0,8720.0,11.36,,11:23,9200.8,TIME_EXIT,0.774
2026-09-08,069540,빛과전자,09:33,3483.5,3480.0,3305.0,24.41,,09:34,3511.5,TIME_EXIT,0.572
2026-09-08,069540,빛과전자,09:50,3553.5,3550.0,3405.0,26.91,,09:51,3636.4,TIME_EXIT,2.095
2026-09-08,004310,현대약품,10:06,9719.7,9710.0,9030.0,15.44,,10:07,9900.1,TIME_EXIT,1.622
2026-09-08,067290,JW신약,10:27,4204.2,4200.0,3870.0,17.44,,10:28,4285.7,TIME_EXIT,1.704
2026-09-08,047040,대우건설,10:49,20745.7,20725.0,20300.0,12.69,,10:50,20804.2,TIME_EXIT,0.051
2026-09-09,043260,성호전자,09:39,19359.3,19340.0,18110.0,18.62,,09:40,19270.7,TIME_EXIT,-0.687
2026-09-09,336260,두산퓨얼셀,09:41,57357.3,57300.0,55000.0,16.46,,09:42,56943.0,TIME_EXIT,-0.951
2026-09-09,336260,두산퓨얼셀,09:51,57857.8,57800.0,56200.0,17.48,,09:52,57442.5,TIME_EXIT,-0.946
2026-09-10,024060,흥구석유,09:27,14474.5,14460.0,13930.0,19.72,,09:28,14235.8,TIME_EXIT,-1.875
2026-09-10,024060,흥구석유,09:31,14554.5,14540.0,14040.0,20.38,,09:32,14865.1,TIME_EXIT,1.899
2026-09-10,003280,흥아해운,10:10,1982.0,1980.0,1893.0,12.61,,10:11,1992.0,TIME_EXIT,0.275
2026-09-10,003280,흥아해운,10:36,2192.2,2190.0,2130.0,24.56,,10:37,2187.8,TIME_EXIT,-0.429
2026-09-11,356680,엑스게이트,09:48,13913.9,13900.0,12760.0,12.57,,09:49,14055.9,TIME_EXIT,0.788
2026-09-11,356680,엑스게이트,10:08,14914.9,14900.0,14250.0,20.67,,10:09,14985.0,TIME_EXIT,0.239
2026-09-11,356680,엑스게이트,10:12,15285.3,15270.0,14450.0,23.67,,10:13,15294.7,TIME_EXIT,-0.168
2026-09-11,356680,엑스게이트,10:28,15395.4,15380.0,14920.0,24.56,,10:31,15624.4,TIME_EXIT,1.254
2026-09-11,046970,우리로,10:46,7877.9,7870.0,7140.0,17.58,,10:47,7972.0,TIME_EXIT,0.962
2026-09-14,017900,광전자,09:36,9109.1,9100.0,8450.0,15.31,,09:37,9215.8,TIME_EXIT,0.938
2026-09-14,017900,광전자,09:47,9379.4,9370.0,8830.0,18.73,,09:48,9440.5,TIME_EXIT,0.421
2026-09-14,017900,광전자,10:42,9509.5,9500.0,8900.0,20.37,,10:43,9420.6,TIME_EXIT,-1.163
2026-09-14,017900,광전자,10:46,9569.6,9560.0,9330.0,21.13,,10:47,9560.4,TIME_EXIT,-0.325
2026-09-14,017900,광전자,11:11,9659.6,9650.0,9280.0,22.27,,11:12,9590.4,TIME_EXIT,-0.945
2026-09-15,030530,원익홀딩스,10:29,26426.4,26400.0,24900.0,20.67,,10:30,26123.8,TIME_EXIT,-1.372
2026-09-15,036540,SFA반도체,10:54,8548.5,8540.0,8330.0,13.53,,10:55,8501.5,TIME_EXIT,-0.779
2026-09-15,036540,SFA반도체,11:25,8788.8,8780.0,8670.0,16.72,,11:26,8831.2,TIME_EXIT,0.251
2026-09-15,036540,SFA반도체,11:27,8878.9,8870.0,8700.0,17.91,,11:28,8871.1,TIME_EXIT,-0.317
2026-09-15,036540,SFA반도체,11:37,8979.0,8970.0,8780.0,19.24,,11:38,8981.0,TIME_EXIT,-0.207
2026-09-16,452280,한선엔지니어링,09:22,11881.9,11870.0,11110.0,11.15,,09:23,12008.0,TIME_EXIT,0.829
2026-09-16,072950,빛샘전자,09:26,12622.6,12610.0,11510.0,17.97,,09:27,12937.0,TIME_EXIT,2.255
2026-09-16,072950,빛샘전자,10:10,13783.8,13770.0,12700.0,28.82,,10:11,13796.2,TIME_EXIT,-0.14
2026-09-16,115440,우리넷,10:17,9759.7,9750.0,8990.0,12.05,,10:18,9630.4,TIME_EXIT,-1.553
2026-09-16,452280,한선엔지니어링,10:29,12752.7,12740.0,11630.0,19.3,,10:30,12537.5,TIME_EXIT,-1.914
2026-09-17,043260,성호전자,09:21,20970.9,20950.0,19500.0,12.99,,09:22,20629.3,TIME_EXIT,-1.855
2026-09-17,327260,RF머트리얼즈,09:26,49349.3,49300.0,47700.0,11.52,,09:27,48151.8,TIME_EXIT,-2.651
2026-09-17,043260,성호전자,09:40,21421.4,21400.0,20200.0,15.42,,09:41,21678.3,TIME_EXIT,0.967
2026-09-17,327260,RF머트리얼즈,09:55,49399.3,49350.0,47400.0,11.64,,09:56,49050.9,TIME_EXIT,-0.934
2026-09-17,272210,한화시스템,10:34,76076.0,76000.0,73500.0,10.58,,10:35,76123.8,TIME_EXIT,-0.167
2026-09-18,046970,우리로,09:26,8688.7,8680.0,8270.0,23.77,,09:27,8661.3,TIME_EXIT,-0.544
2026-09-18,005690,파미셀,09:30,13543.5,13530.0,13100.0,16.96,,09:31,13566.4,TIME_EXIT,-0.061
2026-09-18,005690,파미셀,09:32,13603.6,13590.0,13250.0,17.47,,09:33,13636.4,TIME_EXIT,0.01
2026-09-18,010170,대한광통신,09:35,17937.9,17920.0,17270.0,11.21,,09:36,17902.1,TIME_EXIT,-0.429
2026-09-18,005690,파미셀,09:39,13773.8,13760.0,13360.0,18.94,,09:40,13686.3,TIME_EXIT,-0.863
2026-09-21,036540,SFA반도체,09:59,10690.7,10680.0,10320.0,18.52,,10:00,10489.5,TIME_EXIT,-2.107
2026-09-21,067310,하나마이크론,10:02,44394.3,44350.0,43300.0,14.86,,10:03,44355.6,TIME_EXIT,-0.317
2026-09-21,437730,삼현,10:11,55655.6,55600.0,53600.0,11.09,,10:12,54845.1,TIME_EXIT,-1.683
2026-09-22,007810,코리아써키트,09:32,65765.7,65700.0,63100.0,25.75,,09:33,65834.1,TIME_EXIT,-0.126
2026-09-22,356860,티엘비,09:35,44944.9,44900.0,42800.0,17.97,,09:36,44505.4,TIME_EXIT,-1.205
2026-09-22,007810,코리아써키트,09:39,67067.0,67000.0,64700.0,28.24,,09:40,67832.1,TIME_EXIT,0.908
2026-09-22,012210,삼미금속,13:19,13623.6,13610.0,12710.0,22.51,,13:20,13606.4,TIME_EXIT,-0.356
2026-09-22,012210,삼미금속,13:40,13853.8,13840.0,13510.0,24.58,,13:41,13906.1,TIME_EXIT,0.146
2026-09-23,030530,원익홀딩스,09:30,29779.7,29750.0,28400.0,12.38,,09:33,30020.0,TIME_EXIT,0.575
2026-09-23,387690,레메디,10:34,18928.9,18910.0,17720.0,21.96,,10:35,18821.2,TIME_EXIT,-0.798
2026-09-23,115440,우리넷,10:38,11421.4,11410.0,10130.0,22.42,,10:39,11348.6,TIME_EXIT,-0.866
2026-09-23,115440,우리넷,11:03,11961.9,11950.0,11510.0,28.21,,11:04,12107.9,TIME_EXIT,0.987
2026-09-23,046970,우리로,11:07,8498.5,8490.0,8140.0,11.68,,11:08,8621.4,TIME_EXIT,1.213
2026-09-28,014950,삼익제약,09:06,10250.2,10240.0,9220.0,13.39,,09:07,9740.2,TIME_EXIT,-5.194
2026-09-28,009830,한화솔루션,09:47,33533.5,33500.0,32700.0,14.84,,09:48,33216.8,TIME_EXIT,-1.172
2026-09-28,387690,레메디,10:41,21921.9,21900.0,20950.0,16.3,,10:42,22077.9,TIME_EXIT,0.48
2026-09-28,303810,동국생명과학,10:49,3158.2,3155.0,3025.0,12.79,,10:50,3136.9,TIME_EXIT,-0.903
2026-09-28,014950,삼익제약,10:52,10400.4,10390.0,9210.0,15.05,,10:53,10199.8,TIME_EXIT,-2.154
2026-09-29,457370,한켐,09:42,12762.7,12750.0,11790.0,15.5,,09:43,12607.4,TIME_EXIT,-1.445
2026-09-29,452190,한빛레이저,10:03,6446.4,6440.0,5970.0,19.6,,10:04,6403.6,TIME_EXIT,-0.893
2026-09-29,161580,필옵틱스,10:09,37737.7,37700.0,34500.0,10.02,,10:10,38361.6,TIME_EXIT,1.419
2026-09-29,452190,한빛레이저,10:40,6646.6,6640.0,6310.0,23.31,,10:41,6573.4,TIME_EXIT,-1.329
2026-09-29,452190,한빛레이저,11:21,6656.6,6650.0,6390.0,23.5,,11:22,6563.4,TIME_EXIT,-1.627
