trade_day,code,name,sector,prev_close,open,gap_pct,fills,filled_weight,exit_time,exit_price,reason,ret_pct,slot_ret_pct
2026-07-01,000660,SK하이닉스,,2650000.0,2665000.0,0.57,09:12@2665000+09:15@2650000,1.0,15:15,2570427.0,TIME_EXIT,-3.498,-3.498
2026-07-01,002990,금호건설,,11190.0,12000.0,7.24,09:02@12000,0.5,09:03,12720.0,TAKE_PROFIT,5.756,2.878
2026-07-01,005930,삼성전자,,334000.0,334500.0,0.15,09:06@334500+09:06@334000,1.0,15:15,317432.2,TIME_EXIT,-5.25,-5.25
2026-07-01,009150,삼성전기,,2184000.0,2250000.0,3.02,09:02@2250000+09:56@2184000,1.0,15:15,2201796.0,TIME_EXIT,-0.892,-0.892
2026-07-01,353200,대덕전자,,153600.0,153700.0,0.07,09:01@153600+09:02@153700,1.0,15:15,154045.8,TIME_EXIT,0.027,0.027
2026-07-06,000660,SK하이닉스,,2425000.0,2450000.0,1.03,09:01@2425000+09:02@2405000,1.0,15:15,2346651.0,TIME_EXIT,-3.052,-3.052
2026-07-06,005930,삼성전자,,309500.0,320000.0,3.39,09:02@314500+10:56@309500,1.0,15:15,314185.5,TIME_EXIT,0.475,0.475
2026-07-06,153890,져스텍,,15790.0,17410.0,10.26,09:04@16760+09:27@15790,1.0,15:15,13906.1,TIME_EXIT,-14.676,-14.676
2026-07-13,095610,테스,,177700.0,189900.0,6.87,09:02@183900,0.5,09:10,193095.0,TAKE_PROFIT,4.759,2.379
2026-07-13,319660,피에스케이,,189400.0,197000.0,4.01,09:02@190300+09:02@189400,1.0,09:08,199341.4,TAKE_PROFIT,4.759,4.759
2026-07-22,000660,SK하이닉스,,1836000.0,1977000.0,7.68,09:02@1969000,0.5,15:15,1839159.0,TIME_EXIT,-6.809,-3.405
2026-07-22,005930,삼성전자,,259000.0,276000.0,6.56,09:02@273000,0.5,15:15,261987.8,TIME_EXIT,-4.254,-2.127
2026-07-22,006340,대원전선,,11840.0,12240.0,3.38,09:02@12170,0.5,09:03,12778.5,TAKE_PROFIT,4.759,2.379
2026-07-22,277810,레인보우로보틱스,,411500.0,493000.0,19.81,09:03@493000,0.5,09:13,517650.0,TAKE_PROFIT,4.759,2.379
2026-07-22,402340,SK스퀘어,,1253000.0,1361000.0,8.62,09:11@1361000+14:06@1253000,1.0,15:15,1228770.0,TIME_EXIT,-6.041,-6.041
2026-07-23,005930,삼성전자,,260500.0,269000.0,3.26,09:02@268500,0.5,15:15,269230.5,TIME_EXIT,0.041,0.021
2026-07-23,009150,삼성전기,,1345000.0,1412000.0,4.98,10:59@1412000,0.5,15:15,1447551.0,TIME_EXIT,2.282,1.141
2026-07-23,058610,에스피지,,82600.0,90300.0,9.32,09:02@88500+09:11@82600,1.0,15:15,83716.2,TIME_EXIT,-2.252,-2.252
2026-07-23,277810,레인보우로보틱스,,478500.0,517000.0,8.05,09:02@510000+09:12@478500,1.0,15:15,507492.0,TIME_EXIT,2.547,2.547
2026-07-23,475150,SK이터닉스,,62000.0,64500.0,4.03,09:02@64500,0.5,09:05,67725.0,TAKE_PROFIT,4.759,2.379
2026-07-24,010060,OCI홀딩스,,247000.0,258500.0,4.66,09:02@255500+09:02@247000,1.0,10:31,263737.0,TAKE_PROFIT,4.759,4.759
2026-07-24,475150,SK이터닉스,,80600.0,80800.0,0.25,09:01@80600+09:02@79800,1.0,10:10,84207.9,TAKE_PROFIT,4.759,4.759
2026-07-28,413630,씨피시스템,,4065.0,4160.0,2.34,09:04@4160,0.5,09:11,4368.0,TAKE_PROFIT,4.759,2.379
2026-08-03,000150,두산,,1170000.0,1189000.0,1.62,09:01@1170000,0.5,09:02,1228500.0,TAKE_PROFIT,4.759,2.379
2026-08-03,402340,SK스퀘어,,1038000.0,1070000.0,3.08,09:01@1038000+09:02@1053000,1.0,15:15,1011987.0,TIME_EXIT,-3.423,-3.423
2026-08-04,005380,현대차,,393000.0,395500.0,0.64,09:01@393000+09:02@391000,1.0,15:15,390609.0,TIME_EXIT,-0.583,-0.583
2026-08-04,009150,삼성전기,,1181000.0,1278000.0,8.21,09:02@1261000+09:17@1181000,1.0,15:15,1184814.0,TIME_EXIT,-3.083,-3.083
2026-08-05,000660,SK하이닉스,,1577000.0,1693000.0,7.36,09:02@1678000,0.5,15:15,1695303.0,TIME_EXIT,0.799,0.399
2026-08-05,005930,삼성전자,,240000.0,254000.0,5.83,09:02@252500,0.5,15:15,248251.5,TIME_EXIT,-1.909,-0.954
2026-08-05,006360,GS건설,,28750.0,29100.0,1.22,09:01@28750+09:02@28700,1.0,09:05,30161.2,TAKE_PROFIT,4.759,4.759
2026-08-05,009150,삼성전기,,1185000.0,1336000.0,12.74,09:03@1336000,0.5,15:15,1352646.0,TIME_EXIT,1.013,0.507
2026-08-05,475150,SK이터닉스,,55800.0,56900.0,1.97,09:01@55800+09:02@54600,1.0,09:08,57953.2,TAKE_PROFIT,4.759,4.759
2026-08-06,336260,두산퓨얼셀,,34600.0,35700.0,3.18,09:02@34800+09:02@34600,1.0,15:15,33116.8,TIME_EXIT,-4.781,-4.781
2026-08-06,477850,마키나락스,,29800.0,30800.0,3.36,09:01@29800+09:02@29550,1.0,09:05,31158.2,TAKE_PROFIT,4.759,4.759
2026-08-10,005930,삼성전자,,231000.0,236000.0,2.16,09:02@233500+09:03@231000,1.0,15:15,229520.2,TIME_EXIT,-1.4,-1.4
2026-08-10,009150,삼성전기,,1278000.0,1315000.0,2.9,09:02@1315000+10:33@1278000,1.0,15:15,1273725.0,TIME_EXIT,-1.963,-1.963
2026-08-11,062040,산일전기,,183800.0,183900.0,0.05,09:01@183800+09:02@180800,1.0,15:15,183915.9,TIME_EXIT,0.661,0.661
2026-08-13,000660,SK하이닉스,,1504000.0,1582000.0,5.19,09:02@1582000,0.5,15:15,1595403.0,TIME_EXIT,0.615,0.308
2026-08-13,002990,금호건설,,14930.0,15900.0,6.5,09:02@15610,0.5,09:03,16470.0,TAKE_PROFIT,5.267,2.633
2026-08-13,005930,삼성전자,,255500.0,267500.0,4.7,09:02@266500,0.5,15:15,265734.0,TIME_EXIT,-0.517,-0.258
2026-08-13,161890,한국콜마,,132500.0,133000.0,0.38,09:01@132500,0.5,09:08,139125.0,TAKE_PROFIT,4.759,2.379
2026-08-14,000660,SK하이닉스,,1593000.0,1695000.0,6.4,09:02@1688000,0.5,15:15,1642356.0,TIME_EXIT,-2.928,-1.464
2026-08-14,001820,삼화콘덴서,,103300.0,107900.0,4.45,09:02@107800+09:07@103300,1.0,15:15,103396.5,TIME_EXIT,-2.221,-2.221
2026-08-14,005930,삼성전자,,268000.0,275000.0,2.61,09:02@273500+09:53@268000,1.0,15:15,272727.0,TIME_EXIT,0.509,0.509
2026-08-14,009150,삼성전기,,1503000.0,1593000.0,5.99,09:02@1589000,0.5,15:15,1559439.0,TIME_EXIT,-2.086,-1.043
2026-08-14,950160,코오롱티슈진,,25600.0,26800.0,4.69,09:02@26800+09:03@25600,1.0,09:06,27495.6,TAKE_PROFIT,4.759,4.759
2026-08-18,000660,SK하이닉스,,1645000.0,1736000.0,5.53,09:02@1736000,0.5,15:15,1656841.5,TIME_EXIT,-4.779,-2.39
2026-08-18,005930,삼성전자,,274500.0,283000.0,3.1,09:02@283000+11:25@274500,1.0,15:15,267482.2,TIME_EXIT,-4.241,-4.241
2026-08-18,009150,삼성전기,,1558000.0,1574000.0,1.03,09:02@1574000+09:03@1558000,1.0,15:15,1440558.0,TIME_EXIT,-8.219,-8.219
2026-08-18,125490,한라캐스트,,12590.0,12870.0,2.22,09:02@12660+09:02@12590,1.0,15:15,11908.1,TIME_EXIT,-5.895,-5.895
2026-08-25,124500,아이티센글로벌,,37900.0,39250.0,3.56,09:02@39250,0.5,09:14,41212.5,TAKE_PROFIT,4.759,2.379
2026-08-25,128940,한미약품,,540000.0,550000.0,1.85,09:01@540000+09:02@542000,1.0,15:15,500499.0,TIME_EXIT,-7.699,-7.699
2026-08-26,000880,한화,,118100.0,118600.0,0.42,09:02@118600+09:02@118100,1.0,09:05,124266.9,TAKE_PROFIT,4.759,4.759
2026-08-26,034020,두산에너빌리티,,80700.0,82900.0,2.73,09:02@82700,0.5,15:15,85714.2,TIME_EXIT,3.406,1.703
2026-08-26,052690,한전기술,,108600.0,110200.0,1.47,09:02@109200+09:02@108600,1.0,09:21,114344.1,TAKE_PROFIT,4.759,4.759
2026-08-27,000660,SK하이닉스,,1688000.0,1776000.0,5.21,09:02@1770000,0.5,15:15,1715283.0,TIME_EXIT,-3.314,-1.657
2026-08-27,005930,삼성전자,,261500.0,270000.0,3.25,09:02@269000,0.5,15:15,263985.8,TIME_EXIT,-2.09,-1.045
2026-08-28,009150,삼성전기,,1385000.0,1398000.0,0.94,09:17@1398000,0.5,15:15,1421577.0,TIME_EXIT,1.453,0.726
2026-08-28,0155E0,해치텍,,16850.0,17420.0,3.38,09:02@17420,0.5,09:06,18291.0,TAKE_PROFIT,4.759,2.379
2026-08-31,001210,금호전기,,10680.0,11090.0,3.84,09:03@11090,0.5,09:08,11644.5,TAKE_PROFIT,4.759,2.379
2026-08-31,002990,금호건설,,17020.0,17060.0,0.24,09:04@17060+09:04@17020,1.0,09:10,17892.0,TAKE_PROFIT,4.759,4.759
2026-08-31,161890,한국콜마,,161700.0,162200.0,0.31,09:01@161700+09:03@162200,1.0,15:15,160439.4,TIME_EXIT,-1.16,-1.16
2026-09-01,001210,금호전기,,12480.0,13140.0,5.29,09:02@12950,0.5,09:03,13597.5,TAKE_PROFIT,4.759,2.379
2026-09-04,022100,포스코DX,,21400.0,21900.0,2.34,09:01@21400+09:02@21400,1.0,15:15,21528.5,TIME_EXIT,0.369,0.369
2026-09-04,032940,원익,,8580.0,8760.0,2.1,09:02@8690,0.5,09:15,9124.5,TAKE_PROFIT,4.759,2.379
2026-09-04,234690,녹십자웰빙,,10750.0,11000.0,2.33,09:01@10750+09:02@10680,1.0,15:15,10389.6,TIME_EXIT,-3.259,-3.259
2026-09-07,000660,SK하이닉스,,1647000.0,1737000.0,5.46,09:02@1737000,0.5,15:15,1779219.0,TIME_EXIT,2.195,1.098
2026-09-07,005930,삼성전자,,255500.0,267000.0,4.5,09:02@267000,0.5,15:15,268731.0,TIME_EXIT,0.417,0.208
2026-09-07,009150,삼성전기,,1401000.0,1450000.0,3.5,09:02@1450000,0.5,15:15,1448550.0,TIME_EXIT,-0.33,-0.165
2026-09-07,030530,원익홀딩스,,22500.0,23100.0,2.67,09:01@22500+09:02@22150,1.0,09:33,23439.8,TAKE_PROFIT,4.759,4.759
2026-09-07,108490,로보티즈,,304500.0,314500.0,3.28,09:02@308500+09:03@304500,1.0,09:22,321811.3,TAKE_PROFIT,4.759,4.759
2026-09-08,000660,SK하이닉스,,1783000.0,1799000.0,0.9,09:02@1791000+09:03@1783000,1.0,12:30,1876340.6,TAKE_PROFIT,4.759,4.759
2026-09-08,005930,삼성전자,,270000.0,272000.0,0.74,09:02@271750+09:04@270000,1.0,15:15,269979.8,TIME_EXIT,-0.559,-0.559
2026-09-08,012210,삼미금속,,10200.0,10600.0,3.92,09:02@10400,0.5,09:11,10920.0,TAKE_PROFIT,4.759,2.379
2026-09-08,0155E0,해치텍,,14650.0,15100.0,3.07,09:09@15100,0.5,09:28,15855.0,TAKE_PROFIT,4.759,2.379
2026-09-08,386380,스카이랩스,,30550.0,31650.0,3.6,14:58@31650,0.5,15:06,33232.5,TAKE_PROFIT,4.759,2.379
2026-09-10,000660,SK하이닉스,,1856000.0,1879000.0,1.24,09:02@1875000+09:13@1856000,1.0,15:15,1856142.0,TIME_EXIT,-0.728,-0.728
2026-09-10,012210,삼미금속,,13030.0,13160.0,1.0,09:01@13030+09:02@12760,1.0,15:15,12377.6,TIME_EXIT,-4.223,-4.223
2026-09-11,003280,흥아해운,,1901.0,2050.0,7.84,09:04@2030+13:38@1901,1.0,15:15,1891.1,TIME_EXIT,-3.903,-3.903
2026-09-11,024060,흥구석유,,14510.0,17010.0,17.23,09:04@16750,0.5,15:15,14665.3,TIME_EXIT,-12.647,-6.324
2026-09-14,003350,한국화장품제조,,15710.0,16100.0,2.48,09:14@16100+09:20@15710,1.0,15:15,15044.9,TIME_EXIT,-5.611,-5.611
2026-09-14,203650,드림시큐리티,,2620.0,2745.0,4.77,09:02@2745,0.5,09:10,2882.2,TAKE_PROFIT,4.759,2.379
2026-09-14,356680,엑스게이트,,16060.0,16780.0,4.48,11:37@16780,0.5,15:15,16983.0,TIME_EXIT,0.977,0.489
2026-09-16,030530,원익홀딩스,,25050.0,25100.0,0.2,09:01@25050+09:02@25100,1.0,15:15,25074.9,TIME_EXIT,-0.23,-0.23
2026-09-16,062970,한국첨단소재,,3360.0,3570.0,6.25,09:02@3570,0.5,09:06,3748.5,TAKE_PROFIT,4.759,2.379
2026-09-17,000660,SK하이닉스,,1759000.0,1770000.0,0.63,09:03@1770000+09:06@1759000,1.0,15:15,1745253.0,TIME_EXIT,-1.317,-1.317
2026-09-17,005930,삼성전자,,253500.0,257000.0,1.38,09:03@257000+09:16@253500,1.0,15:15,252497.2,TIME_EXIT,-1.301,-1.301
2026-09-17,010170,대한광통신,,16100.0,16200.0,0.62,09:03@16200+09:03@16100,1.0,15:15,16034.0,TIME_EXIT,-0.946,-0.946
2026-09-17,072950,빛샘전자,,13530.0,14280.0,5.54,09:02@14240+09:07@13530,1.0,09:51,14569.7,TAKE_PROFIT,4.759,4.759
2026-09-17,452280,한선엔지니어링,,13000.0,13380.0,2.92,09:02@13380,0.5,09:04,14049.0,TAKE_PROFIT,4.759,2.379
2026-09-18,010170,대한광통신,,16130.0,16360.0,1.43,09:02@16280,0.5,09:04,17094.0,TAKE_PROFIT,4.759,2.379
2026-09-18,042370,비츠로테크,,11440.0,11450.0,0.09,09:02@11450+09:02@11440,1.0,15:15,11478.5,TIME_EXIT,0.062,0.062
2026-09-18,043260,성호전자,,21600.0,22250.0,3.01,09:02@21950,0.5,09:08,23047.5,TAKE_PROFIT,4.759,2.379
2026-09-21,000660,SK하이닉스,,1857000.0,1872000.0,0.81,09:02@1869000+09:12@1857000,1.0,15:15,1858639.5,TIME_EXIT,-0.462,-0.462
2026-09-21,005930,삼성전자,,261000.0,264000.0,1.15,09:02@264000,0.5,15:15,272727.0,TIME_EXIT,3.068,1.534
2026-09-21,009150,삼성전기,,1388000.0,1432000.0,3.17,09:02@1420000,0.5,15:15,1426572.0,TIME_EXIT,0.232,0.116
2026-09-21,043260,성호전자,,26800.0,27400.0,2.24,09:01@26800+09:02@26850,1.0,15:15,26573.4,TIME_EXIT,-1.166,-1.166
2026-09-21,046970,우리로,,8080.0,8250.0,2.1,09:01@8080+09:02@8110,1.0,15:15,7832.2,TIME_EXIT,-3.469,-3.469
2026-09-22,000660,SK하이닉스,,1868000.0,1909000.0,2.19,10:51@1909000+13:47@1868000,1.0,15:15,1843155.0,TIME_EXIT,-2.614,-2.614
2026-09-22,005930,삼성전자,,274000.0,283000.0,3.28,09:02@283000+14:27@274000,1.0,15:15,277222.5,TIME_EXIT,-0.662,-0.662
2026-09-22,009150,삼성전기,,1429000.0,1491000.0,4.34,13:30@1491000,0.5,15:15,1481517.0,TIME_EXIT,-0.865,-0.432
2026-09-22,232140,와이씨,,14250.0,14310.0,0.42,09:01@14250+09:02@14190,1.0,09:38,14930.9,TAKE_PROFIT,4.759,4.759
2026-09-22,386380,스카이랩스,,25250.0,26150.0,3.56,09:02@26150+09:04@25250,1.0,15:15,24026.0,TIME_EXIT,-6.7,-6.7
2026-09-22,425040,티이엠씨,,12820.0,12970.0,1.17,09:02@12880+09:02@12820,1.0,15:15,12487.5,TIME_EXIT,-3.044,-3.044
2026-09-23,005930,삼성전자,,276500.0,284500.0,2.89,09:02@284000,0.5,15:15,284465.2,TIME_EXIT,-0.067,-0.033
2026-09-23,007810,코리아써키트,,65600.0,66000.0,0.61,09:02@65800+09:02@65600,1.0,15:15,65034.9,TIME_EXIT,-1.24,-1.24
2026-09-23,009150,삼성전기,,1486000.0,1543000.0,3.84,09:02@1533000+09:38@1486000,1.0,15:15,1502496.0,TIME_EXIT,-0.669,-0.669
2026-09-23,402340,SK스퀘어,,1133000.0,1179000.0,4.06,09:06@1179000,0.5,15:15,1176822.0,TIME_EXIT,-0.414,-0.207
2026-09-28,115440,우리넷,,12120.0,12230.0,0.91,09:01@12120+09:02@12230,1.0,09:06,12783.5,TAKE_PROFIT,4.759,4.759
2026-09-28,402340,SK스퀘어,,1190000.0,1201000.0,0.92,09:01@1190000+09:02@1182000,1.0,15:15,1094904.0,TIME_EXIT,-7.892,-7.892
2026-09-28,440110,파두,,81600.0,82400.0,0.98,09:02@82400,0.5,09:16,86520.0,TAKE_PROFIT,4.759,2.379
