매수일,종목코드,종목명,매수가,결과,매도일,수익률,손익(원),코스피 종가,코스피 20일선,이격(종가/20일선),20일선 위치,20일선 기울기(1일),20일선 기울기(5일),기울기,구분
2025-01-02,454910,두산로보틱스,67067,손절,2025-01-03,-0.0499,-3346,2398.94,2440.87,-0.0172,아래,-0.00114,-0.0074,하락,아래 · 하락
2025-01-02,272210,한화시스템,23924,익절,2025-02-12,0.1996,19100,2398.94,2440.87,-0.0172,아래,-0.00114,-0.0074,하락,아래 · 하락
2025-01-02,090710,휴림로봇,1748,손절,2025-01-08,-0.05,-4895,2398.94,2440.87,-0.0172,아래,-0.00114,-0.0074,하락,아래 · 하락
2025-01-02,474170,루미르,11081,손절,2025-01-09,-0.0497,-4406,2398.94,2440.87,-0.0172,아래,-0.00114,-0.0074,하락,아래 · 하락
2025-01-02,295310,에이치브이엠,27427,손절,2025-01-08,-0.0511,-4202,2398.94,2440.87,-0.0172,아래,-0.00114,-0.0074,하락,아래 · 하락
2025-01-02,455900,엔젤로보틱스,26877,손절,2025-01-03,-0.0502,-4046,2398.94,2440.87,-0.0172,아래,-0.00114,-0.0074,하락,아래 · 하락
2025-01-02,030530,원익홀딩스,2813,손절,2025-01-03,-0.0499,-4912,2398.94,2440.87,-0.0172,아래,-0.00114,-0.0074,하락,아래 · 하락
2025-01-02,378800,샤페론,3408,익절,2025-01-14,0.198,19567,2398.94,2440.87,-0.0172,아래,-0.00114,-0.0074,하락,아래 · 하락
2025-01-03,009830,한화솔루션,16882,익절,2025-02-06,0.2003,16910,2441.92,2437.96,0.0016,위,-0.00119,-0.007,하락,위 · 하락
2025-01-03,028300,HLB,75776,익절,2025-02-27,0.1988,15063,2441.92,2437.96,0.0016,위,-0.00119,-0.007,하락,위 · 하락
2025-01-03,089030,테크윙,42242,익절,2025-01-10,0.1981,16736,2441.92,2437.96,0.0016,위,-0.00119,-0.007,하락,위 · 하락
2025-01-03,084650,랩지노믹스,13539,익절,2025-01-06,0.1981,18778,2441.92,2437.96,0.0016,위,-0.00119,-0.007,하락,위 · 하락
2025-01-03,403870,HPSP,28078,익절,2025-01-24,0.1981,16686,2441.92,2437.96,0.0016,위,-0.00119,-0.007,하락,위 · 하락
2025-01-06,096530,씨젠,27878,손절,2025-01-07,-0.0503,-4207,2488.64,2439.19,0.0203,위,0.00051,-0.005,하락,위 · 하락
2025-01-07,010140,삼성중공업,11842,익절,2025-02-19,0.1987,18823,2492.1,2441.7,0.0206,위,0.00103,-0.0019,하락,위 · 하락
2025-01-08,005930,삼성전자,57357,손절,2025-01-13,-0.0507,-2911,2521.05,2446.35,0.0305,위,0.0019,0.0011,상승,위 · 상승
2025-01-09,204270,제이앤티씨,23273,손절,2025-01-10,-0.0509,-4742,2521.9,2454.41,0.0275,위,0.0033,0.0055,상승,위 · 상승
2025-01-09,323280,태성,28679,손절,2025-01-13,-0.0507,-4366,2521.9,2454.41,0.0275,위,0.0033,0.0055,상승,위 · 상승
2025-01-10,105560,KB금융,87888,손절,2025-02-06,-0.0503,-4423,2515.78,2459.31,0.023,위,0.002,0.0088,상승,위 · 상승
2025-01-10,032820,우리기술,1838,익절,2025-01-22,0.2004,19885,2515.78,2459.31,0.023,위,0.002,0.0088,상승,위 · 상승
2025-01-14,078600,대주전자재료,95095,익절,2025-02-19,0.1988,18902,2497.4,2462.43,0.0142,위,0.00031,0.0085,상승,위 · 상승
2025-01-14,351870,차이커뮤니케이션,12723,손절,2025-01-20,-0.05,-4457,2497.4,2462.43,0.0142,위,0.00031,0.0085,상승,위 · 상승
2025-01-14,035900,JYP Ent.,75876,손절,2025-03-11,-0.059,-4477,2497.4,2462.43,0.0142,위,0.00031,0.0085,상승,위 · 상승
2025-01-20,443670,에스피소프트,9930,손절,2025-01-23,-0.05,-4965,2520.05,2469.59,0.0204,위,0.00072,0.0032,상승,위 · 상승
2025-01-22,042000,카페24,40490,손절,2025-01-24,-0.0506,-4097,2547.06,2480.84,0.0267,위,0.00289,0.0074,상승,위 · 상승
2025-01-23,328130,루닛,33033,손절,2025-01-31,-0.0506,-5013,2515.49,2484.51,0.0125,위,0.00148,0.0081,상승,위 · 상승
2025-01-31,003780,진양산업,11291,손절,2025-02-04,-0.0497,-4492,2517.37,2493.71,0.0095,위,0.00176,0.0098,상승,위 · 상승
2025-01-31,304100,솔트룩스,27678,익절,2025-02-05,0.1992,16540,2517.37,2493.71,0.0095,위,0.00176,0.0098,상승,위 · 상승
2025-01-31,394800,쓰리빌리언,5566,익절,2025-02-06,0.1981,18744,2517.37,2493.71,0.0095,위,0.00176,0.0098,상승,위 · 상승
2025-02-05,047560,이스트소프트,26226,손절,2025-02-07,-0.0513,-4039,2509.27,2505.8,0.0014,위,0.00221,0.0086,상승,위 · 상승
2025-02-05,323410,카카오뱅크,22873,손절,2025-04-02,-0.0518,-4736,2509.27,2505.8,0.0014,위,0.00221,0.0086,상승,위 · 상승
2025-02-06,267250,HD현대,86787,손절,2025-02-07,-0.0498,-4319,2536.75,2510.54,0.0104,위,0.00189,0.0085,상승,위 · 상승
2025-02-06,034220,LG디스플레이,9690,손절,2025-02-10,-0.0501,-4856,2536.75,2510.54,0.0104,위,0.00189,0.0085,상승,위 · 상승
2025-02-06,375500,DL이앤씨,35185,익절,2025-02-26,0.1987,13980,2536.75,2510.54,0.0104,위,0.00189,0.0085,상승,위 · 상승
2025-02-07,464080,에스오에스랩,15425,손절,2025-02-12,-0.0497,-4600,2521.92,2512.2,0.0039,위,0.00066,0.0074,상승,위 · 상승
2025-02-07,000990,DB하이텍,38939,익절,2025-02-20,0.1985,15456,2521.92,2512.2,0.0039,위,0.00066,0.0074,상승,위 · 상승
2025-02-10,424960,스마트레이더시스템,14114,손절,2025-03-05,-0.0497,-4913,2521.27,2513.66,0.003,위,0.00058,0.007,상승,위 · 상승
2025-02-12,288330,파라택시스코리아,5455,손절,2025-02-14,-0.0513,-5040,2548.39,2515.88,0.0129,위,0.00053,0.004,상승,위 · 상승
2025-02-13,047810,한국항공우주,55055,익절,2025-02-20,0.1985,10928,2583.17,2519.25,0.0254,위,0.00134,0.0035,상승,위 · 상승
2025-02-14,005930,삼성전자,56056,손절,2025-03-07,-0.0501,-2806,2591.05,2524.33,0.0264,위,0.00201,0.0048,상승,위 · 상승
2025-02-19,047050,포스코인터내셔널,43844,익절,2025-02-26,0.1999,17525,2671.52,2543.68,0.0503,위,0.00284,0.011,상승,위 · 상승
2025-02-19,082740,한화엔진,26627,손절,2025-02-20,-0.0506,-4043,2671.52,2543.68,0.0503,위,0.00284,0.011,상승,위 · 상승
2025-02-20,094480,갤럭시아머니트리,8398,손절,2025-02-21,-0.0798,-7372,2654.06,2550.21,0.0407,위,0.00257,0.0123,상승,위 · 상승
2025-02-21,086520,에코프로,67267,손절,2025-02-28,-0.0498,-3347,2654.58,2556.93,0.0382,위,0.00264,0.0129,상승,위 · 상승
2025-02-21,456070,이엔셀,20721,손절,2025-02-25,-0.0534,-4424,2654.58,2556.93,0.0382,위,0.00264,0.0129,상승,위 · 상승
2025-02-21,439090,마녀공장,18889,손절,2025-04-07,-0.0497,-4697,2654.58,2556.93,0.0382,위,0.00264,0.0129,상승,위 · 상승
2025-02-25,018290,브이티,37437,손절,2025-02-26,-0.0504,-3775,2630.29,2567.46,0.0245,위,0.00162,0.0122,상승,위 · 상승
2025-02-26,068760,셀트리온제약,56356,손절,2025-03-04,-0.0498,-2807,2641.09,2573.74,0.0262,위,0.00245,0.0118,상승,위 · 상승
2025-02-27,459100,위츠,9329,손절,2025-02-28,-0.0498,-4643,2621.75,2577.98,0.017,위,0.00165,0.0109,상승,위 · 상승
2025-02-27,086960,MDS테크,3304,손절,2025-02-28,-0.0507,-5027,2621.75,2577.98,0.017,위,0.00165,0.0109,상승,위 · 상승
2025-02-28,005010,휴스틸,4900,익절,2025-03-04,0.1979,19393,2532.78,2578.75,-0.0178,아래,0.0003,0.0085,상승,아래 · 상승
2025-02-28,253840,수젠텍,6887,손절,2025-03-04,-0.0501,-4834,2532.78,2578.75,-0.0178,아래,0.0003,0.0085,상승,아래 · 상승
2025-02-28,161890,한국콜마,61461,익절,2025-04-16,0.1986,12208,2532.78,2578.75,-0.0178,아래,0.0003,0.0085,상승,아래 · 상승
2025-03-05,333430,일승,5105,손절,2025-03-07,-0.0497,-4821,2558.13,2586.32,-0.0109,아래,0.00148,0.0073,상승,아래 · 상승
2025-03-05,452280,한선엔지니어링,8529,손절,2025-03-06,-0.0506,-4744,2558.13,2586.32,-0.0109,아래,0.00148,0.0073,상승,아래 · 상승
2025-03-10,035720,카카오,45445,손절,2025-03-13,-0.0499,-4534,2570.39,2593.43,-0.0089,아래,0.00094,0.0057,상승,아래 · 상승
2025-03-10,010950,S-Oil,62262,손절,2025-03-14,-0.0502,-3129,2570.39,2593.43,-0.0089,아래,0.00094,0.0057,상승,아래 · 상승
2025-03-10,035250,강원랜드,16987,손절,2025-04-03,-0.0948,-8052,2570.39,2593.43,-0.0089,아래,0.00094,0.0057,상승,아래 · 상승
2025-03-11,000270,기아,98498,손절,2025-03-18,-0.0554,-5460,2537.6,2594.25,-0.0218,아래,0.00031,0.0045,상승,아래 · 상승
2025-03-12,352480,씨앤씨인터내셔널,41491,손절,2025-03-28,-0.0507,-4205,2574.82,2596.03,-0.0082,아래,0.00069,0.0038,상승,아래 · 상승
2025-03-12,001450,현대해상,24775,손절,2025-03-13,-0.0501,-4964,2574.82,2596.03,-0.0082,아래,0.00069,0.0038,상승,아래 · 상승
2025-03-12,241560,두산밥캣,51351,손절,2025-03-27,-0.0504,-2589,2574.82,2596.03,-0.0082,아래,0.00069,0.0038,상승,아래 · 상승
2025-03-13,115500,케이씨에스,12462,손절,2025-03-21,-0.0798,-6963,2573.64,2597.3,-0.0091,아래,0.00049,0.0029,상승,아래 · 상승
2025-03-13,452190,한빛레이저,6837,손절,2025-03-20,-0.0505,-4831,2573.64,2597.3,-0.0091,아래,0.00049,0.0029,상승,아래 · 상승
2025-03-14,356680,엑스게이트,9439,손절,2025-03-19,-0.0503,-4747,2566.36,2596.46,-0.0116,아래,-0.00032,0.0021,상승,아래 · 상승
2025-03-18,290690,아리바이오홀딩스,4915,손절,2025-03-19,-0.0505,-4961,2612.34,2597.53,0.0057,위,4e-05,0.0013,상승,위 · 상승
2025-03-19,450140,코오롱모빌리티그룹,3093,익절,2025-03-25,0.1989,19690,2628.62,2597.62,0.0119,위,3e-05,0.0006,상승,위 · 상승
2025-03-21,067310,하나마이크론,13493,손절,2025-03-25,-0.0504,-4757,2643.13,2595.36,0.0184,위,-0.00021,-0.0004,하락,위 · 하락
2025-03-21,356860,티엘비,10977,손절,2025-03-27,-0.0498,-4918,2643.13,2595.36,0.0184,위,-0.00021,-0.0004,하락,위 · 하락
2025-03-21,055550,신한지주,47848,손절,2025-04-07,-0.0622,-5948,2643.13,2595.36,0.0184,위,-0.00021,-0.0004,하락,위 · 하락
2025-03-25,086790,하나금융지주,62663,손절,2025-03-31,-0.05,-3130,2615.81,2592.76,0.0089,위,-0.00057,-0.0018,하락,위 · 하락
2025-03-26,066570,LG전자,84885,손절,2025-03-28,-0.0508,-4312,2643.94,2593.44,0.0195,위,0.00026,-0.0016,하락,위 · 하락
2025-03-27,084690,대상홀딩스,12983,손절,2025-03-28,-0.0499,-4534,2607.15,2591.74,0.0059,위,-0.00065,-0.0016,하락,위 · 하락
2025-03-27,088340,유라클,12002,익절,2025-04-01,0.1985,19059,2607.15,2591.74,0.0059,위,-0.00065,-0.0016,하락,위 · 하락
2025-03-31,000720,현대건설,35986,손절,2025-04-07,-0.0509,-3664,2481.12,2585.97,-0.0405,아래,-0.001,-0.0032,하락,아래 · 하락
2025-04-02,388720,유일로보틱스,72372,익절,2025-04-03,0.1986,14373,2505.86,2582.98,-0.0299,아래,-0.00101,-0.004,하락,아래 · 하락
2025-04-03,017960,한국카본,16567,익절,2025-04-24,0.1979,19669,2486.7,2578.51,-0.0356,아래,-0.00173,-0.0051,하락,아래 · 하락
2025-04-04,014160,대영포장,1777,익절,2025-04-08,0.1995,19848,2465.42,2573.61,-0.042,아래,-0.0019,-0.0058,하락,아래 · 하락
2025-04-04,007110,일신석재,2217,손절,2025-05-02,-0.051,-4978,2465.42,2573.61,-0.042,아래,-0.0019,-0.0058,하락,아래 · 하락
2025-04-07,304100,솔트룩스,28478,익절,2025-04-11,0.1988,16983,2328.2,2561.5,-0.0911,아래,-0.00471,-0.0095,하락,아래 · 하락
2025-04-07,000910,유니온,6006,익절,2025-04-09,0.1983,19059,2328.2,2561.5,-0.0911,아래,-0.00471,-0.0095,하락,아래 · 하락
2025-04-07,094480,갤럭시아머니트리,8348,손절,2025-04-09,-0.0504,-4627,2328.2,2561.5,-0.0911,아래,-0.00471,-0.0095,하락,아래 · 하락
2025-04-08,241520,DSC인베스트먼트,5896,익절,2025-04-14,0.4239,39990,2334.23,2551.33,-0.0851,아래,-0.00397,-0.0133,하락,아래 · 하락
2025-04-09,047560,이스트소프트,19740,익절,2025-04-14,0.2339,23085,2293.7,2537.27,-0.096,아래,-0.00551,-0.0177,하락,아래 · 하락
2025-04-10,257720,실리콘투,29529,익절,2025-04-28,0.2017,17872,2445.06,2530.84,-0.0339,아래,-0.00253,-0.0185,하락,아래 · 하락
2025-04-10,015760,한국전력,22973,익절,2025-05-16,0.1993,18312,2445.06,2530.84,-0.0339,아래,-0.00253,-0.0185,하락,아래 · 하락
2025-04-11,097230,HJ중공업,8258,손절,2025-04-15,-0.0497,-4924,2432.72,2524.16,-0.0362,아래,-0.00264,-0.0192,하락,아래 · 하락
2025-04-11,071970,HD현대마린엔진,31231,익절,2025-04-28,0.2034,19056,2432.72,2524.16,-0.0362,아래,-0.00264,-0.0192,하락,아래 · 하락
2025-04-14,382150,온코크로스,12643,익절,2025-04-18,0.1986,17573,2455.89,2516.42,-0.0241,아래,-0.00307,-0.0176,하락,아래 · 하락
2025-04-14,408900,스튜디오미르,3789,손절,2025-04-18,-0.0499,-4912,2455.89,2516.42,-0.0241,아래,-0.00307,-0.0176,하락,아래 · 하락
2025-04-14,030520,한컴,22072,손절,2025-04-16,-0.0512,-4524,2455.89,2516.42,-0.0241,아래,-0.00307,-0.0176,하락,아래 · 하락
2025-04-15,090710,휴림로봇,2147,손절,2025-04-16,-0.0502,-4963,2477.41,2509.68,-0.0129,아래,-0.00268,-0.0163,하락,아래 · 하락
2025-04-16,411080,샌즈랩,8789,손절,2025-04-18,-0.0503,-4865,2447.43,2500.62,-0.0213,아래,-0.00361,-0.0144,하락,아래 · 하락
2025-04-16,017670,SK텔레콤,57858,손절,2025-04-28,-0.0503,-2912,2447.43,2500.62,-0.0213,아래,-0.00361,-0.0144,하락,아래 · 하락
2025-04-17,009830,한화솔루션,20867,익절,2025-04-24,0.1984,16556,2470.41,2492.28,-0.0088,아래,-0.00333,-0.0152,하락,아래 · 하락
2025-04-18,347850,디앤디파마텍,14880,익절,2025-05-02,0.1982,17691,2483.42,2484.3,-0.0004,아래,-0.0032,-0.0158,하락,아래 · 하락
2025-04-18,105560,KB금융,82482,익절,2025-05-23,0.1981,16342,2483.42,2484.3,-0.0004,아래,-0.0032,-0.0158,하락,아래 · 하락
2025-04-18,052690,한전기술,62562,손절,2025-05-07,-0.05,-3130,2483.42,2484.3,-0.0004,아래,-0.0032,-0.0158,하락,아래 · 하락
2025-04-24,042660,한화오션,80981,손절,2025-04-30,-0.0506,-4097,2522.33,2460.49,0.0251,위,-0.00172,-0.0128,하락,위 · 하락
2025-04-24,034020,두산에너빌리티,26927,손절,2025-05-07,-0.0686,-5543,2522.33,2460.49,0.0251,위,-0.00172,-0.0128,하락,위 · 하락
2025-04-28,489790,한화비전,60060,손절,2025-04-29,-0.0503,-3020,2548.86,2463.3,0.0347,위,0.00138,-0.0056,하락,위 · 하락
2025-04-28,008770,호텔신라,44144,익절,2025-06-11,0.1985,17524,2548.86,2463.3,0.0347,위,0.00138,-0.0056,하락,위 · 하락
2025-04-28,086790,하나금융지주,62062,익절,2025-06-04,0.1983,12306,2548.86,2463.3,0.0347,위,0.00138,-0.0056,하락,위 · 하락
2025-04-29,098460,고영,13904,익절,2025-05-08,0.1983,19295,2565.42,2465.5,0.0405,위,0.00089,-0.0021,하락,위 · 하락
2025-05-02,007660,이수페타시스,36737,익절,2025-06-11,0.1983,14570,2559.79,2471.69,0.0356,위,0.00148,0.0046,상승,위 · 상승
2025-05-07,003490,대한항공,22673,손절,2025-06-13,-0.05,-4533,2573.8,2477.11,0.039,위,0.00219,0.007,상승,위 · 상승
2025-05-07,028300,HLB,58859,손절,2025-05-16,-0.0512,-3016,2573.8,2477.11,0.039,위,0.00219,0.007,상승,위 · 상승
2025-05-07,402340,SK스퀘어,92392,익절,2025-05-28,0.1982,18311,2573.8,2477.11,0.039,위,0.00219,0.007,상승,위 · 상승
2025-05-08,451250,삐아,12452,손절,2025-05-12,-0.0502,-4380,2579.48,2489.67,0.0361,위,0.00507,0.0107,상승,위 · 상승
2025-05-08,028050,삼성E&A,20020,익절,2025-07-04,0.1992,15949,2579.48,2489.67,0.0361,위,0.00507,0.0107,상승,위 · 상승
2025-05-12,005930,삼성전자,57658,손절,2025-05-22,-0.0505,-2912,2607.33,2517.51,0.0357,위,0.00627,0.02,상승,위 · 상승
2025-05-22,241710,코스메카코리아,49600,익절,2025-06-18,0.1995,19789,2593.67,2578.55,0.0059,위,0.00205,0.0134,상승,위 · 상승
2025-05-26,092790,넥스틸,15465,손절,2025-05-30,-0.0502,-4661,2644.4,2589.77,0.0211,위,0.0023,0.0118,상승,위 · 상승
2025-05-26,010950,S-Oil,53654,익절,2025-06-13,0.1982,10632,2644.4,2589.77,0.0211,위,0.0023,0.0118,상승,위 · 상승
2025-05-27,298380,에이비엘바이오,82683,손절,2025-05-29,-0.0508,-4203,2637.22,2595.51,0.0161,위,0.00222,0.0114,상승,위 · 상승
2025-05-30,226950,올릭스,54354,손절,2025-06-02,-0.0515,-2799,2697.67,2616.91,0.0309,위,0.00253,0.0128,상승,위 · 상승
2025-05-30,234920,자이글,4865,손절,2025-06-02,-0.0499,-4857,2697.67,2616.91,0.0309,위,0.00253,0.0128,상승,위 · 상승
2025-06-02,304100,솔트룩스,34885,익절,2025-06-04,0.199,13882,2698.97,2624.02,0.0286,위,0.00272,0.0132,상승,위 · 상승
2025-06-02,000990,DB하이텍,42342,익절,2025-09-10,0.2,16935,2698.97,2624.02,0.0286,위,0.00272,0.0132,상승,위 · 상승
2025-06-04,088340,유라클,27227,익절,2025-06-05,0.1989,16244,2770.84,2634.58,0.0517,위,0.00402,0.0151,상승,위 · 상승
2025-06-04,294570,쿠콘,27527,익절,2025-06-05,0.1985,16392,2770.84,2634.58,0.0517,위,0.00402,0.0151,상승,위 · 상승
2025-06-04,108860,셀바스AI,14765,손절,2025-07-14,-0.0497,-4405,2770.84,2634.58,0.0517,위,0.00402,0.0151,상승,위 · 상승
2025-06-05,007110,일신석재,2658,손절,2025-06-23,-0.0601,-5908,2812.05,2646.49,0.0626,위,0.00452,0.0172,상승,위 · 상승
2025-06-05,052690,한전기술,73273,손절,2025-06-10,-0.0501,-3669,2812.05,2646.49,0.0626,위,0.00452,0.0172,상승,위 · 상승
2025-06-10,417180,핑거스토리,14749,손절,2025-06-13,-0.0501,-4431,2871.85,2675.03,0.0736,위,0.00554,0.0222,상승,위 · 상승
2025-06-11,017670,SK텔레콤,53754,보유중,,0.6204,33147,2907.04,2690.02,0.0807,위,0.0056,0.0251,상승,위 · 상승
2025-06-11,403870,HPSP,27728,손절,2025-07-08,-0.0506,-4205,2907.04,2690.02,0.0807,위,0.0056,0.0251,상승,위 · 상승
2025-06-13,047810,한국항공우주,97798,손절,2025-06-24,-0.0538,-5258,2894.62,2718.3,0.0649,위,0.00469,0.0271,상승,위 · 상승
2025-06-13,082740,한화엔진,29379,손절,2025-06-25,-0.0513,-4523,2894.62,2718.3,0.0649,위,0.00469,0.0271,상승,위 · 상승
2025-06-13,462860,더즌,3654,익절,2025-06-17,0.198,19536,2894.62,2718.3,0.0649,위,0.00469,0.0271,상승,위 · 상승
2025-06-17,011790,SKC,98228,손절,2025-07-17,-0.0498,-4890,2950.3,2750.74,0.0725,위,0.00591,0.0283,상승,위 · 상승
2025-06-18,041020,폴라리스오피스,6136,손절,2025-07-29,-0.0509,-5000,2972.19,2769.18,0.0733,위,0.0067,0.0294,상승,위 · 상승
2025-06-23,466100,클로봇,18413,익절,2025-06-24,0.1981,18240,3014.47,2828.83,0.0656,위,0.00749,0.0345,상승,위 · 상승
2025-06-24,086520,에코프로,48949,손절,2025-06-27,-0.0507,-4959,3103.64,2854.4,0.0873,위,0.00904,0.0377,상승,위 · 상승
2025-06-24,450080,에코프로머티,49499,손절,2025-06-26,-0.0501,-4963,3103.64,2854.4,0.0873,위,0.00904,0.0377,상승,위 · 상승
2025-06-25,095340,ISC,62062,손절,2025-06-27,-0.0504,-3128,3108.25,2877.6,0.0802,위,0.00813,0.0392,상승,위 · 상승
2025-06-26,446540,메가터치,4264,손절,2025-06-27,-0.0506,-4960,3079.56,2899.71,0.062,위,0.00769,0.0401,상승,위 · 상승
2025-07-01,139480,이마트,95195,손절,2025-07-02,-0.0499,-4750,3089.65,2956.16,0.0452,위,0.00667,0.0356,상승,위 · 상승
2025-07-02,161000,애경케미칼,12292,손절,2025-07-03,-0.05,-4921,3075.06,2974.96,0.0336,위,0.00636,0.0338,상승,위 · 상승
2025-07-03,005070,코스모신소재,38639,손절,2025-07-07,-0.0503,-3884,3116.27,2992.23,0.0415,위,0.00581,0.0319,상승,위 · 상승
2025-07-03,100090,SK오션플랜트,21271,손절,2025-07-07,-0.053,-4512,3116.27,2992.23,0.0415,위,0.00581,0.0319,상승,위 · 상승
2025-07-03,204320,HL만도,34935,손절,2025-07-08,-0.0509,-3556,3116.27,2992.23,0.0415,위,0.00581,0.0319,상승,위 · 상승
2025-07-07,005180,빙그레,92592,손절,2025-07-16,-0.0501,-4640,3059.47,3014.53,0.0149,위,0.00339,0.0266,상승,위 · 상승
2025-07-08,014970,삼륭물산,8198,손절,2025-07-10,-0.05,-4921,3114.95,3026.68,0.0292,위,0.00403,0.0239,상승,위 · 상승
2025-07-08,071090,하이스틸,4504,손절,2025-07-10,-0.0503,-4984,3114.95,3026.68,0.0292,위,0.00403,0.0239,상승,위 · 상승
2025-07-09,004990,롯데지주,35235,손절,2025-07-10,-0.0505,-3559,3133.74,3038.02,0.0315,위,0.00375,0.0212,상승,위 · 상승
2025-07-09,294570,쿠콘,36787,익절,2025-07-14,0.198,14570,3133.74,3038.02,0.0315,위,0.00375,0.0212,상승,위 · 상승
2025-07-10,041190,우리기술투자,10380,익절,2025-07-14,0.1982,18518,3183.23,3051.18,0.0433,위,0.00433,0.0197,상승,위 · 상승
2025-07-11,066970,엘앤에프,58058,손절,2025-07-14,-0.0502,-2913,3175.77,3065.24,0.0361,위,0.00461,0.0203,상승,위 · 상승
2025-07-11,489790,한화비전,55555,손절,2025-07-14,-0.0505,-2804,3175.77,3065.24,0.0361,위,0.00461,0.0203,상승,위 · 상승
2025-07-14,008770,호텔신라,52352,손절,2025-07-28,-0.0505,-2642,3202.03,3078.0,0.0403,위,0.00417,0.0211,상승,위 · 상승
2025-07-15,010140,삼성중공업,18058,익절,2025-08-27,0.1995,18017,3215.28,3091.25,0.0401,위,0.0043,0.0213,상승,위 · 상승
2025-07-16,213420,덕산네오룩스,41341,손절,2025-07-17,-0.0508,-4203,3186.38,3101.96,0.0272,위,0.00346,0.021,상승,위 · 상승
2025-07-17,068330,일신바이오,2172,손절,2025-07-18,-0.0497,-4859,3192.29,3112.69,0.0256,위,0.00346,0.0202,상승,위 · 상승
2025-07-17,298380,에이비엘바이오,73073,익절,2025-07-24,0.198,14471,3192.29,3112.69,0.0256,위,0.00346,0.0202,상승,위 · 상승
2025-07-17,009420,한올바이오파마,29930,손절,2025-07-21,-0.0504,-4530,3192.29,3112.69,0.0256,위,0.00346,0.0202,상승,위 · 상승
2025-07-17,028300,HLB,54054,손절,2025-07-21,-0.0499,-2698,3192.29,3112.69,0.0256,위,0.00346,0.0202,상승,위 · 상승
2025-07-17,053030,바이넥스,17698,손절,2025-07-22,-0.05,-4425,3192.29,3112.69,0.0256,위,0.00346,0.0202,상승,위 · 상승
2025-07-18,476040,오가노이드사이언스,40240,손절,2025-07-21,-0.0509,-4095,3188.07,3121.0,0.0215,위,0.00267,0.0182,상승,위 · 상승
2025-07-21,009830,한화솔루션,35785,손절,2025-07-30,-0.0498,-3561,3210.81,3130.82,0.0255,위,0.00315,0.0172,상승,위 · 상승
2025-07-21,051980,중앙첨단소재,2813,익절,2025-07-24,0.1995,19642,3210.81,3130.82,0.0255,위,0.00315,0.0172,상승,위 · 상승
2025-07-21,112610,씨에스윈드,51652,손절,2025-07-23,-0.0501,-2590,3210.81,3130.82,0.0255,위,0.00315,0.0172,상승,위 · 상승
2025-07-22,200670,휴메딕스,73073,손절,2025-07-23,-0.0502,-3668,3169.94,3134.13,0.0114,위,0.00106,0.0139,상승,위 · 상승
2025-07-24,042660,한화오션,88889,익절,2025-07-31,0.1982,17622,3190.45,3143.45,0.015,위,0.00177,0.0099,상승,위 · 상승
2025-07-24,098070,한텍,39790,손절,2025-07-25,-0.0502,-3992,3190.45,3143.45,0.015,위,0.00177,0.0099,상승,위 · 상승
2025-07-24,323280,태성,29980,익절,2025-07-28,0.1987,17868,3190.45,3143.45,0.015,위,0.00177,0.0099,상승,위 · 상승
2025-07-24,348370,엔켐,64665,손절,2025-07-25,-0.0501,-3237,3190.45,3143.45,0.015,위,0.00177,0.0099,상승,위 · 상승
2025-07-25,234340,헥토파이낸셜,20270,손절,2025-07-29,-0.05,-4058,3196.05,3150.46,0.0145,위,0.00223,0.0094,상승,위 · 상승
2025-07-25,475150,SK이터닉스,24975,손절,2025-07-30,-0.0497,-3725,3196.05,3150.46,0.0145,위,0.00223,0.0094,상승,위 · 상승
2025-07-28,015760,한국전력,39840,손절,2025-08-01,-0.0526,-4192,3209.52,3157.35,0.0165,위,0.00219,0.0085,상승,위 · 상승
2025-07-28,083650,비에이치아이,42943,손절,2025-07-30,-0.0502,-4315,3209.52,3157.35,0.0165,위,0.00219,0.0085,상승,위 · 상승
2025-07-29,290690,아리바이오홀딩스,5776,손절,2025-07-30,-0.0504,-4950,3230.57,3164.4,0.0209,위,0.00223,0.0097,상승,위 · 상승
2025-07-29,033500,동성화인텍,27978,손절,2025-08-01,-0.0501,-4208,3230.57,3164.4,0.0209,위,0.00223,0.0097,상승,위 · 상승
2025-07-30,067310,하나마이크론,12683,손절,2025-08-04,-0.0526,-4665,3254.47,3173.37,0.0256,위,0.00283,0.0113,상승,위 · 상승
2025-07-31,272210,한화시스템,59459,손절,2025-08-04,-0.0508,-3018,3245.44,3179.83,0.0206,위,0.00204,0.0116,상승,위 · 상승
2025-07-31,025980,아난티,9960,손절,2025-08-29,-0.0499,-4966,3245.44,3179.83,0.0206,위,0.00204,0.0116,상승,위 · 상승
2025-07-31,033340,좋은사람들,1847,익절,2025-08-08,0.1999,19568,3245.44,3179.83,0.0206,위,0.00204,0.0116,상승,위 · 상승
2025-08-01,253840,수젠텍,7257,손절,2025-08-05,-0.0505,-4766,3119.41,3183.08,-0.02,아래,0.00102,0.0104,상승,아래 · 상승
2025-08-01,033230,인성정보,2237,손절,2025-08-22,-0.0506,-4981,3119.41,3183.08,-0.02,아래,0.00102,0.0104,상승,아래 · 상승
2025-08-04,100090,SK오션플랜트,22172,손절,2025-08-06,-0.051,-4525,3147.75,3187.5,-0.0125,아래,0.00139,0.0095,상승,아래 · 상승
2025-08-05,001440,대한전선,16466,손절,2025-08-20,-0.0571,-5641,3198.0,3191.65,0.002,위,0.0013,0.0086,상승,위 · 상승
2025-08-06,052690,한전기술,96396,손절,2025-08-19,-0.0504,-4854,3198.14,3194.87,0.001,위,0.00101,0.0068,상승,위 · 상승
2025-08-07,035720,카카오,63664,손절,2025-09-01,-0.0508,-3234,3227.68,3197.09,0.0096,위,0.0007,0.0054,상승,위 · 상승
2025-08-08,009270,신원,1901,손절,2025-08-20,-0.05,-4939,3210.01,3198.8,0.0035,위,0.00054,0.0049,상승,위 · 상승
2025-08-08,122870,와이지엔터테인먼트,93293,손절,2025-11-04,-0.0498,-4643,3210.01,3198.8,0.0035,위,0.00054,0.0049,상승,위 · 상승
2025-08-19,377300,카카오페이,67567,손절,2025-08-20,-0.051,-3448,3151.56,3197.84,-0.0145,아래,-0.00093,-0.0004,하락,아래 · 하락
2025-08-20,201490,미투온,6366,손절,2025-08-21,-0.0508,-4850,3130.09,3195.84,-0.0206,아래,-0.00062,-0.0006,하락,아래 · 하락
2025-08-20,249420,일동제약,22823,손절,2025-09-02,-0.0497,-4535,3130.09,3195.84,-0.0206,아래,-0.00062,-0.0006,하락,아래 · 하락
2025-08-21,047040,대우건설,4159,손절,2025-08-26,-0.0506,-4836,3141.74,3193.74,-0.0163,아래,-0.00066,-0.0019,하락,아래 · 하락
2025-08-21,018290,브이티,39189,손절,2025-08-26,-0.0509,-3988,3141.74,3193.74,-0.0163,아래,-0.00066,-0.0019,하락,아래 · 하락
2025-08-25,032820,우리기술,3919,손절,2025-09-01,-0.0509,-4985,3209.86,3193.35,0.0052,위,0.00022,-0.0023,하락,위 · 하락
2025-08-26,441270,파인엠텍,11511,손절,2025-09-02,-0.0497,-4578,3179.36,3191.84,-0.0039,아래,-0.00047,-0.0019,하락,아래 · 하락
2025-08-26,376300,디어유,57257,손절,2025-08-27,-0.0508,-2910,3179.36,3191.84,-0.0039,아래,-0.00047,-0.0019,하락,아래 · 하락
2025-08-27,012510,더존비즈온,77277,익절,2025-09-19,0.213,16456,3187.16,3189.67,-0.0008,아래,-0.00068,-0.0019,하락,아래 · 하락
2025-08-28,024720,콜마홀딩스,14464,손절,2025-09-01,-0.05,-4339,3196.32,3186.76,0.003,위,-0.00091,-0.0022,하락,위 · 하락
2025-08-29,347850,디앤디파마텍,39429,손절,2025-09-01,-0.0503,-3969,3186.01,3183.79,0.0007,위,-0.00093,-0.0028,하락,위 · 하락
2025-09-01,064260,다날,8649,익절,2025-09-19,0.1981,18842,3142.93,3184.97,-0.0132,아래,0.00037,-0.0026,하락,아래 · 하락
2025-09-01,459510,나우로보틱스,18318,손절,2025-09-05,-0.0501,-4586,3142.93,3184.97,-0.0132,아래,0.00037,-0.0026,하락,아래 · 하락
2025-09-02,082850,우리바이오,12337,손절,2025-09-24,-0.0503,-4962,3172.35,3186.2,-0.0043,아래,0.00039,-0.0018,하락,아래 · 하락
2025-09-02,090710,휴림로봇,2718,손절,2025-09-04,-0.0515,-5039,3172.35,3186.2,-0.0043,아래,0.00039,-0.0018,하락,아래 · 하락
2025-09-04,100090,SK오션플랜트,22773,익절,2025-09-08,0.1989,18115,3200.83,3185.65,0.0048,위,4e-05,-0.0003,하락,위 · 하락
2025-09-04,006730,서부T&D,10661,손절,2025-09-08,-0.0506,-4852,3200.83,3185.65,0.0048,위,4e-05,-0.0003,하락,위 · 하락
2025-09-05,475580,에이럭스,11592,손절,2025-10-21,-0.0503,-4660,3205.12,3184.52,0.0065,위,-0.00035,0.0002,상승,위 · 상승
2025-09-05,004020,현대제철,34835,손절,2025-10-01,-0.051,-3556,3205.12,3184.52,0.0065,위,-0.00035,0.0002,상승,위 · 상승
2025-09-08,058470,리노공업,48999,익절,2025-10-14,0.1979,19393,3219.59,3185.0,0.0109,위,0.00015,0.0,상승,위 · 상승
2025-09-08,322000,HD현대에너지솔루션,52452,손절,2025-09-10,-0.0504,-2643,3219.59,3185.0,0.0109,위,0.00015,0.0,상승,위 · 상승
2025-09-10,005930,삼성전자,72673,익절,2025-10-02,0.2266,16469,3314.53,3193.9,0.0378,위,0.00195,0.0026,상승,위 · 상승
2025-09-10,086790,하나금융지주,87187,보유중,,0.5266,45607,3314.53,3193.9,0.0378,위,0.00195,0.0026,상승,위 · 상승
2025-09-19,060250,NHN KCP,16206,손절,2025-09-22,-0.05,-4857,3445.24,3278.76,0.0508,위,0.00423,0.0219,상승,위 · 상승
2025-09-19,439580,블루엠텍,6326,손절,2025-09-24,-0.0511,-4848,3445.24,3278.76,0.0508,위,0.00423,0.0219,상승,위 · 상승
2025-09-23,457190,이수스페셜티케미컬,51251,손절,2025-09-24,-0.0505,-2588,3486.19,3307.04,0.0542,위,0.00466,0.0223,상승,위 · 상승
2025-09-24,034020,두산에너빌리티,65966,손절,2025-09-26,-0.0507,-3342,3472.14,3321.29,0.0454,위,0.00431,0.0223,상승,위 · 상승
2025-09-25,010950,S-Oil,61261,익절,2025-10-23,0.2091,12807,3471.11,3335.03,0.0408,위,0.00414,0.0215,상승,위 · 상승
2025-09-26,006220,제주은행,15475,손절,2025-09-30,-0.0502,-4661,3386.05,3345.03,0.0123,위,0.003,0.0202,상승,위 · 상승
2025-09-30,419530,SAMG엔터,61762,손절,2025-10-01,-0.0506,-3127,3424.6,3372.06,0.0156,위,0.00375,0.0197,상승,위 · 상승
2025-10-01,082740,한화엔진,49600,손절,2025-10-10,-0.05,-4964,3455.83,3385.63,0.0207,위,0.00402,0.0194,상승,위 · 상승
2025-10-01,257720,실리콘투,47447,손절,2025-10-10,-0.05,-4748,3455.83,3385.63,0.0207,위,0.00402,0.0194,상승,위 · 상승
2025-10-10,083650,비에이치아이,54054,손절,2025-10-17,-0.0591,-3197,3610.6,3423.32,0.0547,위,0.00596,0.0234,상승,위 · 상승
2025-10-10,103590,일진전기,39139,익절,2025-10-24,0.1987,15555,3610.6,3423.32,0.0547,위,0.00596,0.0234,상승,위 · 상승
2025-10-10,187660,페니트리움바이오,2757,익절,2025-10-13,0.1986,19711,3610.6,3423.32,0.0547,위,0.00596,0.0234,상승,위 · 상승
2025-10-10,241560,두산밥캣,57157,손절,2025-11-19,-0.0509,-2910,3610.6,3423.32,0.0547,위,0.00596,0.0234,상승,위 · 상승
2025-10-13,001440,대한전선,18158,손절,2025-10-14,-0.0499,-4533,3584.55,3441.57,0.0415,위,0.00533,0.0244,상승,위 · 상승
2025-10-14,005070,코스모신소재,46496,익절,2025-10-21,0.198,18409,3561.81,3456.65,0.0304,위,0.00438,0.0251,상승,위 · 상승
2025-10-14,066970,엘앤에프,82582,익절,2025-10-17,0.2341,19337,3561.81,3456.65,0.0304,위,0.00438,0.0251,상승,위 · 상승
2025-10-17,054540,삼영엠텍,15275,손절,2025-10-20,-0.0502,-4597,3748.89,3511.67,0.0676,위,0.00506,0.0258,상승,위 · 상승
2025-10-17,018880,한온시스템,3489,익절,2025-10-30,0.3164,30908,3748.89,3511.67,0.0676,위,0.00506,0.0258,상승,위 · 상승
2025-10-20,010120,LS ELECTRIC,63964,익절,2025-10-27,0.1985,12700,3814.69,3532.04,0.08,위,0.0058,0.0263,상승,위 · 상승
2025-10-21,014940,오리엔탈정공,11511,손절,2025-10-22,-0.0497,-4578,3823.84,3550.75,0.0769,위,0.0053,0.0272,상승,위 · 상승
2025-10-21,005690,파미셀,13483,익절,2025-10-27,0.1986,18745,3823.84,3550.75,0.0769,위,0.0053,0.0272,상승,위 · 상승
2025-10-22,003550,LG,80180,보유중,,0.3956,31462,3883.68,3574.26,0.0866,위,0.00662,0.0289,상승,위 · 상승
2025-10-23,017510,세명전기,11271,손절,2025-11-10,-0.0498,-4491,3845.56,3593.48,0.0702,위,0.00538,0.0285,상승,위 · 상승
2025-10-24,000720,현대건설,66667,손절,2025-11-05,-0.0502,-3345,3941.59,3618.29,0.0894,위,0.00691,0.0304,상승,위 · 상승
2025-10-27,097230,HJ중공업,31582,손절,2025-10-28,-0.0512,-4848,4042.83,3647.0,0.1085,위,0.00793,0.0325,상승,위 · 상승
2025-10-27,0008Z0,에스엔시스,45495,손절,2025-10-29,-0.0498,-4534,4042.83,3647.0,0.1085,위,0.00793,0.0325,상승,위 · 상승
2025-10-28,035720,카카오,63764,손절,2025-11-05,-0.0507,-3234,4010.41,3673.21,0.0918,위,0.00719,0.0345,상승,위 · 상승
2025-10-29,218410,RFHIC,34184,손절,2025-11-06,-0.0505,-3451,4081.15,3703.66,0.1019,위,0.00829,0.0362,상승,위 · 상승
2025-10-30,347850,디앤디파마텍,55611,익절,2025-10-31,0.1991,11070,4086.89,3734.45,0.0944,위,0.00831,0.0392,상승,위 · 상승
2025-10-31,317830,에스피시스템스,10991,손절,2025-11-05,-0.0501,-4953,4107.5,3770.52,0.0894,위,0.00966,0.0421,상승,위 · 상승
2025-11-04,316140,우리금융지주,26276,보유중,,0.3453,26976,4121.74,3844.91,0.072,위,0.00915,0.0467,상승,위 · 상승
2025-11-06,249420,일동제약,30631,손절,2025-11-07,-0.051,-4687,4026.45,3896.21,0.0334,위,0.00616,0.0433,상승,위 · 상승
2025-11-06,452450,피아이이,9219,손절,2025-11-11,-0.0503,-4638,4026.45,3896.21,0.0334,위,0.00616,0.0433,상승,위 · 상승
2025-11-06,024110,기업은행,20120,보유중,,0.0139,928,4026.45,3896.21,0.0334,위,0.00616,0.0433,상승,위 · 상승
2025-11-06,001450,현대해상,29229,손절,2025-11-07,-0.0499,-4372,4026.45,3896.21,0.0334,위,0.00616,0.0433,상승,위 · 상승
2025-11-07,241710,코스메카코리아,76977,손절,2025-11-10,-0.0504,-3883,3953.76,3913.36,0.0103,위,0.0044,0.0379,상승,위 · 상승
2025-11-07,082270,젬백스,54554,손절,2025-11-10,-0.2287,-12474,3953.76,3913.36,0.0103,위,0.0044,0.0379,상승,위 · 상승
2025-11-10,456160,지투지바이오,74775,손절,2025-11-11,-0.0505,-3774,4073.24,3937.8,0.0344,위,0.00624,0.0335,상승,위 · 상승
2025-11-10,005940,NH투자증권,21972,손절,2025-11-18,-0.0515,-4522,4073.24,3937.8,0.0344,위,0.00624,0.0335,상승,위 · 상승
2025-11-10,000120,CJ대한통운,91191,보유중,,-0.2346,-21558,4073.24,3937.8,0.0344,위,0.00624,0.0335,상승,위 · 상승
2025-11-11,214150,클래시스,54254,손절,2025-11-26,-0.0498,-2699,4106.39,3965.03,0.0357,위,0.00691,0.0312,상승,위 · 상승
2025-11-11,281820,케이씨텍,43543,손절,2025-11-12,-0.0507,-4420,4106.39,3965.03,0.0357,위,0.00691,0.0312,상승,위 · 상승
2025-11-12,950160,코오롱티슈진,51251,익절,2025-11-21,0.1998,10239,4150.39,3989.68,0.0403,위,0.00622,0.0303,상승,위 · 상승
2025-11-18,204620,글로벌텍스프리,5956,익절,2025-11-21,0.1983,18902,3953.62,4044.15,-0.0224,아래,0.00161,0.02,상승,아래 · 상승
2025-11-19,257720,실리콘투,46546,손절,2025-11-26,-0.0499,-4642,3929.51,4046.44,-0.0289,아래,0.00057,0.0142,상승,아래 · 상승
2025-11-21,389500,에스비비테크,31031,손절,2025-11-25,-0.0504,-4692,3853.26,4049.99,-0.0486,아래,-0.00109,0.0065,상승,아래 · 상승
2025-11-24,014280,금강공업,6176,손절,2025-11-25,-0.0506,-5003,3846.06,4040.15,-0.048,아래,-0.00243,0.0006,상승,아래 · 상승
2025-11-25,488280,에스투더블유,27878,손절,2025-11-26,-0.0503,-4207,3857.78,4032.52,-0.0433,아래,-0.00189,-0.0029,하락,아래 · 하락
2025-11-26,017800,현대엘리베이터,82082,보유중,,-0.1021,-8556,3960.87,4026.5,-0.0163,아래,-0.00149,-0.0049,하락,아래 · 하락
2025-11-27,125490,한라캐스트,12533,익절,2025-12-01,0.1979,17365,3986.91,4021.5,-0.0086,아래,-0.00124,-0.0081,하락,아래 · 하락
2025-11-27,476060,온코닉테라퓨틱스,17768,익절,2025-11-28,0.1995,17722,3986.91,4021.5,-0.0086,아래,-0.00124,-0.0081,하락,아래 · 하락
2025-11-27,105840,우진,16316,손절,2025-12-01,-0.0503,-4919,3986.91,4021.5,-0.0086,아래,-0.00124,-0.0081,하락,아래 · 하락
2025-11-28,475960,토모큐브,47798,손절,2025-12-01,-0.0497,-4751,3926.59,4012.46,-0.0214,아래,-0.00225,-0.0093,하락,아래 · 하락
2025-12-01,356890,싸이버원,4575,손절,2025-12-02,-0.0507,-4868,3920.37,3997.38,-0.0193,아래,-0.00376,-0.0106,하락,아래 · 하락
2025-12-02,439260,대한조선,72172,손절,2025-12-26,-0.0508,-3665,3994.93,3991.04,0.001,위,-0.00159,-0.0103,하락,위 · 하락
2025-12-02,474650,링크솔루션,37638,익절,2025-12-03,0.1988,14964,3994.93,3991.04,0.001,위,-0.00159,-0.0103,하락,위 · 하락
2025-12-02,047050,포스코인터내셔널,55656,손절,2025-12-15,-0.0504,-2804,3994.93,3991.04,0.001,위,-0.00159,-0.0103,하락,위 · 하락
2025-12-03,000720,현대건설,70570,손절,2025-12-04,-0.0504,-3559,4036.3,3992.64,0.0109,위,0.0004,-0.0084,하락,위 · 하락
2025-12-04,466100,클로봇,42382,손절,2025-12-05,-0.0506,-4290,4028.51,3992.74,0.009,위,3e-05,-0.0072,하락,위 · 하락
2025-12-05,086520,에코프로,96997,익절,2025-12-08,0.1979,19196,4100.05,4000.05,0.025,위,0.00183,-0.0031,하락,위 · 하락
2025-12-08,022100,포스코DX,28478,손절,2025-12-11,-0.0511,-4363,4154.85,4004.13,0.0376,위,0.00102,0.0017,상승,위 · 상승
2025-12-12,006340,대원전선,4164,손절,2025-12-15,-0.0505,-4837,4167.16,4010.0,0.0392,위,0.00194,0.0025,상승,위 · 상승
2025-12-15,030530,원익홀딩스,37537,손절,2025-12-16,-0.0503,-3776,4090.59,4010.07,0.0201,위,2e-05,0.0015,상승,위 · 상승
2025-12-15,161580,필옵틱스,47598,손절,2025-12-16,-0.0499,-4750,4090.59,4010.07,0.0201,위,2e-05,0.0015,상승,위 · 상승
2025-12-16,021240,코웨이,90090,손절,2025-12-29,-0.0503,-4531,3999.13,4012.34,-0.0033,아래,0.00057,0.0016,상승,아래 · 상승
2025-12-17,195870,해성디에스,58558,손절,2025-12-18,-0.0498,-2915,4056.41,4018.69,0.0094,위,0.00158,0.0034,상승,위 · 상승
2025-12-19,006800,미래에셋증권,22723,보유중,,0.4193,37812,4020.55,4026.54,-0.0015,아래,0.00208,0.0041,상승,아래 · 상승
2025-12-26,080220,제주반도체,21121,익절,2025-12-30,0.1981,16736,4129.68,4067.03,0.0154,위,0.00176,0.0122,상승,위 · 상승
2025-12-29,347850,디앤디파마텍,97798,손절,2025-12-30,-0.0497,-4859,4220.56,4081.73,0.034,위,0.00361,0.0137,상승,위 · 상승
2025-12-30,486990,노타,46346,보유중,,-0.5609,-52096,4214.17,4096.42,0.0287,위,0.0036,0.0141,상승,위 · 상승
2025-12-30,067310,하나마이크론,25776,보유중,,0.7924,60956,4214.17,4096.42,0.0287,위,0.0036,0.0141,상승,위 · 상승
