code,date,pages
000220,2023-12-08,4
000440,2023-10-19,4
000490,2023-09-05,4
000490,2023-12-22,4
000500,2024-11-20,4
000540,2024-02-14,4
000680,2024-03-18,4
000680,2025-02-13,4
001380,2024-12-13,4
001440,2024-05-14,4
001470,2024-11-11,4
001470,2024-11-12,4
001470,2024-11-22,4
001470,2024-12-11,4
002140,2024-10-16,4
002410,2024-11-22,4
002410,2024-12-11,4
002630,2024-12-23,4
002630,2025-01-02,4
002630,2025-03-27,4
002630,2025-04-02,4
002630,2025-05-08,4
002710,2026-10-01,4
002800,2023-10-25,4
002800,2025-04-22,4
002880,2023-11-06,4
003070,2024-06-13,4
003280,2024-01-15,4
003310,2025-04-21,4
003530,2023-12-05,4
003580,2024-03-26,4
003780,2025-02-03,4
003960,2024-07-09,4
004090,2023-09-13,4
004090,2024-06-04,4
004090,2024-06-05,4
004100,2023-12-01,4
004100,2025-04-08,4
004560,2023-11-15,4
004560,2024-01-03,4
004770,2024-12-10,4
004830,2023-11-24,4
004830,2023-11-27,4
004830,2024-02-15,4
004870,2024-10-28,4
004980,2025-04-22,4
005740,2025-07-02,4
005860,2024-01-18,4
005880,2024-07-01,4
006050,2024-12-12,4
006220,2024-02-01,4
006220,2024-02-20,4
006340,2024-04-29,4
006340,2024-05-08,4
006340,2024-06-27,4
006340,2024-12-17,4
006490,2025-02-10,4
006740,2024-09-25,4
006910,2025-08-22,4
007110,2024-10-30,4
007110,2024-11-26,4
007110,2024-12-16,4
007390,2024-05-22,4
007390,2024-10-25,4
007390,2024-11-05,4
007390,2025-03-25,4
007390,2025-03-26,4
007390,2025-04-23,4
007660,2024-03-05,4
008600,2025-04-07,4
008600,2025-04-08,4
008830,2023-09-08,4
008830,2023-09-18,4
008830,2024-12-03,4
008970,2025-03-19,4
008970,2025-04-10,4
009290,2023-10-24,4
009410,2024-01-04,4
009420,2023-10-04,4
009520,2023-11-07,4
009520,2023-12-28,4
009780,2025-09-15,4
010170,2025-09-11,4
010600,2026-01-21,4
010660,2023-09-26,4
010660,2024-03-19,4
010770,2025-02-21,4
010770,2025-04-02,4
010770,2025-04-07,4
010770,2025-04-08,4
010770,2025-05-08,4
010770,2025-05-09,4
010770,2025-05-13,4
011000,2025-05-23,4
011080,2025-01-03,4
011080,2025-03-27,4
011080,2025-03-28,4
011080,2025-04-01,4
011080,2025-04-02,4
011080,2025-04-03,4
011150,2024-05-27,4
011810,2023-12-01,4
012170,2024-02-26,4
012170,2024-03-07,4
012690,2024-06-05,4
012800,2024-05-21,4
013360,2024-12-05,4
013360,2024-12-10,4
013360,2024-12-11,4
013360,2025-03-27,4
013360,2025-04-02,4
013580,2025-04-09,4
013580,2025-04-21,4
013810,2024-08-07,4
014130,2023-12-21,4
014160,2024-03-21,4
014160,2025-04-07,4
014160,2025-04-09,4
014160,2025-05-13,4
014200,2025-11-19,4
014620,2024-11-25,4
014620,2025-06-09,4
014710,2024-06-17,4
014710,2024-07-09,4
014940,2025-09-09,4
014970,2025-05-12,4
014970,2025-05-21,4
014970,2025-07-04,4
014970,2025-07-14,4
015020,2025-03-27,4
015020,2025-04-02,4
015020,2025-05-08,4
015590,2024-02-06,4
015590,2024-06-13,4
015760,2025-06-25,4
016790,2023-10-04,4
016880,2025-08-19,4
017510,2024-05-08,4
017510,2024-06-11,4
017510,2024-06-26,4
017860,2024-11-26,4
018500,2024-12-24,4
018500,2025-01-03,4
019170,2024-03-25,4
019170,2025-06-18,4
019170,2025-06-19,4
019490,2025-02-11,4
019570,2024-09-11,4
020710,2025-04-14,4
020710,2025-04-21,4
021050,2024-05-21,4
023460,2024-09-04,4
023790,2025-08-29,4
023790,2025-09-01,4
023790,2025-09-08,4
023790,2025-09-09,4
023790,2025-09-11,4
024060,2023-09-13,4
024060,2023-10-11,4
024060,2023-10-16,4
024060,2024-01-15,4
024060,2024-04-03,4
024060,2024-06-04,4
024060,2024-08-01,4
024720,2025-06-19,4
024740,2024-10-23,4
024810,2025-09-08,4
024810,2025-09-09,4
024810,2025-09-10,4
024840,2024-05-14,4
024940,2024-12-11,4
025320,2024-03-12,4
025320,2025-03-10,4
025560,2023-10-18,4
025950,2023-09-19,4
025950,2024-11-26,4
025950,2024-12-05,4
025950,2024-12-06,4
025950,2024-12-10,4
025950,2025-03-27,4
025950,2025-04-02,4
025980,2025-06-13,4
026940,2023-12-11,4
028300,2024-03-11,4
028300,2024-07-04,4
028670,2024-02-08,4
029480,2024-05-28,4
029480,2024-07-22,4
030520,2024-01-09,4
030530,2025-02-18,4
030530,2025-02-24,4
030530,2025-09-10,4
032300,2023-12-06,4
032500,2024-03-22,4
032620,2024-02-19,4
032800,2024-03-19,4
032800,2024-04-05,4
032820,2024-07-09,4
032820,2024-07-10,4
032820,2025-06-17,4
032940,2025-06-05,4
033230,2024-02-19,4
033250,2023-09-26,4
033250,2023-10-13,4
033250,2023-11-08,4
033250,2023-11-16,4
033320,2024-11-27,4
033540,2023-12-28,4
033790,2024-05-17,4
033790,2024-05-20,4
033790,2024-07-22,4
034120,2024-12-24,4
036000,2024-10-31,4
036090,2023-11-10,4
036460,2024-06-04,4
036540,2023-12-13,4
036560,2024-10-07,4
036560,2024-10-25,4
037270,2025-02-21,4
038110,2023-10-30,4
039200,2024-06-04,4
039240,2025-04-07,4
039240,2025-04-08,4
039610,2024-07-19,4
039610,2025-03-06,4
039830,2025-08-19,4
039860,2024-10-16,4
039980,2024-05-09,4
039980,2024-08-21,4
039980,2024-11-28,4
040300,2023-10-25,4
041020,2023-10-06,4
041020,2024-01-08,4
041020,2024-03-04,4
041190,2023-12-05,4
041190,2025-09-30,4
042000,2023-12-07,4
042000,2024-06-20,4
042370,2023-10-18,4
042370,2024-05-09,4
042520,2025-09-25,4
042660,2024-11-08,4
042700,2024-02-13,4
042940,2025-04-17,4
042940,2025-04-18,4
042940,2025-05-08,4
042940,2025-05-09,4
042940,2025-06-13,4
043090,2024-09-25,4
043200,2025-06-12,4
044180,2025-09-09,4
044480,2025-09-02,4
044480,2025-09-12,4
045660,2024-12-05,4
045660,2024-12-10,4
045660,2025-03-27,4
045660,2025-04-02,4
046970,2023-10-10,4
047050,2024-06-14,4
047310,2024-01-23,4
047310,2024-01-29,4
047310,2024-02-08,4
047560,2024-01-23,4
047770,2025-08-13,4
047920,2024-07-04,4
047920,2024-11-19,4
047920,2025-03-25,4
048410,2025-07-14,4
048410,2025-08-29,4
048430,2025-04-07,4
049070,2024-01-17,4
049180,2024-09-09,4
049180,2024-10-04,4
049180,2024-11-07,4
049470,2025-07-15,4
049470,2025-07-16,4
049470,2025-07-18,4
049470,2025-07-21,4
049470,2025-09-01,4
050960,2025-04-09,4
051980,2024-03-26,4
051980,2024-06-14,4
051980,2025-07-22,4
052220,2024-12-10,4
052400,2025-03-27,4
052400,2025-05-08,4
052400,2025-06-05,4
052400,2025-06-09,4
052690,2025-06-13,4
053030,2024-03-11,4
053050,2024-06-04,4
053080,2024-08-27,4
053160,2024-03-27,4
053160,2024-12-11,4
053260,2026-10-01,4
053280,2024-08-23,4
053280,2024-10-14,4
053280,2024-10-15,4
053290,2024-08-28,4
053300,2025-06-10,4
053580,2025-04-07,4
053580,2025-05-08,4
053580,2025-06-04,4
053800,2025-04-07,4
053950,2023-11-08,4
053950,2023-12-06,4
054540,2025-09-01,4
054540,2025-09-05,4
054540,2025-09-11,4
054920,2025-07-08,4
056080,2025-05-14,4
056080,2025-05-15,4
056090,2024-06-18,4
056360,2024-12-30,4
058430,2023-09-18,4
058850,2023-09-19,4
059090,2024-05-08,4
060230,2024-03-25,4
060250,2025-07-10,4
060370,2025-06-10,4
062970,2025-01-02,4
062970,2025-01-03,4
062970,2025-01-07,4
062970,2025-01-16,4
062970,2025-01-17,4
062970,2025-03-14,4
063170,2023-11-30,4
064090,2024-06-25,4
064260,2025-06-10,4
064260,2025-06-11,4
064260,2025-07-07,4
064260,2025-09-22,4
064550,2024-07-09,4
064850,2024-09-23,4
064850,2024-09-24,4
065170,2025-02-27,4
065350,2024-01-05,4
065350,2024-01-29,4
065350,2025-06-13,4
065370,2025-03-27,4
065370,2025-04-02,4
065370,2025-04-08,4
065370,2025-04-09,4
065500,2024-12-12,4
065500,2024-12-13,4
065500,2025-01-31,4
065500,2025-03-18,4
065500,2025-03-27,4
065500,2025-04-02,4
065500,2025-04-03,4
065500,2025-05-08,4
066790,2023-10-31,4
066790,2023-11-03,4
066790,2024-02-05,4
066790,2024-02-06,4
066790,2024-02-08,4
066790,2024-02-14,4
066790,2024-02-16,4
066790,2024-03-07,4
066790,2024-03-11,4
066790,2024-12-12,4
066980,2024-02-02,4
067080,2023-11-02,4
067080,2024-10-10,4
067080,2025-03-11,4
067080,2025-04-15,4
067310,2023-09-04,4
067630,2024-03-26,4
068330,2025-05-30,4
068330,2025-06-18,4
069540,2023-11-07,4
069920,2025-04-09,4
073640,2023-10-13,4
073640,2024-02-27,4
075580,2025-05-22,4
075580,2025-09-09,4
077970,2024-08-19,4
078130,2025-07-22,4
078130,2025-07-23,4
078140,2024-08-29,4
078140,2024-09-10,4
078890,2024-02-13,4
078940,2023-11-27,4
079900,2024-12-20,4
079900,2025-02-10,4
080220,2023-12-11,4
080220,2024-01-22,4
080220,2025-01-21,4
080580,2024-01-23,4
082800,2024-11-12,4
082800,2024-11-27,4
082800,2024-12-16,4
082850,2024-09-11,4
084650,2024-08-16,4
084650,2025-01-07,4
084680,2024-01-11,4
084690,2023-11-29,4
084690,2023-12-07,4
085310,2025-08-28,4
085670,2024-01-23,4
085670,2024-01-29,4
087010,2024-07-22,4
087010,2024-10-10,4
087010,2024-10-11,4
087010,2024-10-17,4
087600,2024-01-23,4
088340,2025-04-04,4
088340,2025-04-07,4
088340,2025-04-08,4
088340,2025-06-04,4
088800,2023-10-17,4
088800,2024-01-16,4
089150,2025-05-26,4
089890,2024-01-25,4
090080,2025-05-13,4
090710,2024-03-25,4
090710,2024-11-14,4
090710,2025-06-30,4
090710,2025-09-16,4
092460,2025-09-09,4
092790,2024-06-07,4
092790,2024-06-20,4
092790,2025-03-05,4
092870,2024-01-23,4
092870,2025-09-19,4
093230,2025-09-04,4
093240,2024-12-10,4
093240,2024-12-11,4
093240,2025-03-27,4
093240,2025-04-02,4
093520,2024-01-22,4
093520,2025-07-23,4
094170,2023-10-12,4
094480,2023-11-30,4
094480,2023-12-05,4
094480,2024-07-17,4
094480,2025-06-10,4
094940,2023-10-12,4
095500,2024-02-29,4
096040,2025-09-04,4
096250,2025-04-15,4
097230,2025-03-05,4
097230,2025-09-01,4
097230,2025-09-11,4
098070,2025-08-18,4
098460,2025-01-21,4
098460,2025-05-09,4
099220,2024-04-11,4
099220,2024-04-24,4
099440,2023-11-15,4
100220,2024-02-21,4
100590,2023-09-14,4
100840,2024-12-24,4
100840,2025-07-25,4
101170,2024-06-10,4
101360,2024-01-31,4
101670,2023-10-18,4
101670,2024-06-12,4
101670,2024-11-06,4
101670,2024-11-11,4
101670,2025-08-12,4
102120,2023-12-20,4
102120,2024-01-23,4
102280,2025-11-26,4
103590,2024-04-05,4
103840,2024-06-10,4
106240,2025-01-20,4
108490,2025-05-15,4
108490,2025-06-24,4
109820,2024-08-20,4
110990,2023-10-12,4
110990,2024-04-18,4
112290,2024-03-28,4
112290,2024-04-05,4
112290,2025-02-07,4
113810,2024-12-23,4
113810,2025-03-27,4
114450,2024-08-16,4
114450,2025-05-27,4
115180,2023-12-20,4
115450,2024-02-05,4
115500,2024-12-30,4
115610,2023-09-26,4
115610,2024-01-24,4
117580,2024-01-16,4
117580,2024-06-04,4
117730,2025-03-12,4
119850,2024-05-14,4
119850,2025-01-23,4
121850,2025-01-03,4
123010,2025-01-06,4
123010,2025-01-07,4
123010,2025-01-16,4
123330,2024-10-22,4
123570,2024-03-06,4
124500,2023-12-18,4
124500,2025-06-09,4
125490,2025-09-24,4
130660,2024-05-28,4
130660,2024-07-10,4
130740,2023-10-04,4
131370,2023-10-06,4
131370,2024-01-19,4
131760,2025-01-16,4
131760,2025-02-05,4
131970,2025-07-29,4
134580,2025-08-19,4
136480,2023-12-21,4
137400,2024-05-30,4
140430,2024-06-12,4
140670,2024-03-20,4
147830,2024-06-24,4
148150,2025-07-22,4
148780,2025-06-19,4
152550,2023-10-16,4
152550,2024-06-19,4
152550,2026-03-04,4
152550,2026-03-06,4
152550,2026-03-27,4
152550,2026-04-03,4
158430,2025-01-06,4
158430,2025-06-19,4
160190,2025-01-10,4
161580,2024-02-22,4
161580,2025-02-07,4
162300,2024-02-20,4
163280,2024-12-18,4
163280,2025-04-11,4
163560,2024-04-12,4
163730,2024-11-26,4
166090,2025-09-15,4
168360,2025-02-05,4
170030,2025-03-26,4
171010,2025-02-07,4
171090,2024-04-29,4
172670,2025-02-10,4
175140,2024-03-05,4
177350,2024-01-04,4
177900,2025-03-13,4
180400,2024-08-07,4
182400,2024-02-05,4
182400,2024-03-08,4
187220,2023-12-27,4
187660,2025-01-07,4
187660,2025-01-09,4
187660,2025-08-29,4
188040,2025-06-24,4
189330,2024-03-18,4
190510,2024-01-29,4
199430,2025-07-16,4
199430,2025-09-30,4
199480,2024-10-07,4
199480,2025-07-11,4
199480,2025-09-26,4
199550,2025-02-28,4
199550,2025-03-13,4
199800,2023-11-20,4
199800,2024-03-19,4
199800,2024-03-20,4
199820,2025-01-13,4
200350,2024-11-05,4
200350,2024-12-11,4
200470,2024-03-18,4
200880,2024-02-05,4
201490,2025-06-13,4
201490,2025-06-24,4
201490,2025-07-28,4
204270,2025-02-13,4
205470,2024-08-07,4
205470,2024-10-31,4
205470,2024-11-19,4
205500,2025-06-24,4
207760,2025-04-18,4
208340,2023-12-20,4
208340,2023-12-26,4
208340,2023-12-28,4
208340,2024-01-18,4
208370,2023-09-07,4
208640,2025-08-13,4
208710,2025-02-05,4
210120,2025-08-06,4
214260,2024-07-17,4
214610,2024-08-19,4
214610,2024-10-21,4
214610,2024-11-05,4
214680,2024-05-24,4
215380,2024-09-12,4
215380,2024-09-19,4
218150,2023-10-16,4
219550,2024-11-06,4
219550,2025-02-27,4
222080,2024-11-06,4
222800,2025-02-18,4
223250,2023-10-11,4
224110,2024-12-10,4
224110,2025-04-02,4
225190,2024-09-09,4
225190,2024-11-12,4
225190,2024-12-02,4
225190,2026-10-02,4
226590,2025-09-15,4
226950,2025-02-11,4
226950,2025-02-12,4
226950,2025-09-03,4
227100,2024-03-28,4
227100,2024-10-04,4
229000,2023-09-07,4
229640,2024-04-30,4
229640,2024-05-21,4
230980,2024-01-11,4
232140,2024-04-19,4
232140,2024-06-03,4
234920,2024-11-27,4
234920,2025-05-29,4
234920,2025-06-27,4
239340,2025-05-12,4
239610,2024-10-02,4
241520,2025-04-15,4
245620,2024-02-26,4
246250,2024-08-12,4
246690,2025-04-15,4
250060,2023-09-20,4
250060,2023-09-21,4
250060,2023-09-22,4
250060,2023-10-18,4
250060,2024-10-18,4
253590,2023-12-14,4
253590,2024-02-15,4
253590,2024-09-27,4
253590,2025-02-17,4
253840,2024-08-05,4
254490,2024-09-13,4
255220,2024-07-16,4
255220,2024-08-07,4
257720,2024-05-10,4
260660,2025-03-19,4
260930,2025-07-15,4
260970,2024-06-14,4
263050,2024-08-08,4
263720,2024-01-09,4
263720,2024-05-10,4
263800,2024-04-02,4
264850,2023-09-08,4
264850,2023-09-25,4
264850,2023-09-26,4
267850,2023-12-08,4
272210,2025-02-13,4
272210,2025-06-11,4
273060,2023-12-22,4
273640,2024-08-14,4
274090,2025-01-31,4
274400,2023-09-12,4
281740,2024-03-11,4
282720,2023-09-18,4
285490,2025-04-09,4
285490,2025-04-15,4
288330,2024-08-16,4
288330,2025-06-26,4
288330,2025-06-30,4
288330,2025-07-03,4
289010,2025-04-18,4
289010,2025-04-29,4
290650,2025-09-08,4
290670,2025-05-29,4
290670,2025-06-02,4
290690,2023-12-27,4
290690,2023-12-28,4
290690,2024-01-02,4
290690,2024-01-04,4
290690,2024-01-05,4
290690,2025-03-04,4
290690,2025-03-17,4
291230,2024-01-10,4
291650,2024-09-13,4
291650,2024-10-08,4
293580,2025-04-22,4
293780,2024-07-01,4
294090,2024-05-13,4
294090,2024-05-16,4
294090,2024-05-17,4
294090,2024-05-21,4
294090,2024-05-22,4
294090,2024-06-19,4
294090,2024-08-20,4
294090,2024-12-12,4
294140,2024-08-14,4
294570,2025-06-09,4
294570,2025-07-08,4
294570,2025-07-17,4
294630,2023-12-20,4
294630,2024-02-15,4
294630,2024-02-16,4
295310,2024-11-07,4
298380,2025-04-08,4
298830,2024-05-28,4
298830,2024-09-24,4
299660,2024-08-12,4
299660,2024-08-14,4
299660,2024-09-10,4
299660,2024-11-14,4
299660,2024-11-21,4
299660,2024-12-04,4
299660,2025-05-22,4
299660,2025-05-28,4
299900,2023-12-12,4
300080,2024-01-19,4
300080,2024-01-22,4
304100,2025-04-15,4
304100,2025-06-05,4
304360,2024-04-17,4
304360,2024-04-22,4
304360,2024-11-20,4
305090,2024-08-12,4
306620,2024-11-27,4
307930,2024-03-04,4
308100,2025-07-03,4
308100,2025-07-23,4
308430,2024-11-29,4
314930,2024-09-30,4
317120,2025-09-29,4
317690,2024-08-01,4
317690,2024-08-05,4
317690,2024-08-07,4
317770,2025-04-18,4
317770,2025-04-21,4
317770,2025-04-22,4
317770,2025-05-13,4
319400,2025-09-03,4
321370,2024-01-12,4
321820,2024-12-11,4
322000,2024-05-24,4
322180,2023-09-01,4
322310,2024-07-05,4
322510,2024-06-25,4
323230,2024-01-23,4
323280,2023-12-13,4
323280,2024-05-31,4
323280,2024-06-10,4
323280,2024-07-22,4
323280,2024-08-16,4
323280,2024-09-26,4
323410,2025-06-10,4
328130,2023-09-06,4
328130,2024-11-19,4
328130,2024-11-26,4
328380,2023-10-06,4
330860,2024-02-22,4
333430,2024-11-13,4
333430,2025-09-10,4
336370,2024-03-28,4
336370,2024-04-11,4
337930,2024-07-09,4
337930,2024-08-09,4
340360,2024-11-08,4
340360,2024-12-12,4
340930,2024-03-20,4
347700,2025-08-04,4
347850,2024-07-08,4
347850,2025-06-17,4
347850,2025-09-23,4
348080,2025-05-09,4
348370,2025-08-12,4
351330,2024-03-26,4
351870,2024-11-15,4
351870,2024-11-28,4
352480,2025-03-13,4
352770,2025-03-13,4
352770,2025-03-20,4
353590,2024-09-09,4
354200,2023-10-11,4
355390,2023-11-30,4
355390,2025-06-19,4
355690,2024-05-03,4
356680,2023-10-10,4
356680,2023-12-12,4
356680,2024-12-12,4
356680,2024-12-13,4
356680,2024-12-17,4
356680,2025-02-05,4
357880,2024-11-18,4
357880,2024-11-19,4
359090,2024-04-18,4
359090,2024-04-22,4
363260,2025-01-15,4
365330,2023-12-27,4
365330,2024-11-18,4
370090,2024-11-19,4
373110,2024-09-02,4
373110,2024-09-11,4
373200,2024-02-22,4
376930,2023-09-07,4
376930,2023-09-12,4
376930,2024-10-30,4
376930,2024-11-29,4
376930,2025-09-17,4
376930,2025-09-18,4
377300,2025-06-10,4
377300,2025-06-23,4
377460,2023-10-12,4
377460,2023-11-22,4
377480,2025-05-12,4
378340,2024-01-08,4
378340,2024-03-08,4
378340,2025-03-17,4
378800,2024-07-18,4
378800,2024-09-20,4
378800,2024-11-11,4
380550,2025-09-03,4
383310,2024-03-19,4
383930,2023-12-26,4
383930,2023-12-27,4
383930,2023-12-28,4
388050,2024-10-29,4
388610,2025-08-07,4
388720,2025-02-19,4
388720,2025-04-04,4
388790,2024-06-27,4
388790,2024-11-07,4
388870,2024-03-25,4
389020,2024-03-07,4
389020,2024-03-12,4
389020,2024-03-13,4
389140,2025-03-04,4
389140,2025-04-15,4
389140,2025-04-16,4
389140,2025-04-18,4
389140,2025-04-22,4
389140,2025-04-23,4
389140,2025-05-08,4
389470,2024-07-02,4
389470,2024-12-18,4
389470,2025-04-25,4
389470,2025-04-30,4
389470,2025-05-07,4
389470,2025-08-28,4
393210,2023-09-21,4
396470,2024-02-07,4
396470,2024-06-26,4
397030,2024-06-21,4
402030,2023-11-06,4
402490,2024-10-10,4
403490,2023-10-26,4
403490,2025-05-13,4
408900,2024-04-08,4
408900,2024-04-09,4
408900,2024-10-29,4
411080,2025-01-17,4
412350,2023-09-06,4
412350,2024-01-30,4
412350,2024-05-03,4
413390,2025-02-27,4
413630,2025-09-09,4
416180,2024-03-12,4
416180,2024-06-10,4
416180,2024-07-04,4
419050,2023-09-01,4
419530,2025-05-15,4
420570,2024-05-22,4
420570,2024-05-30,4
430690,2023-11-24,4
430690,2024-08-28,4
430690,2025-04-29,4
430690,2025-09-19,4
432720,2023-12-14,4
432720,2025-03-10,4
432720,2025-03-13,4
434480,2024-09-06,4
435570,2025-04-04,4
435570,2025-04-07,4
435570,2025-04-08,4
435570,2025-04-09,4
435570,2025-04-30,4
435570,2025-06-09,4
437730,2025-04-18,4
437730,2025-09-10,4
439090,2024-06-14,4
439580,2024-08-09,4
439580,2024-08-12,4
439580,2024-10-16,4
439580,2025-05-09,4
441270,2025-07-16,4
443250,2023-12-26,4
443670,2024-04-15,4
443670,2024-11-25,4
444530,2025-06-19,4
445090,2023-12-27,4
445090,2024-10-28,4
445680,2023-09-19,4
445680,2023-11-30,4
445680,2024-04-23,4
448280,2025-05-09,4
448710,2025-06-23,4
450140,2024-12-19,4
450140,2025-09-16,4
450140,2025-09-17,4
450140,2025-09-18,4
450140,2025-09-23,4
450140,2025-09-26,4
450140,2025-10-17,4
450140,2025-11-06,4
450140,2025-11-26,4
450520,2023-11-21,4
450520,2024-01-12,4
451250,2024-06-13,4
452160,2024-07-08,4
452160,2025-07-30,4
452160,2025-08-13,4
452190,2024-02-07,4
452260,2024-02-21,4
452280,2024-05-23,4
452280,2024-07-30,4
452280,2025-09-12,4
452300,2024-01-02,4
452300,2024-01-08,4
452450,2025-05-27,4
453450,2024-08-13,4
456010,2024-09-06,4
456070,2024-10-18,4
456070,2024-12-27,4
456160,2026-10-02,4
457190,2024-02-07,4
457550,2024-05-28,4
457550,2025-06-20,4
459510,2025-09-15,4
460930,2024-03-15,4
460930,2025-01-13,4
460940,2024-09-03,4
461030,2024-08-12,4
462510,2024-09-02,4
462860,2025-06-10,4
464080,2025-02-10,4
464500,2025-02-17,4
465480,2024-11-29,4
465770,2024-06-26,4
466100,2024-12-26,4
466100,2025-02-06,4
468530,2025-09-16,4
469750,2025-08-21,4
472850,2025-06-17,4
474610,2025-03-05,4
475150,2024-05-16,4
475150,2024-05-23,4
475150,2024-08-07,4
475150,2024-09-12,4
475150,2025-06-24,4
475400,2025-02-10,4
475460,2025-04-04,4
475580,2024-12-17,4
475960,2025-05-14,4
476060,2025-03-19,4
476060,2025-04-01,4
476080,2025-03-07,4
476830,2026-10-02,4
484810,2025-09-08,4
487570,2025-07-02,4
900110,2025-07-04,4
900110,2025-07-07,4
900250,2023-09-13,4
900270,2024-05-31,4
900280,2024-01-25,4
900340,2024-04-04,4
900340,2024-05-21,4
900340,2024-11-26,4
950130,2024-08-08,4
