code,date,pages
000250,2026-03-06,4
000500,2026-08-03,4
000500,2026-09-21,4
000650,2025-12-12,4
000650,2025-12-24,4
001820,2026-06-19,4
003670,2023-11-07,4
006110,2023-10-13,4
010120,2026-08-03,4
010130,2025-03-13,4
011170,2026-04-30,4
012510,2024-04-05,4
012510,2024-06-26,4
024810,2025-09-10,4
031980,2026-06-05,4
036930,2026-07-02,4
039030,2026-03-06,4
039030,2026-08-03,4
042700,2026-02-27,4
042700,2026-04-28,4
042700,2026-07-16,4
064760,2026-08-11,4
067160,2025-02-06,4
078600,2024-06-12,4
079550,2023-12-12,4
079550,2026-04-02,4
084370,2026-06-05,4
084370,2026-08-03,4
086520,2025-12-09,4
086520,2026-01-27,4
087010,2025-07-16,4
090430,2026-02-10,4
095340,2026-03-06,4
095340,2026-06-15,4
095610,2026-06-05,4
095610,2026-06-10,4
096770,2025-07-01,4
099320,2026-03-06,4
108490,2025-10-13,4
108490,2025-11-04,4
121600,2024-02-22,4
131970,2026-05-14,4
140410,2026-01-27,4
189300,2026-01-30,4
189300,2026-03-06,4
222800,2026-05-22,4
226950,2026-06-30,4
227100,2024-10-31,4
240810,2026-06-05,4
277810,2025-02-03,4
277810,2026-01-27,4
281820,2026-07-01,4
290650,2026-02-20,4
295310,2026-05-19,4
298380,2026-01-27,4
299900,2024-12-11,4
307950,2026-05-11,4
319660,2026-06-05,4
319660,2026-06-10,4
319660,2026-08-03,4
322000,2026-03-09,4
322000,2026-03-13,4
348370,2024-01-30,4
348370,2024-02-14,4
348370,2024-04-04,4
348370,2024-12-04,4
353200,2026-07-16,4
389020,2024-04-02,4
420770,2026-08-03,4
445680,2026-03-19,4
448900,2026-03-11,4
450080,2024-02-14,4
450140,2025-01-16,4
450140,2025-09-25,4
450140,2025-11-11,4
450140,2025-12-08,4
454910,2024-07-15,4
900280,2024-02-02,4
