trade_day,code,name,prev_change,level,entry_time,entry_price,exit_time,exit_price,reason,ret_pct
2025-10-01,042520,한스바이오메드,16.2,18170.0,09:02,18188.2,09:22,20007.0,TAKE_PROFIT,9.802
2025-10-13,468530,프로티나,20.9,55800.0,09:01,55855.8,15:15,56943.0,TIME_EXIT,1.763
2025-10-13,475400,씨메스로보틱스,16.9,30500.0,09:01,30530.5,15:15,32417.5,TIME_EXIT,5.99
2025-10-13,437730,삼현,23.6,27200.0,09:01,27227.2,15:15,27922.0,TIME_EXIT,2.367
2025-10-13,466100,클로봇,29.8,34619.8,09:01,34654.4,09:47,38119.8,TAKE_PROFIT,9.802
2025-10-13,138610,나이벡,18.7,42450.0,09:02,42492.4,14:51,40327.5,STOP_LOSS,-5.266
2025-10-13,199430,케이엔알시스템,16.9,16080.0,09:02,16096.1,09:45,17705.7,TAKE_PROFIT,9.802
2025-10-13,059270,해성에어로보틱스,22.6,8460.0,09:08,8468.5,10:05,9315.3,TAKE_PROFIT,9.802
2025-10-13,117730,티로보틱스,15.4,13700.0,10:19,13713.7,15:15,13536.5,TIME_EXIT,-1.47
2025-10-13,045970,코아시아,15.9,7350.0,14:55,7357.3,15:15,7532.5,TIME_EXIT,2.196
2025-10-15,123010,MSDI,23.5,2817.8,09:03,2820.6,09:26,2676.9,STOP_LOSS,-5.266
2025-10-16,042520,한스바이오메드,17.4,20350.0,09:01,20370.3,10:49,22407.4,TAKE_PROFIT,9.802
2025-10-16,199430,케이엔알시스템,29.8,23700.0,12:24,23723.7,15:15,23076.9,TIME_EXIT,-2.901
2025-10-17,042520,한스바이오메드,24.3,25300.0,09:01,25325.3,10:56,24035.0,STOP_LOSS,-5.266
2025-10-17,450080,에코프로머티,26.0,63400.0,09:09,63463.4,15:15,65934.0,TIME_EXIT,3.706
2025-10-17,107640,한중엔시에스,18.0,47250.0,09:20,47297.2,15:15,49350.6,TIME_EXIT,4.154
2025-10-21,309710,아이티켐,26.8,42300.0,09:12,42392.3,13:53,40232.5,STOP_LOSS,-5.266
2025-10-22,042520,한스바이오메드,16.7,27200.0,09:22,27227.2,15:15,29120.8,TIME_EXIT,6.763
2025-10-23,356890,싸이버원,24.0,5170.0,09:01,5175.2,09:16,4911.5,STOP_LOSS,-5.266
2025-10-24,042520,한스바이오메드,16.4,33800.0,09:01,33833.8,09:05,32110.0,STOP_LOSS,-5.266
2025-10-24,304360,에스바이오메딕스,16.0,26800.0,09:03,26826.8,10:53,25460.0,STOP_LOSS,-5.266
2025-10-24,356680,엑스게이트,24.3,10230.0,09:03,10240.2,09:38,9718.5,STOP_LOSS,-5.266
2025-10-28,011080,형지I&C,15.1,11416.1,09:01,11427.5,09:19,12570.3,TAKE_PROFIT,9.802
2025-10-28,093370,후성,19.2,9420.0,09:50,9429.4,14:32,10372.4,TAKE_PROFIT,9.802
2025-10-29,300080,플리토,20.8,17470.0,09:58,17487.5,15:15,17033.0,TIME_EXIT,-2.774
2025-10-29,336260,두산퓨얼셀,29.9,40800.0,10:24,40840.8,15:15,42807.2,TIME_EXIT,4.626
2025-10-30,218410,RFHIC,22.2,34150.0,09:12,34184.1,15:15,35564.4,TIME_EXIT,3.85
2025-10-30,050890,쏠리드,22.1,8890.0,09:28,8898.9,15:15,8681.3,TIME_EXIT,-2.621
2025-10-31,225190,LK삼양,16.1,9650.0,09:02,9659.6,10:20,9167.5,STOP_LOSS,-5.266
2025-11-03,347850,디앤디파마텍,25.2,69569.8,09:11,69639.4,15:15,69764.2,TIME_EXIT,-0.001
2025-11-04,249420,일동제약,17.4,27600.0,09:11,27627.6,15:15,26523.5,TIME_EXIT,-4.169
2025-11-04,117730,티로보틱스,29.8,23900.0,09:16,23923.9,15:15,24275.7,TIME_EXIT,1.288
2025-11-05,114190,강원에너지,18.0,18400.0,09:10,18418.4,10:26,17480.0,STOP_LOSS,-5.266
2025-11-11,003720,삼영,22.0,5650.0,09:01,5655.6,15:15,5554.4,TIME_EXIT,-1.966
2025-11-11,161390,한국타이어앤테크놀로지,18.5,58500.0,09:07,58558.5,15:15,59240.7,TIME_EXIT,0.983
2025-11-12,456160,지투지바이오,19.9,89600.0,09:01,89689.6,15:15,89410.5,TIME_EXIT,-0.491
2025-11-12,221800,지구홀딩스,21.1,5830.0,09:01,5835.8,09:09,5538.5,STOP_LOSS,-5.266
2025-11-12,460940,피앤에스로보틱스,20.1,11410.0,09:02,11421.4,13:53,12790.0,TAKE_PROFIT,11.781
2025-11-13,336370,솔루스첨단소재,29.9,11890.0,10:01,11901.9,10:02,11295.5,STOP_LOSS,-5.266
2025-11-13,007810,코리아써키트,18.4,28300.0,10:02,28328.3,15:15,29570.4,TIME_EXIT,4.197
2025-11-13,393970,대진첨단소재,20.8,4820.0,10:08,4824.8,15:15,4655.3,TIME_EXIT,-3.686
2025-11-13,382150,온코크로스,16.8,12330.0,10:40,12342.3,15:15,12028.0,TIME_EXIT,-2.722
2025-11-14,376900,로킷헬스케어,16.6,41450.0,09:01,41491.4,15:15,42157.8,TIME_EXIT,1.423
2025-11-14,381620,제닉스로보틱스,18.4,17610.0,09:17,17627.6,15:15,16913.1,TIME_EXIT,-4.226
2025-11-17,054540,삼영엠텍,16.4,17700.0,09:01,17717.7,15:15,17712.3,TIME_EXIT,-0.211
2025-11-17,458870,씨어스,30.0,43357.0,09:01,43400.4,10:01,41189.1,STOP_LOSS,-5.266
2025-11-18,078590,휴림에이텍,20.6,9018.6,09:01,9027.6,11:48,9930.3,TAKE_PROFIT,9.802
2025-11-18,005950,이수화학,23.3,11420.0,09:01,11431.4,09:12,10849.0,STOP_LOSS,-5.266
2025-11-18,006730,서부T&D,18.3,10300.0,09:02,10310.3,15:15,10799.2,TIME_EXIT,4.553
2025-11-18,007810,코리아써키트,20.9,32150.0,09:07,32182.1,15:15,30869.1,TIME_EXIT,-4.253
2025-11-20,058610,에스피지,26.8,38350.0,09:04,38388.3,12:09,42227.2,TAKE_PROFIT,9.802
2025-11-21,020150,롯데에너지머티리얼즈,17.1,39000.0,10:16,39039.0,15:15,41408.6,TIME_EXIT,5.879
2025-11-28,067000,조이시티,18.3,2395.0,09:01,2397.4,09:51,2275.2,STOP_LOSS,-5.266
2025-12-01,058610,에스피지,26.1,63000.0,09:28,63063.0,15:15,62737.2,TIME_EXIT,-0.696
2025-12-01,102940,코오롱생명과학,19.8,61200.0,10:18,61261.2,15:15,60439.5,TIME_EXIT,-1.519
2025-12-02,388870,파로스아이바이오,15.1,8750.0,09:05,8758.7,15:15,9070.9,TIME_EXIT,3.378
2025-12-03,468530,프로티나,21.1,98000.0,09:02,98098.0,14:37,93099.9,STOP_LOSS,-5.266
2025-12-04,099440,스맥,21.2,6860.0,09:01,6866.9,09:43,7553.5,TAKE_PROFIT,9.802
2025-12-04,126340,비나텍,19.4,75304.5,09:01,75379.8,15:15,76104.8,TIME_EXIT,0.78
2025-12-04,474650,링크솔루션,29.9,48850.0,09:05,48898.8,15:15,48901.1,TIME_EXIT,-0.175
2025-12-05,475830,오름테라퓨틱,20.1,81700.0,09:05,81781.7,09:19,77614.9,STOP_LOSS,-5.266
2025-12-09,457190,이수스페셜티케미컬,15.5,59500.0,09:03,59559.5,09:25,65515.4,TAKE_PROFIT,9.802
2025-12-09,298830,슈어소프트테크,16.6,6600.0,11:02,6606.6,15:15,6473.5,TIME_EXIT,-2.191
2025-12-10,394800,쓰리빌리언,16.2,17830.0,09:02,17847.8,15:15,18671.3,TIME_EXIT,4.426
2025-12-10,393970,대진첨단소재,16.3,5130.0,09:03,5135.1,09:54,4873.5,STOP_LOSS,-5.266
2025-12-11,128820,대성산업,15.8,5940.0,09:01,5945.9,09:43,6550.0,TAKE_PROFIT,9.961
2025-12-15,347700,스피어,19.8,11360.0,09:02,11371.4,14:52,12508.5,TAKE_PROFIT,9.802
2025-12-15,466100,클로봇,26.8,61756.7,09:02,61818.5,15:15,62357.6,TIME_EXIT,0.691
2025-12-15,044490,태웅,16.6,29900.0,09:12,29929.9,15:15,30969.0,TIME_EXIT,3.286
2025-12-15,389030,지니너스,20.1,3375.0,09:53,3378.4,10:22,3206.2,STOP_LOSS,-5.266
2025-12-17,078520,에이블씨엔씨,15.9,12980.0,09:02,12993.0,09:33,12331.0,STOP_LOSS,-5.266
2025-12-18,419080,엔젯,20.2,7610.0,09:09,7617.6,10:15,8379.4,TAKE_PROFIT,9.802
2025-12-18,396270,넥스트칩,20.6,4825.0,09:15,4829.8,09:24,4583.7,STOP_LOSS,-5.266
2025-12-18,128820,대성산업,29.9,10430.0,09:31,11031.0,10:01,12440.0,TAKE_PROFIT,12.57
2025-12-22,474650,링크솔루션,15.7,61000.0,09:35,61061.0,15:15,62037.9,TIME_EXIT,1.417
2025-12-22,058610,에스피지,28.3,89800.0,10:39,89889.8,15:15,90909.0,TIME_EXIT,0.952
2025-12-23,264850,이랜시스,17.8,7420.0,09:03,7427.4,15:15,7242.8,TIME_EXIT,-2.662
2025-12-23,437730,삼현,17.5,56600.0,09:03,56656.6,14:17,62322.3,TAKE_PROFIT,9.802
2025-12-23,208370,셀바스헬스케어,16.0,5810.0,09:41,5815.8,15:15,5864.1,TIME_EXIT,0.649
2025-12-26,488900,비츠로넥스텍,17.6,15520.0,09:09,15535.5,15:15,15269.7,TIME_EXIT,-1.888
2025-12-26,318060,그래피,18.4,25700.0,09:13,25725.7,10:12,24415.0,STOP_LOSS,-5.266
2025-12-29,010580,에스엠벡셀,16.0,2610.0,09:01,2612.6,15:15,2542.5,TIME_EXIT,-2.86
2025-12-29,101170,우림피티에스,19.0,16480.0,09:17,16496.5,15:15,16533.5,TIME_EXIT,0.044
2025-12-30,043260,성호전자,19.9,9410.0,09:06,9419.4,11:08,10361.4,TAKE_PROFIT,9.802
2025-12-30,295310,에이치브이엠,16.9,59400.0,09:09,59459.4,09:19,56429.9,STOP_LOSS,-5.266
2026-01-02,489500,엘케이켐,21.4,36300.0,10:11,36336.3,15:15,36113.8,TIME_EXIT,-0.841
2026-01-02,042940,상지건설,19.3,11793.2,10:14,11805.0,15:15,11656.3,TIME_EXIT,-1.487
2026-01-05,099320,쎄트렉아이,29.9,89100.0,09:02,89189.1,09:12,98108.0,TAKE_PROFIT,9.747
2026-01-05,347700,스피어,30.0,19090.0,09:08,19109.1,09:35,18135.5,STOP_LOSS,-5.313
2026-01-05,093240,형지엘리트,29.9,2205.0,09:44,2207.2,10:02,2094.7,STOP_LOSS,-5.313
2026-01-06,307180,아이엘,22.0,3765.0,09:16,3768.8,09:40,3576.7,STOP_LOSS,-5.313
2026-01-06,451760,컨텍,15.2,13600.0,11:31,13763.7,15:30,13316.7,TIME_EXIT,-3.471
2026-01-06,043260,성호전자,15.6,12490.0,13:47,12502.5,15:15,12517.5,TIME_EXIT,-0.11
2026-01-07,0015G0,그린광학,27.0,21600.0,09:01,21621.6,09:39,23783.8,TAKE_PROFIT,9.747
2026-01-08,014950,삼익제약,29.9,17230.0,09:01,17247.2,11:15,18972.0,TAKE_PROFIT,9.747
2026-01-08,049180,셀루메드,30.0,1427.0,09:02,1428.4,09:05,1571.3,TAKE_PROFIT,9.747
2026-01-09,456160,지투지바이오,25.3,80800.0,09:09,80880.8,11:54,76759.9,STOP_LOSS,-5.313
2026-01-12,017960,한국카본,22.3,38400.0,09:04,38438.4,15:15,39910.1,TIME_EXIT,3.59
2026-01-13,484810,티엑스알로보틱스,18.6,17840.0,10:22,17857.8,15:15,17672.3,TIME_EXIT,-1.267
2026-01-13,000720,현대건설,20.2,91100.0,12:09,91191.1,15:15,91608.3,TIME_EXIT,0.226
2026-01-13,006140,피제이전자,16.1,9430.0,13:31,9579.6,15:30,9440.5,TIME_EXIT,-1.678
2026-01-14,388870,파로스아이바이오,15.0,11620.0,09:06,11631.6,09:27,11039.0,STOP_LOSS,-5.313
2026-01-15,128820,대성산업,16.6,7230.0,09:03,7237.2,09:22,6868.5,STOP_LOSS,-5.313
2026-01-15,348340,뉴로메카,25.3,34495.2,09:07,34529.7,15:15,35541.4,TIME_EXIT,2.693
2026-01-15,199430,케이엔알시스템,16.9,30750.0,13:20,30780.7,15:15,30769.2,TIME_EXIT,-0.267
2026-01-16,007810,코리아써키트,16.8,60500.0,09:08,60560.5,15:15,62137.8,TIME_EXIT,2.369
2026-01-16,448900,한국피아이엠,29.9,85500.0,09:25,85585.5,12:42,81224.9,STOP_LOSS,-5.313
2026-01-20,212560,네오오토,15.6,12480.0,09:01,12492.5,09:15,11856.0,STOP_LOSS,-5.313
2026-01-20,066430,아이로보틱스,18.5,2560.0,09:02,2562.6,09:19,2432.0,STOP_LOSS,-5.313
2026-01-20,281740,레이크머티리얼즈,15.2,16100.0,09:07,16116.1,15:15,15964.0,TIME_EXIT,-1.171
2026-01-21,094820,일진파워,30.0,17610.0,09:01,17627.6,11:10,16729.5,STOP_LOSS,-5.313
2026-01-21,015760,한국전력,16.2,65400.0,09:02,65465.4,15:15,67732.2,TIME_EXIT,3.225
2026-01-21,413630,씨피시스템,29.9,5630.0,09:03,5635.6,15:15,5484.5,TIME_EXIT,-2.905
2026-01-21,368770,파이버프로,18.2,15650.0,09:03,15665.6,09:35,17232.2,TAKE_PROFIT,9.747
2026-01-21,295310,에이치브이엠,16.9,90500.0,09:08,90590.5,10:09,85974.9,STOP_LOSS,-5.313
2026-01-21,090710,휴림로봇,30.0,16650.0,09:08,16666.6,09:12,18333.3,TAKE_PROFIT,9.747
2026-01-21,457550,우진엔텍,28.3,31050.0,09:23,31081.0,09:41,29497.5,STOP_LOSS,-5.313
2026-01-21,217500,러셀,20.7,5110.0,09:30,5115.1,09:33,5626.6,TAKE_PROFIT,9.747
2026-01-21,0015G0,그린광학,29.8,36550.0,09:39,36586.5,09:54,40245.2,TAKE_PROFIT,9.747
2026-01-21,478340,나라스페이스테크놀로지,29.9,46650.0,09:50,46696.6,11:07,51366.3,TAKE_PROFIT,9.747
2026-01-21,211270,AP위성,15.6,17450.0,11:03,17467.4,12:39,19214.2,TAKE_PROFIT,9.747
2026-01-21,451760,컨텍,26.2,17990.0,12:40,18008.0,15:15,17952.0,TIME_EXIT,-0.54
2026-01-22,368770,파이버프로,17.8,18430.0,10:46,18448.4,14:27,17508.5,STOP_LOSS,-5.313
2026-01-23,0120G0,삼양바이오팜,23.2,92900.0,09:02,92992.9,09:10,88254.9,STOP_LOSS,-5.313
2026-01-23,215100,로보로보,16.7,13740.0,09:02,13753.7,09:03,13053.0,STOP_LOSS,-5.313
2026-01-23,365340,성일하이텍,16.1,57000.0,13:23,57057.0,15:15,56543.4,TIME_EXIT,-1.128
2026-01-27,222080,SFA넥셀,16.2,10600.0,09:02,10610.6,13:10,11671.7,TAKE_PROFIT,9.747
2026-01-27,092870,엑시콘,15.2,20900.0,09:03,20920.9,15:15,22427.5,TIME_EXIT,6.955
2026-01-27,082270,젬백스,29.0,34000.0,09:05,34034.0,15:15,34015.9,TIME_EXIT,-0.283
2026-01-27,281740,레이크머티리얼즈,21.4,24650.0,09:06,24674.6,15:15,24675.3,TIME_EXIT,-0.227
2026-01-27,121600,나노신소재,17.5,67300.0,09:06,67367.3,15:15,67132.8,TIME_EXIT,-0.577
2026-01-27,234340,헥토파이낸셜,23.1,24000.0,09:07,24024.0,09:52,22800.0,STOP_LOSS,-5.313
2026-01-28,101400,엔시트론,28.9,3494.3,09:11,3497.8,11:54,3319.6,STOP_LOSS,-5.313
2026-01-28,078350,한양디지텍,17.0,26850.0,11:02,26876.8,15:15,27672.3,TIME_EXIT,2.723
2026-01-29,323280,태성,26.7,71200.0,09:02,71271.2,09:33,67639.9,STOP_LOSS,-5.313
2026-01-29,0007C0,아크릴,21.6,42200.0,09:09,42242.2,10:18,40090.0,STOP_LOSS,-5.313
2026-01-30,033240,자화전자,27.1,29050.0,09:02,29079.0,15:15,30069.9,TIME_EXIT,3.17
2026-01-30,006800,미래에셋증권,17.4,40850.0,09:08,40890.8,15:15,42673.3,TIME_EXIT,4.119
2026-02-02,353200,대덕전자,20.6,63300.0,09:02,63363.3,12:55,60134.9,STOP_LOSS,-5.313
2026-02-02,042520,한스바이오메드,29.9,39500.0,09:02,39539.5,09:38,43493.4,TAKE_PROFIT,9.747
2026-02-02,041920,메디아나,17.5,19740.0,09:06,19759.7,15:15,21178.8,TIME_EXIT,6.935
2026-02-02,290650,엘앤씨바이오,18.2,89297.4,09:31,89386.7,10:51,84832.5,STOP_LOSS,-5.313
2026-02-02,060720,KH바텍,15.1,19120.0,09:53,19139.1,12:54,18164.0,STOP_LOSS,-5.313
2026-02-03,003310,대주산업,17.4,5400.0,09:01,5405.4,09:22,5945.9,TAKE_PROFIT,9.747
2026-02-03,038460,바이오스마트,30.0,5680.0,09:03,5685.7,09:10,5396.0,STOP_LOSS,-5.313
2026-02-03,0007C0,아크릴,22.7,47600.0,09:04,47647.6,09:25,45220.0,STOP_LOSS,-5.313
2026-02-03,191410,육일씨엔에쓰,20.5,4700.0,09:19,4704.7,11:14,4465.0,STOP_LOSS,-5.313
2026-02-04,104830,원익머트리얼즈,17.9,44200.0,09:02,44244.2,11:59,41990.0,STOP_LOSS,-5.313
2026-02-04,464490,쿼드메디슨,18.0,17700.0,09:02,17717.7,11:54,16815.0,STOP_LOSS,-5.313
2026-02-04,008830,대동기어,17.4,13463.3,09:03,13476.8,09:03,12790.1,STOP_LOSS,-5.313
2026-02-04,001440,대한전선,15.6,30800.0,09:03,30830.8,11:10,33913.9,TAKE_PROFIT,9.747
2026-02-04,079900,전진건설로봇,30.0,65500.0,09:04,65565.5,09:19,62224.9,STOP_LOSS,-5.313
2026-02-04,092870,엑시콘,15.5,28350.0,09:21,28378.3,09:25,26932.5,STOP_LOSS,-5.313
2026-02-04,365330,에스와이스틸텍,16.1,4100.0,13:11,4104.1,15:15,4016.0,TIME_EXIT,-2.372
2026-02-05,491000,리브스메드,17.2,87400.0,09:01,87487.4,09:20,83029.9,STOP_LOSS,-5.313
2026-02-05,077360,덕산하이메탈,26.8,11640.0,09:04,11651.6,09:20,11058.0,STOP_LOSS,-5.313
2026-02-05,088130,동아엘텍,26.4,7900.0,12:31,7927.9,15:30,8071.9,TIME_EXIT,1.582
2026-02-06,322000,HD현대에너지솔루션,16.2,81900.0,09:09,81981.9,09:18,77804.9,STOP_LOSS,-5.313
2026-02-06,440110,파두,24.7,44700.0,09:25,44744.7,13:51,42465.0,STOP_LOSS,-5.313
2026-02-06,474650,링크솔루션,17.9,73900.0,09:45,73973.9,10:20,70204.9,STOP_LOSS,-5.313
2026-02-09,009830,한화솔루션,15.4,39616.2,09:01,39655.8,09:31,43621.4,TAKE_PROFIT,9.747
2026-02-10,090460,비에이치,17.0,19890.0,09:01,19909.9,15:15,20030.0,TIME_EXIT,0.372
2026-02-10,494120,큐리오시스,16.8,31912.5,09:02,31944.4,09:31,35138.8,TAKE_PROFIT,9.747
2026-02-10,232140,와이씨,16.8,21950.0,09:04,21971.9,15:15,21978.0,TIME_EXIT,-0.202
2026-02-10,170920,엘티씨,15.3,28950.0,09:04,28978.9,15:15,28321.7,TIME_EXIT,-2.493
2026-02-10,213420,덕산네오룩스,17.2,43000.0,09:08,43043.0,15:15,42057.9,TIME_EXIT,-2.513
2026-02-10,086390,유니테스트,22.7,21400.0,09:15,21421.4,09:39,23563.5,TAKE_PROFIT,9.747
2026-02-10,032190,다우데이타,27.1,29750.0,10:04,29779.7,13:29,28262.5,STOP_LOSS,-5.313
2026-02-11,308430,셀비온,22.1,33400.0,09:01,33433.4,15:15,32267.7,TIME_EXIT,-3.709
2026-02-11,020000,한섬,16.2,21200.0,09:02,21221.2,15:15,22077.9,TIME_EXIT,3.798
2026-02-11,0007C0,아크릴,20.7,44000.0,10:51,44044.0,12:50,48448.4,TAKE_PROFIT,9.747
2026-02-12,003720,삼영,21.9,8230.0,09:01,8238.2,15:15,8091.9,TIME_EXIT,-2.002
2026-02-12,052710,아모텍,22.8,10229.3,09:05,10239.5,09:43,9717.8,STOP_LOSS,-5.313
2026-02-12,083640,인콘,18.2,12511.5,09:20,12524.0,09:56,13776.4,TAKE_PROFIT,9.747
2026-02-13,250060,모비스,15.8,5930.0,09:01,5935.9,09:42,5633.5,STOP_LOSS,-5.313
2026-02-13,160980,싸이맥스,15.3,21200.0,09:03,21221.2,13:07,20140.0,STOP_LOSS,-5.313
2026-02-13,221800,지구홀딩스,29.9,11290.0,09:23,11301.3,09:23,10725.5,STOP_LOSS,-5.313
2026-02-13,005440,현대지에프홀딩스,15.1,13930.0,11:59,13943.9,15:15,14175.8,TIME_EXIT,1.429
2026-02-13,0013V0,삼진식품,24.8,11080.0,12:14,11091.1,12:24,12200.2,TAKE_PROFIT,9.747
2026-02-20,129920,대성하이텍,17.3,6360.0,09:01,6366.4,11:53,7003.0,TAKE_PROFIT,9.747
2026-02-20,014620,성광벤드,16.8,40000.0,09:01,40040.0,15:15,40009.9,TIME_EXIT,-0.305
2026-02-20,308430,셀비온,18.9,39400.0,09:02,39439.4,15:15,40109.8,TIME_EXIT,1.466
2026-02-20,172670,에이엘티,16.5,15170.0,09:02,15185.2,09:51,14411.5,STOP_LOSS,-5.313
2026-02-20,125020,티씨머티리얼즈,25.5,5290.0,09:02,5295.3,13:10,5824.8,TAKE_PROFIT,9.747
2026-02-20,002310,아세아제지,18.8,11240.0,09:04,11251.2,09:47,10678.0,STOP_LOSS,-5.313
2026-02-20,005090,SGC에너지,16.1,46050.0,09:17,46096.0,15:15,45954.0,TIME_EXIT,-0.537
2026-02-20,031980,피에스케이홀딩스,21.1,89500.0,10:37,89589.5,15:15,90009.9,TIME_EXIT,0.238
2026-02-23,327260,RF머트리얼즈,16.9,22542.9,09:01,22565.4,15:15,22812.2,TIME_EXIT,0.861
2026-02-23,127120,제이에스링크,18.9,36500.0,09:03,36536.5,15:15,36663.3,TIME_EXIT,0.116
2026-02-23,012320,경동인베스트,19.4,89200.0,09:08,89289.2,15:15,92407.5,TIME_EXIT,3.254
2026-02-23,010820,퍼스텍,26.1,6720.0,09:43,6726.7,11:22,7410.0,TAKE_PROFIT,9.904
2026-02-23,024060,흥구석유,24.4,19040.0,10:56,19059.0,11:08,20964.9,TAKE_PROFIT,9.747
2026-02-23,004090,한국석유,15.2,18840.0,11:03,18858.8,12:53,20744.7,TAKE_PROFIT,9.747
2026-02-24,475960,토모큐브,15.7,66300.0,09:01,66366.3,15:15,64735.2,TIME_EXIT,-2.682
2026-02-24,052710,아모텍,25.0,13275.4,09:01,13288.7,09:04,12611.6,STOP_LOSS,-5.313
2026-02-24,241520,DSC인베스트먼트,25.9,18520.0,09:13,18538.5,15:15,18601.4,TIME_EXIT,0.108
2026-02-24,194480,데브시스터즈,15.6,41200.0,09:22,41241.2,15:15,39910.1,TIME_EXIT,-3.45
2026-02-25,448900,한국피아이엠,16.0,93000.0,09:02,93093.0,14:40,102402.3,TAKE_PROFIT,9.747
2026-02-25,005440,현대지에프홀딩스,20.2,18750.0,11:25,18768.7,15:15,18181.8,TIME_EXIT,-3.35
2026-02-26,221800,지구홀딩스,29.9,25950.0,09:01,25975.9,09:23,28573.5,TAKE_PROFIT,9.747
2026-02-26,092220,KEC,15.8,5950.0,09:14,5955.9,09:35,6551.5,TAKE_PROFIT,9.747
2026-02-26,065170,비엘팜텍,15.0,4865.0,09:16,4869.9,13:42,4621.7,STOP_LOSS,-5.313
2026-02-27,226590,엠디바이스,15.4,30300.0,09:03,30330.3,15:15,29720.2,TIME_EXIT,-2.237
2026-02-27,088130,동아엘텍,20.0,11050.0,09:03,11061.0,09:18,10497.5,STOP_LOSS,-5.313
2026-02-27,322310,오로스테크놀로지,18.5,29150.0,09:04,29179.1,09:29,27692.5,STOP_LOSS,-5.313
2026-02-27,080220,제주반도체,16.6,50700.0,09:06,50750.7,15:15,50749.2,TIME_EXIT,-0.233
2026-02-27,036540,SFA반도체,16.3,8340.0,09:15,8348.3,09:34,7923.0,STOP_LOSS,-5.313
2026-02-27,012320,경동인베스트,18.5,98500.0,09:25,98598.5,13:59,93574.9,STOP_LOSS,-5.313
2026-03-03,027360,아주IB투자,30.0,5810.0,09:02,5815.8,11:40,5519.5,STOP_LOSS,-5.313
2026-03-03,229000,젠큐릭스,29.9,5860.0,09:10,5865.9,09:19,5567.0,STOP_LOSS,-5.313
2026-03-03,085910,네오티스,21.3,20900.0,09:38,20920.9,15:15,20404.6,TIME_EXIT,-2.692
2026-03-04,048530,인트론바이오,18.9,4940.0,09:23,4944.9,09:24,4693.0,STOP_LOSS,-5.313
2026-03-05,024060,흥구석유,30.0,29700.0,09:40,29729.7,09:57,32702.7,TAKE_PROFIT,9.747
2026-03-05,004090,한국석유,29.8,27450.0,09:41,27477.4,10:31,30225.2,TAKE_PROFIT,9.747
2026-03-05,000440,중앙에너비스,29.9,32800.0,09:57,32832.8,10:14,31160.0,STOP_LOSS,-5.313
2026-03-05,003280,흥아해운,24.7,2905.0,10:21,2907.9,10:35,3198.7,TAKE_PROFIT,9.747
2026-03-05,117580,대성에너지,30.0,13580.0,10:26,13593.6,10:34,14952.9,TAKE_PROFIT,9.747
2026-03-05,014530,극동유화,29.8,5990.0,10:30,5996.0,11:03,5690.5,STOP_LOSS,-5.313
2026-03-05,005860,한일사료,20.4,4330.0,10:35,4334.3,10:58,4767.8,TAKE_PROFIT,9.747
2026-03-06,327260,RF머트리얼즈,15.0,24371.3,09:01,24395.7,09:13,23152.7,STOP_LOSS,-5.313
2026-03-06,347700,스피어,29.9,45850.0,09:01,45895.8,10:17,43557.5,STOP_LOSS,-5.313
2026-03-06,027360,아주IB투자,23.4,5300.0,09:01,5305.3,09:08,5835.8,TAKE_PROFIT,9.747
2026-03-06,060250,NHN KCP,19.7,19880.0,09:01,19899.9,15:15,20279.7,TIME_EXIT,1.674
2026-03-06,347850,디앤디파마텍,17.4,82200.0,09:01,82282.2,15:15,84115.8,TIME_EXIT,1.993
2026-03-06,080580,오킨스전자,19.7,15330.0,09:01,15345.3,09:49,16879.9,TAKE_PROFIT,9.747
2026-03-06,234340,헥토파이낸셜,29.9,33000.0,09:01,33033.0,09:06,36336.3,TAKE_PROFIT,9.747
2026-03-06,030530,원익홀딩스,16.8,31000.0,09:01,31031.0,15:15,32217.8,TIME_EXIT,3.586
2026-03-06,100790,미래에셋벤처투자,20.3,21300.0,09:01,21321.3,15:15,22227.8,TIME_EXIT,4.012
2026-03-06,232140,와이씨,16.4,20600.0,09:01,20620.6,15:15,22127.8,TIME_EXIT,7.063
2026-03-06,101490,에스앤에스텍,15.6,92400.0,09:01,92492.4,15:15,93406.5,TIME_EXIT,0.756
2026-03-06,067310,하나마이크론,15.9,35000.0,09:01,35035.0,15:15,36213.8,TIME_EXIT,3.127
2026-03-06,039860,나노엔텍,18.5,6350.0,09:01,6356.3,15:15,6553.4,TIME_EXIT,2.864
2026-03-06,006800,미래에셋증권,15.4,65200.0,09:01,65265.2,15:15,66844.1,TIME_EXIT,2.184
2026-03-06,001510,SK증권,17.4,3489.7,09:01,3493.2,09:01,3315.3,STOP_LOSS,-5.313
2026-03-06,174900,앱클론,17.3,61700.0,09:01,61761.7,15:15,66233.7,TIME_EXIT,6.994
2026-03-06,440110,파두,21.3,66100.0,09:01,66166.1,15:15,70829.1,TIME_EXIT,6.801
2026-03-06,104830,원익머트리얼즈,15.1,46750.0,09:02,46796.7,15:15,48901.1,TIME_EXIT,4.256
2026-03-06,089970,브이엠,20.5,39450.0,09:02,39489.4,13:13,43438.4,TAKE_PROFIT,9.747
2026-03-06,425420,티에프이,15.4,42700.0,09:02,42742.7,15:15,45054.9,TIME_EXIT,5.167
2026-03-06,389020,자람테크놀로지,19.4,43650.0,09:02,43693.6,10:29,41467.5,STOP_LOSS,-5.313
2026-03-06,214180,헥토이노베이션,15.1,21300.0,09:02,21321.3,15:15,21078.9,TIME_EXIT,-1.364
2026-03-06,160190,하이젠알앤엠,15.1,57900.0,09:02,57957.9,15:15,58641.3,TIME_EXIT,0.946
2026-03-06,178320,서진시스템,24.2,46450.0,09:02,46496.4,09:59,44127.5,STOP_LOSS,-5.313
2026-03-06,099440,스맥,17.6,5650.0,09:02,5655.6,15:15,5544.4,TIME_EXIT,-2.192
2026-03-06,330860,네패스아크,15.8,18070.0,09:02,18088.1,15:15,19150.8,TIME_EXIT,5.632
2026-03-06,097230,HJ중공업,17.1,22650.0,09:02,22672.6,15:15,23126.8,TIME_EXIT,1.769
2026-03-06,456010,아이씨티케이,16.0,15040.0,09:02,15055.0,10:15,14288.0,STOP_LOSS,-5.313
2026-03-06,290550,디케이티,19.3,12200.0,09:02,12212.2,13:54,13433.4,TAKE_PROFIT,9.747
2026-03-06,437730,삼현,15.8,49550.0,09:02,49599.5,14:14,54559.5,TAKE_PROFIT,9.747
2026-03-06,432720,퀄리타스반도체,20.1,12240.0,09:02,12252.2,15:15,12557.4,TIME_EXIT,2.255
2026-03-06,089790,제이티,15.6,5850.0,09:02,5855.8,15:15,6223.8,TIME_EXIT,6.039
2026-03-06,491000,리브스메드,17.0,78600.0,09:02,78678.6,10:10,86546.5,TAKE_PROFIT,9.747
2026-03-06,102120,어보브반도체,15.9,11500.0,09:02,11511.5,15:15,11718.3,TIME_EXIT,1.562
2026-03-06,077360,덕산하이메탈,16.0,11190.0,09:02,11201.2,15:15,11898.1,TIME_EXIT,5.977
2026-03-06,003530,한화투자증권,17.8,7410.0,09:02,7417.4,10:30,7039.5,STOP_LOSS,-5.313
2026-03-06,317330,덕산테코피아,15.5,16550.0,09:02,16566.5,15:15,17812.2,TIME_EXIT,7.272
2026-03-06,098120,마이크로컨텍솔,17.9,29650.0,09:02,29679.6,15:15,30969.0,TIME_EXIT,4.104
2026-03-06,281820,케이씨텍,17.6,46400.0,09:02,46446.4,15:15,47602.3,TIME_EXIT,2.253
2026-03-06,083310,엘오티베큠,15.9,13010.0,09:02,13023.0,15:15,13366.6,TIME_EXIT,2.402
2026-03-06,059270,해성에어로보틱스,15.9,11160.0,09:02,11171.2,15:15,11158.8,TIME_EXIT,-0.34
2026-03-06,101330,모베이스,15.0,5210.0,09:02,5215.2,10:28,4949.5,STOP_LOSS,-5.313
2026-03-06,125490,한라캐스트,18.9,15800.0,09:02,15815.8,15:15,15894.1,TIME_EXIT,0.264
2026-03-06,078160,메디포스트,16.2,21500.0,09:02,21521.5,15:15,22977.0,TIME_EXIT,6.517
2026-03-06,098460,고영,19.8,30600.0,09:02,30630.6,15:15,33016.9,TIME_EXIT,7.543
2026-03-06,090360,로보스타,15.6,68100.0,09:02,68168.1,15:15,69330.6,TIME_EXIT,1.471
2026-03-06,200470,에이팩트,30.0,8720.0,09:02,8728.7,10:23,8284.0,STOP_LOSS,-5.313
2026-03-06,161580,필옵틱스,16.6,45700.0,09:02,45745.7,15:15,47852.1,TIME_EXIT,4.364
2026-03-06,396300,HT로보틱스,17.2,3910.0,09:02,3913.9,15:15,3961.0,TIME_EXIT,0.971
2026-03-06,267320,나인테크,16.8,3200.0,09:02,3203.2,15:15,3326.7,TIME_EXIT,3.616
2026-03-06,451220,아이엠티,19.2,12540.0,09:02,12552.5,15:15,13186.8,TIME_EXIT,4.811
2026-03-06,052900,KX하이텍,19.8,1258.0,09:02,1259.3,10:28,1195.1,STOP_LOSS,-5.313
2026-03-06,293580,나우IB,16.7,2025.0,09:02,2027.0,15:15,1992.0,TIME_EXIT,-1.954
2026-03-06,011210,현대위아,16.1,91000.0,09:02,91091.0,15:15,91008.9,TIME_EXIT,-0.32
2026-03-06,140670,알에스오토메이션,17.6,20300.0,09:02,20320.3,15:15,20929.0,TIME_EXIT,2.759
2026-03-06,272110,케이엔제이,15.9,32450.0,09:02,32482.4,15:15,33666.3,TIME_EXIT,3.406
2026-03-06,425040,티이엠씨,16.0,8980.0,09:02,8989.0,15:15,9480.5,TIME_EXIT,5.226
2026-03-06,089010,켐트로닉스,15.2,28800.0,09:02,28828.8,15:15,29620.3,TIME_EXIT,2.509
2026-03-06,084110,휴온스글로벌,19.6,63400.0,09:03,63763.7,15:15,63036.9,TIME_EXIT,-1.367
2026-03-06,023590,다우기술,15.1,50800.0,09:03,50850.8,10:29,48260.0,STOP_LOSS,-5.313
2026-03-06,478340,나라스페이스테크놀로지,17.6,40100.0,09:03,40140.1,10:28,38095.0,STOP_LOSS,-5.313
2026-03-06,322510,제이엘케이,15.2,7270.0,09:03,7277.3,15:15,7322.7,TIME_EXIT,0.392
2026-03-06,241520,DSC인베스트먼트,22.4,16310.0,09:03,16326.3,10:29,15494.5,STOP_LOSS,-5.313
2026-03-06,490470,세미파이브,15.4,23650.0,09:03,23673.6,15:15,24425.5,TIME_EXIT,2.939
2026-03-06,101170,우림피티에스,20.0,14680.0,09:03,14694.7,10:28,13946.0,STOP_LOSS,-5.313
2026-03-06,380550,뉴로핏,15.6,23650.0,09:03,23673.6,15:15,23826.2,TIME_EXIT,0.413
2026-03-06,445090,에이직랜드,15.8,27450.0,09:03,27477.4,15:15,28571.4,TIME_EXIT,3.742
2026-03-06,451760,컨텍,15.3,16200.0,09:03,16216.2,15:15,17192.8,TIME_EXIT,5.778
2026-03-06,209640,와이제이링크,15.0,3680.0,09:03,3683.7,15:15,3681.3,TIME_EXIT,-0.294
2026-03-06,199430,케이엔알시스템,20.3,28450.0,09:03,28478.4,09:35,27027.5,STOP_LOSS,-5.313
2026-03-06,009470,삼화전기,16.5,39200.0,09:03,39439.4,15:15,40809.2,TIME_EXIT,3.235
2026-03-06,007810,코리아써키트,16.2,52400.0,09:03,52452.4,10:26,49780.0,STOP_LOSS,-5.313
2026-03-06,381620,제닉스로보틱스,15.2,10830.0,09:04,10840.8,10:28,10288.5,STOP_LOSS,-5.313
2026-03-06,204270,제이앤티씨,16.9,18710.0,09:04,18728.7,15:15,19270.7,TIME_EXIT,2.657
2026-03-06,0120G0,삼양바이오팜,15.2,87800.0,09:04,87887.8,15:15,92707.2,TIME_EXIT,5.241
2026-03-06,089890,코세스,28.7,26000.0,09:04,26126.1,10:21,24795.0,STOP_LOSS,-5.313
2026-03-06,046890,서울반도체,17.0,9830.0,09:04,9839.8,15:15,10189.8,TIME_EXIT,3.319
2026-03-06,010140,삼성중공업,15.7,27200.0,09:04,27227.2,15:15,27572.4,TIME_EXIT,1.035
2026-03-06,001290,상상인증권,15.5,5875.0,09:04,5880.9,09:25,6469.0,TAKE_PROFIT,9.747
2026-03-06,232680,라온로보틱스,15.4,14650.0,09:05,14664.6,15:15,14765.2,TIME_EXIT,0.454
2026-03-06,229000,젠큐릭스,22.6,5040.0,09:06,5045.0,09:06,4788.0,STOP_LOSS,-5.313
2026-03-06,295310,에이치브이엠,18.7,76900.0,09:07,76976.9,15:15,79420.5,TIME_EXIT,2.937
2026-03-06,488900,비츠로넥스텍,16.6,17250.0,09:09,17267.2,10:21,16387.5,STOP_LOSS,-5.313
2026-03-06,371950,풍원정밀,24.6,14920.0,09:12,14934.9,15:15,15035.0,TIME_EXIT,0.438
2026-03-06,417840,저스템,19.0,6400.0,09:21,6406.4,10:24,6080.0,STOP_LOSS,-5.313
2026-03-06,124500,아이티센글로벌,26.9,60800.0,09:29,60860.8,10:15,57759.9,STOP_LOSS,-5.313
2026-03-06,092220,KEC,23.8,7120.0,14:37,7127.1,15:15,6968.0,TIME_EXIT,-2.457
2026-03-09,000390,SP삼화,29.9,10120.0,09:01,10130.1,11:03,9560.4,STOP_LOSS,-5.841
2026-03-09,009830,한화솔루션,16.7,48860.0,09:01,48908.9,09:23,46417.0,STOP_LOSS,-5.313
2026-03-09,052020,에스티큐브,26.0,11050.0,09:03,11061.0,09:03,10497.5,STOP_LOSS,-5.313
2026-03-09,265740,엔에프씨,17.0,9350.0,09:05,9359.3,10:16,8882.5,STOP_LOSS,-5.313
2026-03-09,222080,SFA넥셀,17.0,15100.0,09:36,15115.1,10:25,14345.0,STOP_LOSS,-5.313
2026-03-09,043260,성호전자,21.7,37600.0,11:52,37637.6,15:15,38261.7,TIME_EXIT,1.424
2026-03-09,095660,네오위즈,15.8,27800.0,13:18,27827.8,15:15,27672.3,TIME_EXIT,-0.787
2026-03-09,123330,제닉,21.2,22900.0,14:13,22922.9,15:15,22577.4,TIME_EXIT,-1.734
2026-03-09,115180,큐리언트,19.2,41200.0,14:54,41241.2,15:15,40559.4,TIME_EXIT,-1.879
2026-03-11,290740,액트로,18.2,25950.0,09:01,25975.9,09:46,28573.5,TAKE_PROFIT,9.747
2026-03-11,295310,에이치브이엠,19.0,95000.0,09:02,95095.0,09:41,104604.5,TAKE_PROFIT,9.747
2026-03-11,044490,태웅,24.7,50000.0,09:10,50050.0,14:46,47500.0,STOP_LOSS,-5.313
2026-03-12,077360,덕산하이메탈,16.3,13870.0,09:01,13883.9,15:15,14105.9,TIME_EXIT,1.365
2026-03-12,376900,로킷헬스케어,25.5,97000.0,09:01,97097.0,10:38,106806.7,TAKE_PROFIT,9.747
2026-03-12,389020,자람테크놀로지,25.5,58300.0,09:02,58358.3,12:01,55384.9,STOP_LOSS,-5.313
2026-03-12,073490,LIG아큐버,20.8,45550.0,09:03,45595.5,15:15,45154.8,TIME_EXIT,-1.194
2026-03-12,218410,RFHIC,19.9,89600.0,09:23,89689.6,10:42,85119.9,STOP_LOSS,-5.313
2026-03-12,120110,코오롱인더,16.3,71900.0,10:08,71971.9,15:15,71428.5,TIME_EXIT,-0.983
2026-03-13,046120,오르비텍,29.9,8160.0,09:01,8168.2,15:15,8431.6,TIME_EXIT,2.987
2026-03-13,357580,아모센스,20.0,24050.0,09:01,24074.0,15:15,25324.7,TIME_EXIT,4.953
2026-03-13,036170,에이치엠넥스,17.1,5200.0,09:02,5205.2,15:15,5494.5,TIME_EXIT,5.315
2026-03-13,380540,옵티코어,24.1,10040.0,09:02,10050.0,09:04,9538.0,STOP_LOSS,-5.313
2026-03-13,261520,이지스,16.0,10290.0,09:02,10300.3,15:15,10119.9,TIME_EXIT,-1.978
2026-03-13,230240,에치에프알,29.9,27600.0,09:05,27627.6,09:27,26220.0,STOP_LOSS,-5.313
2026-03-13,019570,GMI벤처,29.8,4620.6,09:16,4625.3,09:27,4368.6,STOP_LOSS,-5.766
2026-03-13,036810,에프에스티,21.5,45000.0,09:17,45045.0,15:15,44455.5,TIME_EXIT,-1.536
2026-03-13,282720,금양그린파워,15.5,15990.0,09:26,16006.0,09:59,15190.5,STOP_LOSS,-5.313
2026-03-13,486990,노타,19.2,44450.0,10:05,44494.4,15:15,45304.7,TIME_EXIT,1.587
2026-03-16,474610,RF시스템즈,24.1,10100.0,09:01,10110.1,10:08,11121.1,TAKE_PROFIT,9.747
2026-03-16,322510,제이엘케이,26.9,9000.0,09:02,9009.0,10:34,8550.0,STOP_LOSS,-5.313
2026-03-16,357880,SKAI,29.4,4800.0,09:59,4804.8,10:30,4560.0,STOP_LOSS,-5.313
2026-03-17,007340,DN오토모티브,29.9,35850.0,09:01,35885.8,15:15,35814.2,TIME_EXIT,-0.429
2026-03-17,003280,흥아해운,30.0,3035.0,09:01,3038.0,10:34,3341.8,TAKE_PROFIT,9.747
2026-03-17,338840,와이바이오로직스,18.3,33900.0,09:02,33933.9,15:15,33716.2,TIME_EXIT,-0.87
2026-03-17,465770,STX그린로지스,19.3,7780.0,10:53,7787.8,10:58,8566.6,TAKE_PROFIT,9.747
2026-03-17,319660,피에스케이,15.4,74000.0,10:59,74074.0,15:15,73526.4,TIME_EXIT,-0.968
2026-03-18,307750,국전,19.0,5540.0,09:01,5545.5,09:09,5263.0,STOP_LOSS,-5.313
2026-03-19,393890,더블유씨피,18.3,14810.0,09:01,14824.8,09:57,16307.3,TAKE_PROFIT,9.747
2026-03-19,307180,아이엘,15.8,5720.0,09:01,5725.7,15:15,5814.2,TIME_EXIT,1.311
2026-03-19,006360,GS건설,16.6,25650.0,09:01,25675.6,15:15,26223.8,TIME_EXIT,1.9
2026-03-19,042520,한스바이오메드,24.0,54500.0,09:02,54554.5,15:15,54945.0,TIME_EXIT,0.484
2026-03-19,047040,대우건설,22.8,14870.0,09:02,14884.9,09:36,16373.4,TAKE_PROFIT,9.747
2026-03-19,032820,우리기술,21.6,29300.0,09:09,29329.3,15:15,28871.1,TIME_EXIT,-1.789
2026-03-19,085910,네오티스,17.0,19650.0,09:15,19669.6,09:39,18667.5,STOP_LOSS,-5.313
2026-03-20,037030,파워넷,16.8,3925.0,09:02,3928.9,15:15,3756.2,TIME_EXIT,-4.615
2026-03-23,105840,우진,19.3,31200.0,09:01,31231.2,09:07,29640.0,STOP_LOSS,-5.313
2026-03-23,036930,주성엔지니어링,19.3,72800.0,09:01,72872.8,15:15,71528.4,TIME_EXIT,-2.071
2026-03-23,388050,지투파워,15.3,13500.0,09:01,13513.5,09:10,12825.0,STOP_LOSS,-5.313
2026-03-23,001510,SK증권,18.6,5175.6,09:01,5180.7,09:33,4916.8,STOP_LOSS,-5.313
2026-03-23,131030,옵투스제약,15.6,11910.0,09:02,11921.9,09:41,13160.0,TAKE_PROFIT,10.131
2026-03-23,122640,예스티,16.8,28800.0,09:02,28828.8,12:07,27360.0,STOP_LOSS,-5.313
2026-03-23,039560,다산네트웍스,15.4,4990.0,09:02,4995.0,15:15,5104.9,TIME_EXIT,1.965
2026-03-23,321550,티움바이오,17.8,10070.0,09:02,10080.1,10:28,11088.1,TAKE_PROFIT,9.747
2026-03-23,046120,오르비텍,24.8,13700.0,10:15,13713.7,10:29,15085.1,TAKE_PROFIT,9.747
2026-03-23,014620,성광벤드,17.2,37200.0,10:47,37237.2,15:15,36663.3,TIME_EXIT,-1.768
2026-03-23,308430,셀비온,15.1,30900.0,10:57,30930.9,13:09,29355.0,STOP_LOSS,-5.313
2026-03-23,023160,태광,23.5,35700.0,11:08,35735.7,15:15,35764.2,TIME_EXIT,-0.15
2026-03-23,000210,DL,26.5,64900.0,13:08,64964.9,15:15,64635.3,TIME_EXIT,-0.736
2026-03-24,217590,티엠씨,18.4,27950.0,09:02,27977.9,09:10,26552.5,STOP_LOSS,-5.313
2026-03-24,003280,흥아해운,19.6,3625.0,09:59,3628.6,10:11,3991.5,TAKE_PROFIT,9.747
2026-03-25,123330,제닉,15.9,27350.0,09:01,27377.3,15:15,26723.2,TIME_EXIT,-2.614
2026-03-25,200710,에이디테크놀로지,18.4,58000.0,09:04,58058.0,15:15,58941.0,TIME_EXIT,1.287
2026-03-26,027360,아주IB투자,29.9,8520.0,09:01,8528.5,09:14,8094.0,STOP_LOSS,-5.313
2026-03-26,078070,유비쿼스홀딩스,24.0,16960.0,09:02,16977.0,11:13,16112.0,STOP_LOSS,-5.313
2026-03-26,007810,코리아써키트,21.9,79500.0,09:11,79579.5,15:15,80219.7,TIME_EXIT,0.573
2026-03-26,080580,오킨스전자,16.8,21300.0,09:22,21321.3,15:15,20679.3,TIME_EXIT,-3.234
2026-03-27,060280,큐렉소,15.1,17260.0,09:01,17277.3,09:17,16397.0,STOP_LOSS,-5.313
2026-03-27,108860,셀바스AI,23.8,16750.0,11:26,16766.7,11:41,15912.5,STOP_LOSS,-5.313
2026-03-30,100790,미래에셋벤처투자,15.2,32550.0,09:02,32582.5,09:07,30922.5,STOP_LOSS,-5.313
2026-03-30,402490,그린리소스,16.2,15410.0,09:03,15425.4,15:15,15754.2,TIME_EXIT,1.897
2026-03-31,006890,태경케미컬,16.3,10680.0,09:02,10690.7,09:27,10146.0,STOP_LOSS,-5.313
2026-04-01,008350,남선알미늄,30.0,1800.0,09:05,1801.8,09:08,1710.0,STOP_LOSS,-5.313
2026-04-02,033640,네패스,20.4,20100.0,09:03,20120.1,10:33,19095.0,STOP_LOSS,-5.313
2026-04-02,086450,동국제약,22.9,29000.0,09:05,29029.0,10:20,27550.0,STOP_LOSS,-5.313
2026-04-02,062970,한국첨단소재,29.9,5992.6,09:34,5998.6,09:42,5692.9,STOP_LOSS,-5.313
2026-04-02,053690,한미글로벌,18.6,31900.0,09:58,31931.9,10:24,30305.0,STOP_LOSS,-5.313
2026-04-03,137950,제이씨케미칼,21.6,5720.0,09:36,5725.7,10:58,6298.3,TAKE_PROFIT,9.747
2026-04-03,065450,빅텍,27.2,6130.0,09:42,6136.1,15:15,6123.9,TIME_EXIT,-0.429
2026-04-03,003280,흥아해운,20.5,4470.0,11:35,4474.5,12:45,4246.5,STOP_LOSS,-5.313
2026-04-06,200710,에이디테크놀로지,16.8,56300.0,09:01,56356.3,15:15,53946.0,TIME_EXIT,-4.497
2026-04-06,109080,옵티시스,21.6,12880.0,09:11,12892.9,15:15,12457.5,TIME_EXIT,-3.599
2026-04-06,112610,씨에스윈드,18.5,76900.0,09:47,76976.9,11:39,73054.9,STOP_LOSS,-5.313
2026-04-06,092790,넥스틸,21.4,14920.0,10:27,14934.9,15:15,14965.0,TIME_EXIT,-0.029
2026-04-07,285800,진영,29.9,11100.0,09:02,11111.1,09:10,12222.2,TAKE_PROFIT,9.747
2026-04-07,008350,남선알미늄,18.0,2130.0,09:17,2132.1,10:00,2345.3,TAKE_PROFIT,9.747
2026-04-09,080580,오킨스전자,16.3,20450.0,09:03,20470.4,15:15,20629.3,TIME_EXIT,0.544
2026-04-09,187660,페니트리움바이오,18.5,13599.2,09:03,13612.8,15:15,14333.7,TIME_EXIT,5.053
2026-04-09,440110,파두,21.3,57000.0,09:04,57057.0,10:25,54149.9,STOP_LOSS,-5.313
2026-04-09,222800,심텍,17.4,68000.0,09:05,68068.0,15:15,68931.0,TIME_EXIT,1.035
2026-04-09,010170,대한광통신,16.2,14690.0,09:07,14704.7,09:39,13955.5,STOP_LOSS,-5.313
2026-04-09,122640,예스티,17.9,22600.0,09:14,22622.6,15:15,23526.5,TIME_EXIT,3.756
2026-04-09,047040,대우건설,30.0,22550.0,09:18,22572.5,15:15,23126.8,TIME_EXIT,2.22
2026-04-09,064290,인텍플러스,15.7,22950.0,09:28,22972.9,15:15,22577.4,TIME_EXIT,-1.948
2026-04-09,161390,한국타이어앤테크놀로지,15.4,61500.0,11:03,61561.5,15:15,62637.3,TIME_EXIT,1.514
2026-04-09,375500,DL이앤씨,25.9,95200.0,11:09,95295.2,15:15,93706.2,TIME_EXIT,-1.894
2026-04-13,033640,네패스,15.4,25150.0,09:01,25175.1,15:15,25524.5,TIME_EXIT,1.154
2026-04-13,052710,아모텍,21.5,17912.7,09:02,17930.6,15:15,19071.9,TIME_EXIT,6.121
2026-04-13,050890,쏠리드,20.1,17080.0,09:02,17097.1,15:15,17462.5,TIME_EXIT,1.903
2026-04-13,064850,에프앤가이드,16.3,25000.0,09:06,25025.0,15:15,25474.5,TIME_EXIT,1.562
2026-04-13,327260,RF머트리얼즈,22.5,46438.3,09:07,46484.7,09:20,44116.3,STOP_LOSS,-5.313
2026-04-13,323350,다원넥스뷰,16.0,13220.0,10:11,13233.2,15:15,12977.0,TIME_EXIT,-2.162
2026-04-13,396270,넥스트칩,15.3,4515.0,14:22,4519.5,15:15,4695.3,TIME_EXIT,3.651
2026-04-14,078160,메디포스트,18.0,23900.0,09:28,23923.9,15:15,24026.0,TIME_EXIT,0.196
2026-04-14,037230,한국팩키지,15.4,2730.0,10:16,2732.7,10:26,3006.0,TAKE_PROFIT,9.747
2026-04-16,215790,이노인스트루먼트,29.9,4340.0,09:01,4344.3,09:01,4123.0,STOP_LOSS,-5.313
2026-04-16,234340,헥토파이낸셜,17.3,33250.0,09:11,33333.3,10:23,31635.0,STOP_LOSS,-5.313
2026-04-17,052400,코나아이,17.1,71100.0,09:01,71171.1,10:25,67544.9,STOP_LOSS,-5.313
2026-04-17,059090,미코,23.2,20700.0,09:22,20720.7,15:15,20479.5,TIME_EXIT,-1.391
2026-04-17,046970,우리로,19.7,14200.0,10:47,14214.2,10:51,15635.6,TAKE_PROFIT,9.747
2026-04-17,090460,비에이치,21.9,29200.0,11:36,29229.2,15:15,31768.2,TIME_EXIT,8.437
2026-04-20,100790,미래에셋벤처투자,19.6,46300.0,09:01,46346.3,09:05,43985.0,STOP_LOSS,-5.313
2026-04-20,365340,성일하이텍,15.1,79500.0,09:03,79579.5,15:15,79820.1,TIME_EXIT,0.072
2026-04-22,107640,한중엔시에스,29.9,72500.0,09:01,72572.5,15:15,71628.3,TIME_EXIT,-1.528
2026-04-23,001250,GS글로벌,17.2,3950.0,09:03,3953.9,09:08,3752.5,STOP_LOSS,-5.313
2026-04-23,017860,DS단석,30.0,26250.0,09:08,26276.2,10:19,24937.5,STOP_LOSS,-5.313
2026-04-23,100790,미래에셋벤처투자,21.9,57700.0,09:11,57757.7,11:18,63533.5,TAKE_PROFIT,9.747
2026-04-24,221800,지구홀딩스,17.3,18300.0,10:43,18318.3,13:23,20150.1,TAKE_PROFIT,9.747
2026-04-27,187870,디바이스,15.1,19068.8,09:01,19087.8,15:15,19636.3,TIME_EXIT,2.637
2026-04-27,014620,성광벤드,19.0,47550.0,10:16,47597.5,15:15,48301.7,TIME_EXIT,1.246
2026-04-28,323280,태성,17.3,89700.0,09:01,89789.7,09:09,85214.9,STOP_LOSS,-5.313
2026-04-28,124500,아이티센글로벌,16.8,54000.0,09:56,54054.0,15:15,52147.8,TIME_EXIT,-3.748
2026-04-29,005010,휴스틸,17.2,6740.0,09:38,6746.7,15:15,7072.9,TIME_EXIT,4.594
2026-04-30,006340,대원전선,30.0,13090.0,09:01,13103.1,09:07,14510.0,TAKE_PROFIT,10.483
2026-04-30,005950,이수화학,20.9,11850.0,09:11,11861.8,10:29,11257.5,STOP_LOSS,-5.313
2026-04-30,488280,에스투더블유,25.8,26100.0,09:40,26126.1,15:15,25224.8,TIME_EXIT,-3.672
2026-05-07,203650,드림시큐리티,29.9,3755.0,09:01,3758.8,09:09,4145.0,TAKE_PROFIT,10.022
2026-05-07,336260,두산퓨얼셀,29.2,78300.0,09:01,78378.3,09:40,74384.9,STOP_LOSS,-5.313
2026-05-07,003470,유안타증권,29.9,7830.0,09:04,7837.8,09:24,7438.5,STOP_LOSS,-5.313
2026-05-08,138080,오이솔루션,21.1,54000.0,09:01,54054.0,10:48,51299.9,STOP_LOSS,-5.313
2026-05-08,010170,대한광통신,19.3,21800.0,09:02,21821.8,09:18,24004.0,TAKE_PROFIT,9.747
2026-05-08,159010,아스플로,17.9,13800.0,09:06,13813.8,15:15,14625.4,TIME_EXIT,5.632
2026-05-11,265520,AP시스템,16.8,30200.0,09:03,30230.2,09:17,28690.0,STOP_LOSS,-5.313
2026-05-11,012200,계양전기,29.9,8018.9,09:14,8026.9,09:20,8917.0,TAKE_PROFIT,10.833
2026-05-11,002020,코오롱,16.1,83600.0,09:23,83683.6,15:15,81118.8,TIME_EXIT,-3.288
2026-05-12,004710,한솔테크닉스,30.0,13348.1,09:01,13361.4,09:18,12680.7,STOP_LOSS,-5.313
2026-05-12,389500,에스비비테크,25.7,90000.0,09:03,90090.0,09:21,99099.0,TAKE_PROFIT,9.747
2026-05-12,096530,씨젠,15.8,28250.0,09:52,28278.2,15:15,27972.0,TIME_EXIT,-1.31
2026-05-13,215790,이노인스트루먼트,16.0,2305.0,09:30,2307.3,09:32,2189.7,STOP_LOSS,-5.313
2026-05-14,187870,디바이스,30.0,27950.0,09:01,27977.9,14:10,26552.5,STOP_LOSS,-5.313
2026-05-14,144960,뉴파워프라즈마,30.0,11150.0,09:01,11161.1,13:52,12430.0,TAKE_PROFIT,11.112
2026-05-14,183300,코미코,30.0,38166.9,09:02,38205.1,12:59,36258.5,STOP_LOSS,-5.313
2026-05-14,092190,서울바이오시스,29.9,15320.0,09:02,15335.3,09:02,14554.0,STOP_LOSS,-5.313
2026-05-14,114450,그린생명과학,29.9,3645.0,11:19,3648.6,11:19,3462.7,STOP_LOSS,-5.313
2026-05-15,078350,한양디지텍,25.2,35550.0,09:01,35585.5,14:45,33772.5,STOP_LOSS,-5.313
2026-05-15,006110,삼아알미늄,18.7,96300.0,09:02,96396.3,09:04,91484.9,STOP_LOSS,-5.313
2026-05-18,067310,하나마이크론,18.6,52900.0,09:02,52952.9,09:35,50254.9,STOP_LOSS,-5.313
2026-05-18,452280,한선엔지니어링,19.2,28900.0,13:07,28928.9,15:15,28271.7,TIME_EXIT,-2.497
2026-05-19,355150,코스텍시스,15.5,57600.0,09:21,57657.6,09:47,54719.9,STOP_LOSS,-5.313
2026-05-19,147760,피엠티,16.5,6700.0,09:40,6706.7,09:41,6365.0,STOP_LOSS,-5.313
2026-05-20,142280,녹십자엠에스,19.0,4860.0,09:01,4864.9,09:08,5351.3,TAKE_PROFIT,9.747
2026-05-20,452280,한선엔지니어링,19.6,33300.0,10:14,33333.3,11:31,31635.0,STOP_LOSS,-5.313
2026-05-21,123010,MSDI,17.9,4873.1,09:01,4878.0,09:39,5365.8,TAKE_PROFIT,9.747
2026-05-21,253840,수젠텍,15.1,7630.0,09:01,7637.6,09:05,7248.5,STOP_LOSS,-5.313
2026-05-21,126730,코칩,29.9,20200.0,09:01,20220.2,09:30,19190.0,STOP_LOSS,-5.313
2026-05-21,005950,이수화학,15.4,14080.0,09:02,14094.1,09:02,13376.0,STOP_LOSS,-5.313
2026-05-21,081180,쎄크,15.0,10860.0,09:03,10870.9,15:15,10519.5,TIME_EXIT,-3.455
2026-05-21,001820,삼화콘덴서,23.0,78600.0,09:06,78678.6,15:15,78421.5,TIME_EXIT,-0.556
2026-05-21,142280,녹십자엠에스,28.2,6230.0,09:27,6236.2,09:30,5918.5,STOP_LOSS,-5.313
2026-05-22,041020,폴라리스오피스,15.3,4335.0,09:01,4339.3,15:15,4235.8,TIME_EXIT,-2.611
2026-05-22,036540,SFA반도체,15.0,8950.0,09:02,8958.9,09:23,9854.8,TAKE_PROFIT,9.747
2026-05-22,142210,유니트론텍,29.9,8610.0,09:02,8618.6,15:15,8556.4,TIME_EXIT,-0.95
2026-05-22,348340,뉴로메카,19.0,42118.4,09:02,42160.6,15:15,41125.8,TIME_EXIT,-2.679
2026-05-22,033640,네패스,19.8,35450.0,09:03,35485.4,15:15,36863.1,TIME_EXIT,3.643
2026-05-22,482630,삼양엔씨켐,17.6,22300.0,09:03,22322.3,15:15,22227.8,TIME_EXIT,-0.653
2026-05-22,064290,인텍플러스,17.9,28300.0,09:04,28328.3,12:49,31161.1,TAKE_PROFIT,9.747
2026-05-22,336570,원텍,21.1,8900.0,09:11,8908.9,15:15,9280.7,TIME_EXIT,3.934
2026-05-22,011210,현대위아,16.4,90300.0,09:37,90390.3,15:15,90309.6,TIME_EXIT,-0.319
2026-05-26,147760,피엠티,17.5,9470.0,09:01,9479.5,09:54,8996.5,STOP_LOSS,-5.313
2026-05-26,171090,선익시스템,17.2,94900.0,10:04,94994.9,15:15,95704.2,TIME_EXIT,0.515
2026-05-27,356680,엑스게이트,30.0,27550.0,09:02,27577.5,09:19,30335.3,TAKE_PROFIT,9.747
2026-05-27,115500,케이씨에스,30.0,20600.0,09:04,20620.6,09:08,22682.7,TAKE_PROFIT,9.747
2026-05-27,308080,바이젠셀,21.4,12920.0,09:05,12932.9,10:35,14226.2,TAKE_PROFIT,9.747
2026-05-27,321260,프로이천,15.6,4850.0,09:35,4854.8,10:11,5420.0,TAKE_PROFIT,11.384
2026-05-29,486990,노타,29.8,34600.0,09:01,34634.6,09:04,32870.0,STOP_LOSS,-5.313
2026-05-29,417010,나노팀,16.6,14650.0,09:02,14664.6,09:16,13917.5,STOP_LOSS,-5.313
2026-06-01,336370,솔루스첨단소재,25.7,11690.0,09:03,11701.7,09:08,11105.5,STOP_LOSS,-5.313
2026-06-01,389140,포바이포,20.4,8370.0,09:03,8378.4,09:08,7951.5,STOP_LOSS,-5.313
2026-06-01,061090,세나테크놀로지,15.9,48400.0,11:01,48448.4,15:15,48751.2,TIME_EXIT,0.394
2026-06-02,455900,엔젤로보틱스,22.0,31600.0,09:02,31631.6,09:04,30020.0,STOP_LOSS,-5.313
2026-06-04,320000,한울반도체,17.6,11890.0,09:01,11901.9,15:15,11748.2,TIME_EXIT,-1.518
2026-06-04,043260,성호전자,20.4,47500.0,09:02,47547.5,09:19,52302.2,TAKE_PROFIT,9.747
2026-06-05,377480,마음AI,30.0,17600.0,09:01,17617.6,09:01,16720.0,STOP_LOSS,-5.313
2026-06-05,452280,한선엔지니어링,19.9,24750.0,09:04,24774.7,15:15,24775.2,TIME_EXIT,-0.228
2026-06-05,052710,아모텍,16.4,22550.0,09:07,22572.5,09:11,21422.4,STOP_LOSS,-5.313
2026-06-05,089970,브이엠,28.2,69500.0,10:41,69569.5,15:15,68031.9,TIME_EXIT,-2.435
2026-06-05,077360,덕산하이메탈,30.0,15010.0,10:47,15025.0,15:15,14515.5,TIME_EXIT,-3.613
2026-06-08,457370,한켐,29.9,14670.0,09:03,14684.7,09:43,13936.5,STOP_LOSS,-5.313
2026-06-08,388790,라이콤,20.4,5910.0,09:04,5915.9,09:04,5614.5,STOP_LOSS,-5.313
2026-06-10,089970,브이엠,27.0,76600.0,09:01,76676.6,15:15,80319.6,TIME_EXIT,4.51
2026-06-10,160980,싸이맥스,24.7,43450.0,09:01,43493.4,10:54,41277.5,STOP_LOSS,-5.313
2026-06-10,024840,KBI메탈,20.1,4900.0,09:01,4904.9,09:05,5395.4,TAKE_PROFIT,9.747
2026-06-10,098460,고영,20.3,33450.0,09:01,33483.4,12:44,31777.5,STOP_LOSS,-5.313
2026-06-10,252990,샘씨엔에스,19.2,13560.0,09:02,13573.6,11:37,12882.0,STOP_LOSS,-5.313
2026-06-10,030530,원익홀딩스,15.7,25100.0,09:02,25125.1,12:42,23845.0,STOP_LOSS,-5.313
2026-06-10,417840,저스템,15.2,15200.0,09:02,15215.2,13:25,14440.0,STOP_LOSS,-5.313
2026-06-10,083450,GST,17.5,55100.0,09:02,55155.1,15:15,56743.2,TIME_EXIT,2.643
2026-06-10,482630,삼양엔씨켐,16.3,15330.0,09:02,15345.3,09:13,14563.5,STOP_LOSS,-5.313
2026-06-10,187870,디바이스,15.2,22500.0,09:02,22522.5,15:02,21375.0,STOP_LOSS,-5.313
2026-06-10,330860,네패스아크,16.3,40700.0,09:04,40740.7,15:15,40659.3,TIME_EXIT,-0.429
2026-06-10,003160,디아이,19.4,28050.0,09:04,28078.0,15:15,27572.4,TIME_EXIT,-2.027
2026-06-10,200710,에이디테크놀로지,15.1,36600.0,09:04,36636.6,11:26,34770.0,STOP_LOSS,-5.313
2026-06-10,080580,오킨스전자,15.6,17980.0,09:05,17998.0,09:17,17081.0,STOP_LOSS,-5.313
2026-06-10,159010,아스플로,20.9,18260.0,09:05,18278.3,15:15,18781.2,TIME_EXIT,2.515
2026-06-10,083500,에프엔에스테크,18.8,18300.0,09:05,18318.3,13:10,17385.0,STOP_LOSS,-5.313
2026-06-10,025560,미래산업,19.2,7460.0,09:10,7467.5,13:24,7087.0,STOP_LOSS,-5.313
2026-06-10,403870,HPSP,20.9,57000.0,09:18,57057.0,11:20,54149.9,STOP_LOSS,-5.313
2026-06-10,089030,테크윙,21.0,59700.0,09:18,59759.7,14:17,56714.9,STOP_LOSS,-5.313
2026-06-10,000370,한화손해보험,15.4,6450.0,09:20,6456.4,15:15,6293.7,TIME_EXIT,-2.745
2026-06-10,089890,코세스,18.1,35900.0,09:27,35985.9,15:15,36263.7,TIME_EXIT,0.54
2026-06-10,058470,리노공업,16.3,99000.0,09:28,99099.0,13:07,94049.9,STOP_LOSS,-5.313
2026-06-10,017900,광전자,18.4,9190.0,09:35,9199.2,09:49,10119.1,TAKE_PROFIT,9.747
2026-06-10,046890,서울반도체,16.3,13470.0,10:02,13483.5,15:15,13176.8,TIME_EXIT,-2.499
2026-06-11,093370,후성,20.1,16240.0,09:17,16256.2,09:41,15428.0,STOP_LOSS,-5.313
2026-06-12,005950,이수화학,23.6,15220.0,09:01,15235.2,10:32,16758.7,TAKE_PROFIT,9.747
2026-06-12,085620,미래에셋생명,29.9,29350.0,10:04,29379.3,10:44,27882.5,STOP_LOSS,-5.313
2026-06-15,204320,HL만도,30.0,65000.0,09:14,65065.0,10:17,71571.5,TAKE_PROFIT,9.747
2026-06-16,047770,코데즈컴바인,29.9,3585.0,09:01,3588.6,15:15,3491.5,TIME_EXIT,-2.929
2026-06-17,494120,큐리오시스,15.2,14980.9,09:22,14995.8,11:03,16495.4,TAKE_PROFIT,9.747
2026-06-17,017900,광전자,19.0,10710.0,10:50,10720.7,13:38,10174.5,STOP_LOSS,-5.313
2026-06-18,004710,한솔테크닉스,30.0,15340.0,09:01,15355.3,09:03,14573.0,STOP_LOSS,-5.313
2026-06-18,058430,포스코스틸리온,17.3,6580.0,09:02,6586.6,09:05,6251.0,STOP_LOSS,-5.313
2026-06-18,122640,예스티,16.4,33650.0,09:13,33683.6,13:23,37200.0,TAKE_PROFIT,10.185
2026-06-19,122640,예스티,18.4,39850.0,09:01,39889.8,09:04,37857.5,STOP_LOSS,-5.313
2026-06-23,040350,크레오에스지,26.0,11350.0,14:45,11361.3,15:15,11278.7,TIME_EXIT,-0.956
2026-06-24,084670,동양고속,18.5,37750.0,09:01,37787.7,09:03,35862.5,STOP_LOSS,-5.313
2026-06-25,290690,아리바이오홀딩스,15.6,5780.0,09:01,5785.8,15:15,5734.3,TIME_EXIT,-1.118
2026-06-25,009420,한올바이오파마,18.9,58600.0,09:02,58658.6,15:15,58541.4,TIME_EXIT,-0.429
2026-06-25,458870,씨어스,16.7,33900.0,09:08,33933.9,15:15,33166.8,TIME_EXIT,-2.485
2026-06-25,006920,모헨즈,29.8,5570.0,09:09,5575.6,09:13,5291.5,STOP_LOSS,-5.313
2026-06-26,389260,대명에너지,18.7,14810.0,09:59,14824.8,11:08,16307.3,TAKE_PROFIT,9.747
2026-06-26,417840,저스템,16.6,14310.0,10:45,14324.3,11:19,13594.5,STOP_LOSS,-5.313
2026-06-30,036200,유니셈,20.6,10650.0,09:01,10660.6,15:15,10739.2,TIME_EXIT,0.506
2026-06-30,034230,파라다이스,15.8,14370.0,09:05,14384.4,15:15,13846.1,TIME_EXIT,-3.963
2026-06-30,0009K0,에임드바이오,16.0,26050.0,09:09,26076.0,11:16,24747.5,STOP_LOSS,-5.313
2026-06-30,475830,오름테라퓨틱,26.2,62200.0,09:10,62262.2,10:22,59089.9,STOP_LOSS,-5.313
2026-06-30,328130,루닛,21.8,12030.0,09:10,12042.0,11:08,11428.5,STOP_LOSS,-5.313
2026-06-30,389650,넥스트바이오메디컬,16.6,44000.0,09:10,44044.0,11:21,41758.2,STOP_LOSS,-5.408
2026-06-30,347850,디앤디파마텍,19.0,92500.0,09:12,92592.5,11:19,87874.9,STOP_LOSS,-5.313
2026-06-30,475150,SK이터닉스,15.7,50000.0,09:41,50050.0,15:15,51648.3,TIME_EXIT,2.956
2026-06-30,052900,KX하이텍,20.5,1404.0,09:43,1405.4,10:45,1333.8,STOP_LOSS,-5.313
2026-07-02,024840,KBI메탈,29.9,4825.0,09:01,4829.8,09:48,5312.8,TAKE_PROFIT,9.747
2026-07-02,241710,코스메카코리아,16.8,80600.0,09:02,80680.6,15:15,85314.6,TIME_EXIT,5.5
2026-07-02,006340,대원전선,30.0,13400.0,09:04,13413.4,09:12,14754.7,TAKE_PROFIT,9.747
2026-07-02,006360,GS건설,19.9,30100.0,09:09,30130.1,15:15,29520.5,TIME_EXIT,-2.249
2026-07-02,089890,코세스,18.4,37000.0,09:12,37037.0,09:13,33766.2,STOP_LOSS,-9.041
2026-07-02,119850,지엔씨에너지,22.7,27850.0,09:12,27877.8,15:15,27172.8,TIME_EXIT,-2.753
2026-07-02,347700,스피어,20.1,28050.0,09:29,28078.0,10:40,26623.3,STOP_LOSS,-5.399
2026-07-02,052710,아모텍,22.8,22550.0,10:43,22572.5,11:29,21422.4,STOP_LOSS,-5.313
2026-07-07,002990,금호건설,30.0,12350.0,09:04,12362.3,09:08,13598.6,TAKE_PROFIT,9.747
2026-07-07,001210,금호전기,30.0,4815.0,09:06,4819.8,09:10,5455.0,TAKE_PROFIT,12.918
2026-07-07,013360,일성건설,29.7,2085.0,09:10,2087.1,09:16,1980.7,STOP_LOSS,-5.313
2026-07-07,082800,비보존 제약,15.7,2905.0,09:10,2907.9,09:48,2757.2,STOP_LOSS,-5.399
2026-07-07,001260,남광토건,27.5,11880.0,09:10,11891.9,09:15,13081.1,TAKE_PROFIT,9.747
2026-07-07,228340,동양파일,17.1,3800.0,09:54,3803.8,09:58,4184.2,TAKE_PROFIT,9.747
2026-07-07,025950,동신건설,15.2,16320.0,10:02,16336.3,10:06,15504.0,STOP_LOSS,-5.313
2026-07-09,228340,동양파일,18.0,4040.0,09:07,4044.0,09:14,3838.0,STOP_LOSS,-5.313
2026-07-13,144960,뉴파워프라즈마,15.6,9560.0,09:01,9569.6,15:15,9390.6,TIME_EXIT,-2.096
2026-07-13,017900,광전자,18.8,6700.0,09:02,6706.7,10:21,6365.0,STOP_LOSS,-5.313
2026-07-13,122640,예스티,26.3,31500.0,09:03,31531.5,15:15,30519.5,TIME_EXIT,-3.432
2026-07-13,347700,스피어,17.3,21800.0,09:07,21821.8,10:08,20710.0,STOP_LOSS,-5.313
2026-07-13,073240,금호타이어,30.0,7800.0,09:15,7807.8,09:32,7410.0,STOP_LOSS,-5.313
2026-07-13,007610,선도전기,27.3,5550.0,09:31,5555.5,09:52,5272.5,STOP_LOSS,-5.313
2026-07-16,217590,티엠씨,17.5,12400.0,09:09,12412.4,15:15,12028.0,TIME_EXIT,-3.32
2026-07-16,019210,와이지-원,19.2,23900.0,09:12,23923.9,11:03,22705.0,STOP_LOSS,-5.313
2026-07-16,058730,다스코,18.9,5220.0,09:14,5225.2,09:30,4959.0,STOP_LOSS,-5.313
2026-07-16,376900,로킷헬스케어,17.7,53200.0,09:16,53253.2,09:27,50539.9,STOP_LOSS,-5.313
2026-07-16,160980,싸이맥스,19.9,41000.0,14:25,41041.0,14:25,38311.7,STOP_LOSS,-6.865
2026-07-21,376900,로킷헬스케어,27.0,61400.0,09:37,61461.4,09:38,58329.9,STOP_LOSS,-5.313
2026-07-22,065170,비엘팜텍,20.7,3240.0,09:01,3243.2,09:29,3078.0,STOP_LOSS,-5.313
2026-07-23,465770,STX그린로지스,24.2,4955.0,09:54,4960.0,09:54,4707.2,STOP_LOSS,-5.313
2026-07-24,119850,지엔씨에너지,30.0,45550.0,09:01,45595.5,09:11,50155.1,TAKE_PROFIT,9.747
2026-07-24,100090,SK오션플랜트,19.6,17260.0,09:13,17277.3,10:38,19005.0,TAKE_PROFIT,9.747
2026-07-28,059120,아진엑스텍,19.3,6540.0,09:01,6546.5,09:37,6213.0,STOP_LOSS,-5.313
2026-07-28,264850,이랜시스,17.5,5300.0,11:47,5305.3,12:32,5035.0,STOP_LOSS,-5.313
2026-07-31,067290,JW신약,15.6,1811.0,09:01,1812.8,10:25,1994.1,TAKE_PROFIT,9.747
2026-07-31,091590,남화토건,26.3,4800.0,09:22,4804.8,10:39,4555.4,STOP_LOSS,-5.408
2026-08-03,160980,싸이맥스,29.3,30250.0,09:01,30280.2,09:08,28737.5,STOP_LOSS,-5.313
2026-08-03,005690,파미셀,15.6,10130.0,09:01,10140.1,15:15,10279.7,TIME_EXIT,1.143
2026-08-03,033160,엠케이전자,30.0,14490.0,09:01,14504.5,15:15,14185.8,TIME_EXIT,-2.422
2026-08-03,089030,테크윙,29.9,41450.0,09:01,41491.4,09:37,45640.6,TAKE_PROFIT,9.747
2026-08-03,122640,예스티,25.0,21500.0,09:01,21521.5,15:15,21428.5,TIME_EXIT,-0.661
2026-08-03,073240,금호타이어,19.9,7290.0,09:01,7297.3,09:20,6925.5,STOP_LOSS,-5.313
2026-08-03,093370,후성,29.9,9000.0,09:01,9009.0,11:04,9909.9,TAKE_PROFIT,9.747
2026-08-03,119850,지엔씨에너지,23.0,36600.0,09:01,36636.6,09:09,40300.3,TAKE_PROFIT,9.747
2026-08-03,336260,두산퓨얼셀,29.9,24550.0,09:01,24574.5,11:48,27032.0,TAKE_PROFIT,9.747
2026-08-03,089970,브이엠,29.4,65500.0,09:02,65565.5,15:15,63536.4,TIME_EXIT,-3.318
2026-08-03,425420,티에프이,17.7,29250.0,09:02,29279.2,15:15,30169.8,TIME_EXIT,2.805
2026-08-03,032820,우리기술,16.7,9030.0,09:02,9039.0,11:04,9942.9,TAKE_PROFIT,9.747
2026-08-03,094170,동운아나텍,15.2,26900.0,09:02,26926.9,15:15,26373.6,TIME_EXIT,-2.28
2026-08-03,171090,선익시스템,19.8,59300.0,09:02,59359.3,15:15,60639.3,TIME_EXIT,1.921
2026-08-03,080220,제주반도체,29.9,65100.0,09:02,65165.1,15:15,65034.9,TIME_EXIT,-0.429
2026-08-03,083650,비에이치아이,16.5,40300.0,09:02,40340.3,15:15,42357.6,TIME_EXIT,4.759
2026-08-03,114810,한솔아이원스,17.8,8540.0,09:02,8548.5,15:15,8761.2,TIME_EXIT,2.252
2026-08-03,092870,엑시콘,19.4,13090.0,09:02,13103.1,15:16,13186.8,TIME_EXIT,0.407
2026-08-03,006910,보성파워텍,16.5,5750.0,09:02,5755.7,15:15,5824.2,TIME_EXIT,0.956
2026-08-03,010170,대한광통신,19.1,8530.0,09:02,8538.5,09:47,9392.4,TAKE_PROFIT,9.747
2026-08-03,166090,하나머티리얼즈,21.9,52600.0,09:02,52652.6,15:15,54045.9,TIME_EXIT,2.41
2026-08-03,476830,알지노믹스,17.2,24150.0,09:02,24174.1,10:36,26591.6,TAKE_PROFIT,9.747
2026-08-03,077360,덕산하이메탈,27.0,8760.0,09:02,8768.8,15:15,8851.1,TIME_EXIT,0.707
2026-08-03,039440,에스티아이,22.1,21950.0,09:02,21971.9,09:09,20852.5,STOP_LOSS,-5.313
2026-08-03,101160,월덱스,16.0,29350.0,09:02,29379.3,15:15,29270.7,TIME_EXIT,-0.599
2026-08-03,064290,인텍플러스,24.3,27600.0,09:02,27627.6,15:15,27122.8,TIME_EXIT,-2.053
2026-08-03,083450,GST,19.2,42850.0,09:02,42892.8,15:15,43606.3,TIME_EXIT,1.43
2026-08-03,125490,한라캐스트,18.3,7290.0,09:02,7297.3,10:27,8027.0,TAKE_PROFIT,9.747
2026-08-03,052710,아모텍,25.0,12766.2,09:02,12779.0,09:34,14056.9,TAKE_PROFIT,9.747
2026-08-03,074600,원익QnC,19.6,24700.0,09:02,24724.7,15:15,25424.5,TIME_EXIT,2.594
2026-08-03,098460,고영,20.8,27250.0,09:02,27277.2,15:15,27422.5,TIME_EXIT,0.301
2026-08-03,003160,디아이,22.3,20150.0,09:02,20170.1,11:26,22187.2,TAKE_PROFIT,9.747
2026-08-03,031980,피에스케이홀딩스,26.7,97800.0,09:02,97897.8,15:15,97202.7,TIME_EXIT,-0.938
2026-08-03,200470,에이팩트,23.7,4800.0,09:02,4804.8,15:15,4855.1,TIME_EXIT,0.815
2026-08-03,388210,씨엠티엑스,20.5,72200.0,09:02,72272.2,15:15,71928.0,TIME_EXIT,-0.705
2026-08-03,161580,필옵틱스,19.1,24000.0,09:02,24024.0,15:15,24775.2,TIME_EXIT,2.89
2026-08-03,019210,와이지-원,21.3,16910.0,09:02,16926.9,15:15,16183.8,TIME_EXIT,-4.61
2026-08-03,195870,해성디에스,26.3,48200.0,09:02,48248.2,15:15,48501.4,TIME_EXIT,0.294
2026-08-03,000720,현대건설,15.8,94600.0,09:02,94694.6,09:13,89869.9,STOP_LOSS,-5.313
2026-08-03,222800,심텍,29.9,82900.0,09:02,82982.9,15:15,87512.4,TIME_EXIT,5.216
2026-08-03,059090,미코,23.0,14650.0,09:02,14664.6,15:15,14915.1,TIME_EXIT,1.474
2026-08-03,144960,뉴파워프라즈마,28.3,10010.0,09:02,10020.0,15:15,9660.3,TIME_EXIT,-3.811
2026-08-03,290550,디케이티,20.1,17300.0,09:03,17317.3,15:15,17692.3,TIME_EXIT,1.93
2026-08-03,486990,노타,16.6,18560.0,09:03,18578.6,15:15,18411.6,TIME_EXIT,-1.127
2026-08-03,017900,광전자,18.9,5190.0,09:05,5195.2,15:15,5424.6,TIME_EXIT,4.175
2026-08-03,445090,에이직랜드,19.0,17520.0,09:05,17537.5,15:15,17552.4,TIME_EXIT,-0.145
2026-08-03,032500,케이엠더블유,15.9,14320.0,09:06,14334.3,15:15,14965.0,TIME_EXIT,4.16
2026-08-03,456160,지투지바이오,17.4,26950.0,09:06,26976.9,10:37,29674.6,TAKE_PROFIT,9.747
2026-08-03,356680,엑스게이트,18.3,9820.0,09:06,9829.8,15:15,9800.2,TIME_EXIT,-0.531
2026-08-03,043260,성호전자,26.1,14940.0,09:06,14954.9,15:15,15824.2,TIME_EXIT,5.569
2026-08-03,376900,로킷헬스케어,20.4,32150.0,09:14,32182.1,11:55,35400.4,TAKE_PROFIT,9.747
2026-08-03,189300,인텔리안테크,18.2,58200.0,09:16,58258.2,10:52,64084.0,TAKE_PROFIT,9.747
2026-08-03,475830,오름테라퓨틱,18.0,44600.0,09:17,44644.6,10:40,49109.1,TAKE_PROFIT,9.747
2026-08-03,067310,하나마이크론,20.0,29700.0,09:21,29729.7,15:15,30069.9,TIME_EXIT,0.912
2026-08-03,089890,코세스,21.8,19700.0,09:22,19719.7,15:15,19930.0,TIME_EXIT,0.834
2026-08-03,007810,코리아써키트,20.6,46450.0,09:22,46496.4,15:15,45354.6,TIME_EXIT,-2.68
2026-08-03,456010,아이씨티케이,18.4,13130.0,09:28,13143.1,15:15,13276.7,TIME_EXIT,0.784
2026-08-03,011930,신성이엔지,17.0,14100.0,09:33,14114.1,15:15,14605.4,TIME_EXIT,3.243
2026-08-03,090460,비에이치,15.0,15070.0,09:34,15085.1,15:15,15474.5,TIME_EXIT,2.346
2026-08-03,178320,서진시스템,18.3,33000.0,09:34,33033.0,15:15,32967.0,TIME_EXIT,-0.429
2026-08-03,253590,네오셈,19.6,8250.0,09:34,8258.2,15:15,8441.5,TIME_EXIT,1.985
2026-08-03,347700,스피어,18.9,15400.0,09:35,15415.4,15:15,15924.1,TIME_EXIT,3.062
2026-08-03,204270,제이앤티씨,18.2,13250.0,09:36,13263.2,10:47,14589.6,TAKE_PROFIT,9.747
2026-08-03,330860,네패스아크,26.5,23600.0,09:36,23623.6,15:15,23226.8,TIME_EXIT,-1.906
2026-08-03,417840,저스템,25.2,9040.0,09:36,9049.0,15:15,8861.1,TIME_EXIT,-2.302
2026-08-03,007660,이수페타시스,25.8,74500.0,09:37,74574.5,15:15,74225.7,TIME_EXIT,-0.697
2026-08-03,025560,미래산업,18.4,6620.0,09:38,6626.6,15:15,6693.3,TIME_EXIT,0.774
2026-08-03,218410,RFHIC,21.0,42700.0,09:39,42742.7,15:15,43056.9,TIME_EXIT,0.503
2026-08-03,005290,동진쎄미켐,18.1,39150.0,09:39,39189.1,15:15,38611.3,TIME_EXIT,-1.701
2026-08-03,100790,미래에셋벤처투자,18.7,12500.0,09:42,12512.5,11:00,13763.8,TAKE_PROFIT,9.747
2026-08-03,232140,와이씨,21.0,8640.0,09:42,8648.6,15:15,8681.3,TIME_EXIT,0.147
2026-08-03,036540,SFA반도체,25.4,4870.0,09:42,4874.9,15:15,4830.2,TIME_EXIT,-1.145
2026-08-03,490470,세미파이브,28.7,16490.0,09:42,16506.5,15:15,16653.3,TIME_EXIT,0.658
2026-08-03,102710,이엔에프테크놀로지,18.9,41500.0,09:43,41541.5,15:15,40059.9,TIME_EXIT,-3.788
2026-08-03,027360,아주IB투자,16.6,2985.0,09:48,2988.0,15:15,3046.9,TIME_EXIT,1.739
2026-08-03,031330,에스에이엠티,19.3,9010.0,09:48,9019.0,15:15,8781.2,TIME_EXIT,-2.861
2026-08-03,085910,네오티스,21.5,15850.0,09:48,15895.9,15:15,16004.0,TIME_EXIT,0.449
2026-08-03,200710,에이디테크놀로지,23.0,26750.0,09:48,26776.7,15:15,26623.3,TIME_EXIT,-0.802
2026-08-03,004710,한솔테크닉스,23.9,6990.0,09:49,6997.0,15:15,6883.1,TIME_EXIT,-1.854
2026-08-03,024840,KBI메탈,17.5,3720.0,09:51,3723.7,15:15,3616.4,TIME_EXIT,-3.106
2026-08-03,101490,에스앤에스텍,19.3,40850.0,09:52,40890.8,15:15,40709.2,TIME_EXIT,-0.673
2026-08-03,489790,한화비전,20.0,42000.0,09:54,42042.0,15:15,43106.8,TIME_EXIT,2.297
2026-08-03,046890,서울반도체,15.0,8510.0,09:55,8518.5,15:15,8431.6,TIME_EXIT,-1.248
2026-08-03,403870,HPSP,21.2,34600.0,09:58,34634.6,15:15,33916.1,TIME_EXIT,-2.3
2026-08-03,000990,DB하이텍,16.7,83100.0,10:05,83183.1,15:15,80519.4,TIME_EXIT,-3.425
2026-08-03,005070,코스모신소재,15.9,32450.0,10:32,32482.4,15:15,32018.0,TIME_EXIT,-1.657
2026-08-04,448900,한국피아이엠,17.3,60200.0,09:22,60260.2,15:15,63736.2,TIME_EXIT,5.525
2026-08-04,439960,코스모로보틱스,21.3,17880.0,09:23,17897.9,15:15,17932.0,TIME_EXIT,-0.039
2026-08-05,475830,오름테라퓨틱,19.5,57900.0,09:01,57957.9,15:15,58941.0,TIME_EXIT,1.462
2026-08-05,290650,엘앤씨바이오,20.9,56852.0,09:01,56908.9,15:15,55923.0,TIME_EXIT,-1.958
2026-08-05,456160,지투지바이오,19.6,36650.0,09:04,36686.6,15:15,36863.1,TIME_EXIT,0.25
2026-08-05,119850,지엔씨에너지,21.9,51200.0,09:07,51251.2,15:15,50049.9,TIME_EXIT,-2.569
2026-08-05,476830,알지노믹스,18.6,31500.0,09:08,31531.5,15:15,32167.8,TIME_EXIT,1.783
2026-08-05,0009K0,에임드바이오,15.2,24200.0,09:13,24224.2,15:15,24225.8,TIME_EXIT,-0.224
2026-08-05,052460,아이크래프트,18.1,6130.0,09:27,6136.1,10:05,5823.5,STOP_LOSS,-5.313
2026-08-06,950160,코오롱티슈진,17.2,18660.0,09:01,18678.7,09:23,17727.0,STOP_LOSS,-5.313
2026-08-06,014950,삼익제약,15.1,5350.0,09:01,5355.3,09:14,5890.9,TAKE_PROFIT,9.747
2026-08-06,077970,STX엔진,15.2,28100.0,09:02,28128.1,10:24,26695.0,STOP_LOSS,-5.313
2026-08-06,007610,선도전기,16.6,4670.0,09:05,4679.7,11:11,4441.2,STOP_LOSS,-5.313
2026-08-06,017900,광전자,21.3,7060.0,09:08,7067.1,09:12,6707.0,STOP_LOSS,-5.313
2026-08-07,041830,인바디,23.5,70000.0,09:30,70070.0,15:15,70629.3,TIME_EXIT,0.566
2026-08-10,348370,엔켐,18.6,24850.0,09:33,24874.8,15:15,27322.7,TIME_EXIT,9.588
2026-08-11,080220,제주반도체,16.3,87700.0,09:04,87787.7,15:15,90609.3,TIME_EXIT,2.977
2026-08-11,417840,저스템,18.1,11750.0,09:04,11761.7,15:15,12327.7,TIME_EXIT,4.57
2026-08-11,170920,엘티씨,15.9,41200.0,09:11,41241.2,15:15,41258.7,TIME_EXIT,-0.188
2026-08-11,025560,미래산업,16.9,7270.0,09:14,7277.3,09:37,8005.0,TAKE_PROFIT,9.747
2026-08-11,234340,헥토파이낸셜,19.3,20750.0,09:39,20770.7,15:15,20329.7,TIME_EXIT,-2.349
2026-08-11,327260,RF머트리얼즈,17.2,40850.0,09:41,40890.8,10:24,38807.5,STOP_LOSS,-5.313
2026-08-11,052710,아모텍,15.4,12911.7,09:52,12924.6,15:15,12517.5,TIME_EXIT,-3.373
2026-08-12,079650,서산,29.9,5240.0,09:02,5245.2,09:08,5880.0,TAKE_PROFIT,11.844
2026-08-12,091590,남화토건,30.0,5680.0,09:02,5685.7,09:08,6540.0,TAKE_PROFIT,14.761
2026-08-12,005360,모나미,19.2,1929.0,09:03,1930.9,09:14,2124.0,TAKE_PROFIT,9.747
2026-08-12,189330,씨이랩,22.2,16880.0,09:10,16896.9,09:35,16036.0,STOP_LOSS,-5.313
2026-08-13,079650,서산,19.8,6280.0,09:02,6286.3,09:02,5966.0,STOP_LOSS,-5.313
2026-08-13,251970,펌텍코리아,15.0,58900.0,09:03,58958.9,09:18,55954.9,STOP_LOSS,-5.313
2026-08-19,255440,야스,21.8,8490.0,09:05,8498.5,11:46,8065.5,STOP_LOSS,-5.313
2026-08-19,064290,인텍플러스,17.3,36250.0,09:24,36286.2,11:21,34437.5,STOP_LOSS,-5.313
2026-08-20,153890,져스텍,17.7,13910.0,09:03,13923.9,09:24,13214.5,STOP_LOSS,-5.313
2026-08-20,025980,아난티,18.9,5350.0,09:07,5355.3,13:10,5082.5,STOP_LOSS,-5.313
2026-08-26,232140,와이씨,19.0,11700.0,09:02,11711.7,15:15,12277.7,TIME_EXIT,4.592
2026-08-26,003350,한국화장품제조,23.0,14410.0,09:02,14424.4,15:15,14435.5,TIME_EXIT,-0.153
2026-08-26,036810,에프에스티,20.8,27300.0,09:02,27327.3,09:49,25935.0,STOP_LOSS,-5.313
2026-08-27,413630,씨피시스템,19.2,3980.0,09:01,3984.0,15:15,3896.1,TIME_EXIT,-2.431
2026-08-31,204620,글로벌텍스프리,15.3,5960.0,09:02,5966.0,09:13,5662.0,STOP_LOSS,-5.313
2026-09-01,187660,페니트리움바이오,17.0,4950.0,09:02,4954.9,15:15,4925.1,TIME_EXIT,-0.832
2026-09-01,476060,온코닉테라퓨틱스,22.1,18030.0,11:11,18048.0,15:15,17952.0,TIME_EXIT,-0.761
2026-09-02,045390,대아티아이,15.3,3545.0,09:01,3548.5,09:09,3903.4,TAKE_PROFIT,9.747
2026-09-02,0039P0,매드업,20.8,9180.0,09:17,9189.2,13:33,8721.0,STOP_LOSS,-5.313
2026-09-02,092870,엑시콘,15.8,27800.0,09:18,27827.8,09:37,30610.6,TAKE_PROFIT,9.747
2026-09-03,387690,레메디,15.8,16780.0,09:01,16796.8,10:00,15941.0,STOP_LOSS,-5.313
2026-09-07,020120,키다리스튜디오,16.5,7200.0,09:01,7207.2,09:03,6840.0,STOP_LOSS,-5.313
2026-09-07,115180,큐리언트,17.3,23050.0,09:11,23073.0,10:01,25380.4,TAKE_PROFIT,9.747
2026-09-07,199430,케이엔알시스템,16.1,19850.0,10:42,19869.8,15:15,19190.8,TIME_EXIT,-3.64
2026-09-08,033340,좋은사람들,17.8,649.0,09:01,649.6,12:48,616.5,STOP_LOSS,-5.313
2026-09-09,004310,현대약품,24.0,10440.0,09:19,10450.4,15:15,10239.8,TIME_EXIT,-2.241
2026-09-10,327260,RF머트리얼즈,22.6,42300.0,09:01,42342.3,15:15,43256.7,TIME_EXIT,1.925
2026-09-10,053260,금강철강,20.0,7990.0,09:01,7998.0,10:57,8797.8,TAKE_PROFIT,9.747
2026-09-10,020120,키다리스튜디오,20.6,7960.0,09:02,7968.0,15:15,8411.6,TIME_EXIT,5.325
2026-09-10,134580,탑코미디어,18.6,3670.0,09:02,3673.7,09:05,3486.5,STOP_LOSS,-5.313
2026-09-10,032820,우리기술,21.3,14320.0,11:43,14334.3,15:15,14385.6,TIME_EXIT,0.127
2026-09-15,217590,티엠씨,17.4,12770.0,09:02,12782.8,15:15,12917.1,TIME_EXIT,0.818
2026-09-17,457370,한켐,19.2,9730.0,09:01,9739.7,12:05,10760.0,TAKE_PROFIT,10.221
2026-09-17,321370,센서뷰,19.1,1397.0,09:02,1398.4,09:06,1538.2,TAKE_PROFIT,9.747
2026-09-22,950260,인제니아테라퓨틱스(Reg.S),16.4,21500.0,09:01,21521.5,14:57,23673.6,TAKE_PROFIT,9.747
2026-09-23,356860,티엘비,16.8,44500.0,09:13,44544.5,15:15,44455.5,TIME_EXIT,-0.429
2026-09-28,387690,레메디,21.5,18850.0,09:01,18868.8,10:26,20755.7,TAKE_PROFIT,9.747
2026-09-28,396300,HT로보틱스,29.9,6010.0,09:27,6016.0,15:15,5954.0,TIME_EXIT,-1.258
2026-09-29,456010,아이씨티케이,17.0,26450.0,09:02,26476.4,09:13,25127.5,STOP_LOSS,-5.313
2026-09-29,224060,더코디,22.6,5390.0,09:04,5395.4,10:03,5120.5,STOP_LOSS,-5.313
2026-09-29,328130,루닛,19.0,11670.0,09:17,11681.7,15:15,11858.1,TIME_EXIT,1.277
2026-09-29,303810,동국생명과학,22.3,3425.0,09:25,3428.4,10:11,3253.7,STOP_LOSS,-5.313
