연도,종목코드,매수일
2023,058610,2023-01-03
2023,293490,2023-01-03
2023,067000,2023-01-04
2023,377030,2023-01-04
2023,010780,2023-01-05
2023,053690,2023-01-05
2023,105560,2023-01-05
2023,151860,2023-01-05
2023,000660,2023-01-06
2023,028050,2023-01-06
2023,052690,2023-01-06
2023,215100,2023-01-06
2023,000990,2023-01-09
2023,005930,2023-01-09
2023,035720,2023-01-09
2023,049070,2023-01-09
2023,066570,2023-01-09
2023,090710,2023-01-09
2023,101170,2023-01-09
2023,121600,2023-01-09
2023,239340,2023-01-09
2023,348340,2023-01-09
2023,000720,2023-01-10
2023,006360,2023-01-10
2023,000270,2023-01-11
2023,011700,2023-01-11
2023,020150,2023-01-11
2023,086520,2023-01-11
2023,357880,2023-01-11
2023,376300,2023-01-11
2023,034020,2023-01-12
2023,095700,2023-01-12
2023,361610,2023-01-12
2023,377300,2023-01-12
2023,086280,2023-01-13
2023,095660,2023-01-13
2023,288980,2023-01-13
2023,291810,2023-01-13
2023,388050,2023-01-13
2023,014580,2023-01-16
2023,076080,2023-01-16
2023,236810,2023-01-16
2023,316140,2023-01-16
2023,317530,2023-01-16
2023,323410,2023-01-16
2023,403870,2023-01-16
2023,011810,2023-01-17
2023,052020,2023-01-17
2023,073570,2023-01-17
2023,112040,2023-01-17
2023,289220,2023-01-18
2023,118990,2023-01-19
2023,195940,2023-01-19
2023,041510,2023-01-20
2023,049080,2023-01-20
2023,005290,2023-01-25
2023,006220,2023-01-25
2023,011200,2023-01-25
2023,225570,2023-01-25
2023,010060,2023-01-26
2023,033780,2023-01-26
2023,064350,2023-01-26
2023,067160,2023-01-26
2023,107600,2023-01-26
2023,129920,2023-01-26
2023,003490,2023-01-27
2023,005860,2023-01-27
2023,010140,2023-01-27
2023,010950,2023-01-27
2023,028670,2023-01-27
2023,108320,2023-01-27
2023,270520,2023-01-27
2023,302440,2023-01-27
2023,001570,2023-01-30
2023,095500,2023-01-30
2023,300080,2023-01-30
2023,000250,2023-01-31
2023,009520,2023-01-31
2023,011000,2023-01-31
2023,091990,2023-02-01
2023,276040,2023-02-01
2023,310200,2023-02-01
2023,190510,2023-02-02
2023,196170,2023-02-02
2023,267260,2023-02-02
2023,016790,2023-02-03
2023,064550,2023-02-03
2023,121850,2023-02-03
2023,161390,2023-02-03
2023,336260,2023-02-03
2023,373200,2023-02-03
2023,005950,2023-02-06
2023,006110,2023-02-07
2023,018470,2023-02-07
2023,090460,2023-02-07
2023,272290,2023-02-07
2023,007070,2023-02-08
2023,378800,2023-02-09
2023,042670,2023-02-13
2023,051600,2023-02-13
2023,047810,2023-02-14
2023,317850,2023-02-14
2023,366030,2023-02-14
2023,298870,2023-02-15
2023,002900,2023-02-20
2023,036890,2023-02-20
2023,047050,2023-02-22
2023,267270,2023-02-22
2023,001450,2023-02-23
2023,086960,2023-02-23
2023,101670,2023-02-24
2023,000150,2023-02-27
2023,007390,2023-02-27
2023,058610,2023-02-27
2023,088350,2023-02-27
2023,277810,2023-02-27
2023,270520,2023-02-28
2023,388720,2023-03-02
2023,034020,2023-03-03
2023,056080,2023-03-03
2023,076080,2023-03-03
2023,099190,2023-03-03
2023,090710,2023-03-06
2023,011810,2023-03-07
2023,068760,2023-03-07
2023,074610,2023-03-07
2023,091990,2023-03-07
2023,112610,2023-03-07
2023,298380,2023-03-07
2023,389260,2023-03-07
2023,003490,2023-03-08
2023,205470,2023-03-08
2023,290670,2023-03-09
2023,078890,2023-03-15
2023,033780,2023-03-17
2023,036540,2023-03-17
2023,217500,2023-03-17
2023,240810,2023-03-17
2023,377480,2023-03-17
2023,017670,2023-03-20
2023,018470,2023-03-21
2023,005930,2023-03-23
2023,036930,2023-03-23
2023,071670,2023-03-23
2023,039030,2023-03-24
2023,108320,2023-03-24
2023,263750,2023-03-24
2023,353200,2023-03-24
2023,425040,2023-03-24
2023,000910,2023-03-27
2023,015760,2023-03-27
2023,016380,2023-03-27
2023,007660,2023-03-28
2023,015750,2023-03-28
2023,022100,2023-03-28
2023,034220,2023-03-28
2023,047810,2023-03-28
2023,098460,2023-03-28
2023,131970,2023-03-28
2023,008770,2023-03-29
2023,093370,2023-03-29
2023,222800,2023-03-29
2023,006220,2023-03-30
2023,093640,2023-03-30
2023,200710,2023-03-30
2023,272210,2023-03-30
2023,361610,2023-03-30
2023,012030,2023-03-31
2023,052020,2023-03-31
2023,194480,2023-03-31
2023,196170,2023-03-31
2023,000720,2023-04-03
2023,064350,2023-04-03
2023,010140,2023-04-04
2023,011700,2023-04-04
2023,141080,2023-04-04
2023,179290,2023-04-04
2023,214450,2023-04-04
2023,302440,2023-04-04
2023,020150,2023-04-05
2023,091580,2023-04-05
2023,137400,2023-04-05
2023,214680,2023-04-05
2023,328130,2023-04-05
2023,335890,2023-04-05
2023,336370,2023-04-05
2023,352770,2023-04-05
2023,000100,2023-04-06
2023,030200,2023-04-06
2023,053690,2023-04-06
2023,112610,2023-04-06
2023,119650,2023-04-06
2023,204610,2023-04-06
2023,306620,2023-04-06
2023,000660,2023-04-07
2023,033160,2023-04-07
2023,122870,2023-04-07
2023,304840,2023-04-07
2023,047050,2023-04-10
2023,064550,2023-04-10
2023,222810,2023-04-10
2023,243840,2023-04-10
2023,032640,2023-04-11
2023,066670,2023-04-11
2023,118990,2023-04-11
2023,204320,2023-04-11
2023,326030,2023-04-11
2023,001440,2023-04-12
2023,006360,2023-04-12
2023,018880,2023-04-12
2023,034020,2023-04-12
2023,042670,2023-04-12
2023,376300,2023-04-12
2023,402340,2023-04-12
2023,010950,2023-04-13
2023,011200,2023-04-13
2023,035900,2023-04-13
2023,267260,2023-04-13
2023,267270,2023-04-13
2023,396270,2023-04-13
2023,084650,2023-04-14
2023,086790,2023-04-14
2023,161390,2023-04-14
2023,195940,2023-04-14
2023,299900,2023-04-14
2023,316140,2023-04-14
2023,377300,2023-04-14
2023,006910,2023-04-17
2023,112040,2023-04-17
2023,336260,2023-04-17
2023,278650,2023-04-18
2023,366030,2023-04-18
2023,003490,2023-04-19
2023,033240,2023-04-19
2023,051490,2023-04-19
2023,105560,2023-04-19
2023,148930,2023-04-19
2023,192820,2023-04-19
2023,257720,2023-04-19
2023,009830,2023-04-21
2023,317850,2023-04-21
2023,248070,2023-04-28
2023,048410,2023-05-04
2023,014620,2023-05-08
2023,323410,2023-05-08
2023,017670,2023-05-10
2023,117580,2023-05-10
2023,291810,2023-05-10
2023,032850,2023-05-11
2023,060590,2023-05-12
2023,067160,2023-05-12
2023,090460,2023-05-12
2023,348340,2023-05-12
2023,403870,2023-05-12
2023,004990,2023-05-15
2023,009900,2023-05-15
2023,053270,2023-05-15
2023,000660,2023-05-16
2023,005850,2023-05-16
2023,028300,2023-05-17
2023,067630,2023-05-17
2023,228670,2023-05-17
2023,419530,2023-05-17
2023,005930,2023-05-18
2023,007660,2023-05-18
2023,036010,2023-05-18
2023,067310,2023-05-18
2023,078150,2023-05-18
2023,190510,2023-05-18
2023,394280,2023-05-18
2023,005290,2023-05-19
2023,028050,2023-05-19
2023,036540,2023-05-19
2023,036930,2023-05-19
2023,045970,2023-05-19
2023,058610,2023-05-19
2023,074600,2023-05-19
2023,091990,2023-05-19
2023,094360,2023-05-19
2023,166090,2023-05-19
2023,195870,2023-05-19
2023,222800,2023-05-19
2023,240810,2023-05-19
2023,319660,2023-05-19
2023,353200,2023-05-19
2023,399720,2023-05-19
2023,000880,2023-05-22
2023,010140,2023-05-22
2023,068760,2023-05-22
2023,196170,2023-05-22
2023,254490,2023-05-22
2023,361610,2023-05-22
2023,009420,2023-05-23
2023,066670,2023-05-23
2023,108860,2023-05-23
2023,396300,2023-05-23
2023,418550,2023-05-23
2023,042660,2023-05-24
2023,086960,2023-05-24
2023,294090,2023-05-24
2023,304840,2023-05-24
2023,039030,2023-05-25
2023,118990,2023-05-25
2023,119650,2023-05-25
2023,093370,2023-05-30
2023,112610,2023-05-30
2023,377300,2023-05-31
2023,092220,2023-06-01
2023,115160,2023-06-01
2023,357550,2023-06-01
2023,011790,2023-06-02
2023,034020,2023-06-02
2023,047050,2023-06-02
2023,078600,2023-06-02
2023,095500,2023-06-02
2023,267260,2023-06-02
2023,338220,2023-06-02
2023,009520,2023-06-05
2023,034220,2023-06-05
2023,036890,2023-06-05
2023,101670,2023-06-05
2023,114190,2023-06-05
2023,115500,2023-06-05
2023,377480,2023-06-05
2023,011500,2023-06-07
2023,011930,2023-06-07
2023,014580,2023-06-07
2023,270520,2023-06-07
2023,376180,2023-06-07
2023,383310,2023-06-07
2023,005420,2023-06-08
2023,009830,2023-06-08
2023,028670,2023-06-08
2023,047810,2023-06-08
2023,049070,2023-06-08
2023,267270,2023-06-08
2023,000990,2023-06-09
2023,011200,2023-06-09
2023,055550,2023-06-09
2023,073640,2023-06-09
2023,086790,2023-06-09
2023,417840,2023-06-09
2023,018470,2023-06-12
2023,022100,2023-06-12
2023,248070,2023-06-12
2023,281740,2023-06-12
2023,001790,2023-06-13
2023,003490,2023-06-13
2023,064550,2023-06-13
2023,208370,2023-06-13
2023,025820,2023-06-14
2023,058430,2023-06-14
2023,079170,2023-06-14
2023,131400,2023-06-14
2023,001390,2023-06-15
2023,001570,2023-06-15
2023,030960,2023-06-15
2023,006260,2023-06-16
2023,064350,2023-06-16
2023,161000,2023-06-16
2023,214370,2023-06-16
2023,225570,2023-06-19
2023,407400,2023-06-19
2023,000720,2023-06-26
2023,013310,2023-06-26
2023,033780,2023-06-26
2023,011210,2023-06-27
2023,015760,2023-06-27
2023,000270,2023-06-28
2023,347000,2023-06-29
2023,028050,2023-07-03
2023,049180,2023-07-03
2023,394280,2023-07-03
2023,015750,2023-07-04
2023,200880,2023-07-04
2023,424980,2023-07-04
2023,298830,2023-07-05
2023,161390,2023-07-06
2023,008770,2023-07-10
2023,032830,2023-07-10
2023,051600,2023-07-11
2023,058970,2023-07-11
2023,241560,2023-07-11
2023,282720,2023-07-11
2023,009520,2023-07-12
2023,089600,2023-07-12
2023,093370,2023-07-12
2023,068760,2023-07-13
2023,079810,2023-07-13
2023,376300,2023-07-13
2023,011200,2023-07-14
2023,078150,2023-07-14
2023,105560,2023-07-14
2023,005420,2023-07-17
2023,047040,2023-07-17
2023,095500,2023-07-17
2023,095610,2023-07-17
2023,114190,2023-07-17
2023,277810,2023-07-17
2023,323410,2023-07-17
2023,332290,2023-07-17
2023,030520,2023-07-18
2023,036810,2023-07-18
2023,054450,2023-07-18
2023,304100,2023-07-18
2023,348370,2023-07-18
2023,000250,2023-07-19
2023,009420,2023-07-19
2023,118990,2023-07-19
2023,249420,2023-07-19
2023,272290,2023-07-19
2023,317830,2023-07-19
2023,002680,2023-07-20
2023,028300,2023-07-20
2023,058610,2023-07-20
2023,196170,2023-07-20
2023,000100,2023-07-21
2023,018470,2023-07-21
2023,039200,2023-07-21
2023,039840,2023-07-21
2023,079160,2023-07-21
2023,108860,2023-07-21
2023,298380,2023-07-21
2023,378800,2023-07-21
2023,402030,2023-07-21
2023,010950,2023-07-24
2023,287410,2023-07-24
2023,361610,2023-07-24
2023,418550,2023-07-24
2023,120110,2023-07-25
2023,281740,2023-07-25
2023,004020,2023-07-27
2023,033780,2023-07-27
2023,055550,2023-07-27
2023,086790,2023-07-27
2023,117730,2023-07-27
2023,316140,2023-07-27
2023,348210,2023-07-27
2023,335890,2023-07-28
2023,005290,2023-07-31
2023,208370,2023-07-31
2023,357550,2023-07-31
2023,017670,2023-08-01
2023,025820,2023-08-01
2023,030200,2023-08-01
2023,030960,2023-08-01
2023,035720,2023-08-01
2023,047560,2023-08-01
2023,067160,2023-08-01
2023,205470,2023-08-01
2023,217820,2023-08-01
2023,225570,2023-08-01
2023,326030,2023-08-01
2023,348340,2023-08-01
2023,377300,2023-08-01
2023,377480,2023-08-01
2023,112040,2023-08-02
2023,257720,2023-08-02
2023,048410,2023-08-03
2023,141080,2023-08-03
2023,302440,2023-08-03
2023,000120,2023-08-04
2023,018290,2023-08-04
2023,214150,2023-08-04
2023,084440,2023-08-07
2023,090710,2023-08-07
2023,122870,2023-08-07
2023,352480,2023-08-07
2023,007070,2023-08-08
2023,060150,2023-08-09
2023,064550,2023-08-09
2023,091990,2023-08-09
2023,140410,2023-08-09
2023,008770,2023-08-10
2023,018880,2023-08-10
2023,025980,2023-08-10
2023,039130,2023-08-10
2023,114090,2023-08-10
2023,253450,2023-08-10
2023,011790,2023-08-11
2023,020150,2023-08-11
2023,340570,2023-08-11
2023,196490,2023-08-14
2023,182400,2023-08-16
2023,297090,2023-08-16
2023,348080,2023-08-16
2023,248070,2023-08-18
2023,060280,2023-08-21
2023,033230,2023-08-23
2023,109610,2023-08-23
2023,001790,2023-08-24
2023,356680,2023-08-24
2023,027710,2023-08-25
2023,103590,2023-08-25
2023,378800,2023-08-25
2023,099190,2023-08-28
2023,105840,2023-08-28
2023,047810,2023-08-29
2023,086960,2023-08-29
2023,164060,2023-08-29
2023,011930,2023-08-30
2023,034020,2023-08-30
2023,042000,2023-08-30
2023,054450,2023-08-30
2023,363250,2023-08-30
2023,396270,2023-08-30
2023,058970,2023-08-31
2023,067310,2023-08-31
2023,078600,2023-08-31
2023,086790,2023-08-31
2023,131970,2023-08-31
2023,457190,2023-08-31
2023,001470,2023-09-01
2023,005930,2023-09-01
2023,036930,2023-09-01
2023,053610,2023-09-01
2023,059090,2023-09-01
2023,086280,2023-09-01
2023,166090,2023-09-01
2023,200710,2023-09-01
2023,222800,2023-09-01
2023,254490,2023-09-01
2023,274400,2023-09-01
2023,399720,2023-09-01
2023,036540,2023-09-04
2023,064350,2023-09-04
2023,079810,2023-09-04
2023,094360,2023-09-04
2023,101170,2023-09-04
2023,328130,2023-09-04
2023,009520,2023-09-05
2023,067160,2023-09-05
2023,090460,2023-09-05
2023,297890,2023-09-05
2023,304100,2023-09-05
2023,370090,2023-09-05
2023,108860,2023-09-06
2023,192650,2023-09-06
2023,131290,2023-09-07
2023,267250,2023-09-07
2023,321260,2023-09-07
2023,001450,2023-09-08
2023,389030,2023-09-08
2023,000100,2023-09-11
2023,009420,2023-09-11
2023,010950,2023-09-11
2023,047560,2023-09-11
2023,049950,2023-09-11
2023,141080,2023-09-11
2023,196170,2023-09-11
2023,267270,2023-09-11
2023,028300,2023-09-12
2023,047920,2023-09-12
2023,251270,2023-09-12
2023,298380,2023-09-12
2023,032830,2023-09-13
2023,000430,2023-09-14
2023,000720,2023-09-14
2023,326030,2023-09-14
2023,394280,2023-09-14
2023,028670,2023-09-15
2023,101160,2023-09-15
2023,460860,2023-09-15
2023,008770,2023-09-18
2023,010120,2023-09-18
2023,112040,2023-09-18
2023,241560,2023-09-18
2023,218410,2023-09-19
2023,257720,2023-09-19
2023,267260,2023-09-19
2023,000270,2023-09-20
2023,042370,2023-09-20
2023,294630,2023-09-21
2023,048410,2023-09-22
2023,030200,2023-09-27
2023,220100,2023-10-05
2023,248070,2023-10-06
2023,046970,2023-10-10
2023,065350,2023-10-10
2023,005420,2023-10-12
2023,335890,2023-10-12
2023,005860,2023-10-13
2023,037950,2023-10-13
2023,042700,2023-10-13
2023,047810,2023-10-13
2023,229640,2023-10-13
2023,403870,2023-10-13
2023,014530,2023-10-17
2023,091990,2023-10-17
2023,095500,2023-10-17
2023,114190,2023-10-17
2023,041020,2023-10-18
2023,010820,2023-10-19
2023,067310,2023-10-24
2023,131970,2023-10-24
2023,023410,2023-10-25
2023,161890,2023-10-25
2023,272210,2023-10-30
2023,011790,2023-10-31
2023,020560,2023-10-31
2023,036620,2023-10-31
2023,053290,2023-10-31
2023,017890,2023-11-01
2023,362320,2023-11-01
2023,079370,2023-11-02
2023,161390,2023-11-02
2023,240810,2023-11-02
2023,322510,2023-11-02
2023,377480,2023-11-02
2023,018290,2023-11-03
2023,196170,2023-11-03
2023,328130,2023-11-03
2023,338220,2023-11-03
2023,003490,2023-11-06
2023,005290,2023-11-06
2023,005930,2023-11-06
2023,009830,2023-11-06
2023,011200,2023-11-06
2023,020150,2023-11-06
2023,022100,2023-11-06
2023,028300,2023-11-06
2023,032350,2023-11-06
2023,033780,2023-11-06
2023,035720,2023-11-06
2023,036930,2023-11-06
2023,039440,2023-11-06
2023,060280,2023-11-06
2023,068760,2023-11-06
2023,078600,2023-11-06
2023,095340,2023-11-06
2023,108860,2023-11-06
2023,122870,2023-11-06
2023,205470,2023-11-06
2023,251270,2023-11-06
2023,281740,2023-11-06
2023,302440,2023-11-06
2023,304100,2023-11-06
2023,323410,2023-11-06
2023,348340,2023-11-06
2023,348370,2023-11-06
2023,361610,2023-11-06
2023,377300,2023-11-06
2023,010660,2023-11-07
2023,069540,2023-11-07
2023,272290,2023-11-07
2023,319400,2023-11-07
2023,326030,2023-11-07
2023,214150,2023-11-08
2023,376930,2023-11-08
2023,079550,2023-11-09
2023,108320,2023-11-09
2023,287410,2023-11-09
2023,015760,2023-11-13
2023,017670,2023-11-14
2023,099440,2023-11-14
2023,007660,2023-11-15
2023,009420,2023-11-15
2023,011810,2023-11-15
2023,015750,2023-11-15
2023,101490,2023-11-15
2023,117730,2023-11-15
2023,200880,2023-11-15
2023,000270,2023-11-16
2023,054450,2023-11-16
2023,055550,2023-11-16
2023,056080,2023-11-16
2023,058470,2023-11-16
2023,041020,2023-11-17
2023,048530,2023-11-17
2023,010140,2023-11-20
2023,042660,2023-11-20
2023,084650,2023-11-20
2023,112610,2023-11-20
2023,370090,2023-11-20
2023,010950,2023-11-21
2023,214680,2023-11-21
2023,316140,2023-11-21
2023,396270,2023-11-21
2023,010120,2023-11-22
2023,058610,2023-11-22
2023,065350,2023-11-22
2023,042670,2023-11-23
2023,064350,2023-11-23
2023,086790,2023-11-23
2023,087010,2023-11-23
2023,228760,2023-11-23
2023,241560,2023-11-23
2023,267270,2023-11-23
2023,403490,2023-11-23
2023,445680,2023-11-23
2023,034020,2023-11-24
2023,038870,2023-11-24
2023,103590,2023-11-24
2023,229640,2023-11-24
2023,222800,2023-11-27
2023,037440,2023-11-28
2023,030200,2023-11-30
2023,465770,2023-11-30
2023,000250,2023-12-01
2023,028670,2023-12-01
2023,006260,2023-12-04
2023,009290,2023-12-05
2023,205470,2023-12-05
2023,356680,2023-12-05
2023,000100,2023-12-06
2023,053950,2023-12-08
2023,046970,2023-12-11
2023,088800,2023-12-11
2023,098460,2023-12-11
2023,036540,2023-12-12
2023,016790,2023-12-13
2023,297890,2023-12-13
2023,028050,2023-12-15
2023,073570,2023-12-15
2023,095500,2023-12-15
2023,099440,2023-12-15
2023,114190,2023-12-15
2023,297090,2023-12-15
2023,047050,2023-12-18
2023,005420,2023-12-19
2023,010100,2023-12-19
2023,323990,2023-12-19
2023,022100,2023-12-21
2023,131400,2023-12-21
2023,440110,2023-12-26
2023,041510,2023-12-27
2023,195940,2023-12-27
2023,094170,2023-12-28
2023,105560,2023-12-28
2023,237690,2023-12-28
2024,034220,2024-01-02
2024,094360,2024-01-02
2024,222800,2024-01-02
2024,033100,2024-01-03
2024,065350,2024-01-03
2024,182400,2024-01-03
2024,189300,2024-01-03
2024,336260,2024-01-03
2024,047310,2024-01-04
2024,110990,2024-01-04
2024,214680,2024-01-04
2024,267260,2024-01-04
2024,335890,2024-01-04
2024,108860,2024-01-05
2024,304100,2024-01-05
2024,377480,2024-01-05
2024,250060,2024-01-08
2024,355390,2024-01-09
2024,235980,2024-01-10
2024,025980,2024-01-11
2024,060250,2024-01-11
2024,214270,2024-01-11
2024,293490,2024-01-11
2024,058970,2024-01-12
2024,403490,2024-01-17
2024,103590,2024-01-18
2024,161390,2024-01-18
2024,317330,2024-01-19
2024,007660,2024-01-22
2024,095340,2024-01-22
2024,124500,2024-01-22
2024,420770,2024-01-22
2024,064350,2024-01-23
2024,396470,2024-01-23
2024,001440,2024-01-24
2024,018290,2024-01-24
2024,299900,2024-01-24
2024,036930,2024-01-25
2024,066790,2024-01-25
2024,006800,2024-01-26
2024,030200,2024-01-26
2024,067630,2024-01-26
2024,015760,2024-01-29
2024,023530,2024-01-29
2024,036460,2024-01-29
2024,047920,2024-01-29
2024,139480,2024-01-29
2024,267270,2024-01-29
2024,000880,2024-01-30
2024,004990,2024-01-30
2024,069960,2024-01-30
2024,088350,2024-01-30
2024,003550,2024-01-31
2024,006260,2024-01-31
2024,032640,2024-01-31
2024,032830,2024-01-31
2024,241560,2024-01-31
2024,402340,2024-01-31
2024,000720,2024-02-01
2024,006360,2024-02-01
2024,015750,2024-02-01
2024,033780,2024-02-01
2024,086280,2024-02-01
2024,010690,2024-02-02
2024,011210,2024-02-02
2024,034020,2024-02-02
2024,200880,2024-02-02
2024,010950,2024-02-05
2024,267850,2024-02-05
2024,042700,2024-02-06
2024,000430,2024-02-07
2024,004020,2024-02-07
2024,011500,2024-02-07
2024,047050,2024-02-07
2024,066570,2024-02-07
2024,039440,2024-02-08
2024,000100,2024-02-13
2024,003490,2024-02-13
2024,003530,2024-02-13
2024,064290,2024-02-13
2024,131290,2024-02-13
2024,229640,2024-02-13
2024,394280,2024-02-13
2024,220260,2024-02-14
2024,250060,2024-02-14
2024,281740,2024-02-14
2024,007810,2024-02-15
2024,011420,2024-02-15
2024,064260,2024-02-15
2024,094480,2024-02-15
2024,095500,2024-02-15
2024,222080,2024-02-15
2024,900250,2024-02-15
2024,001570,2024-02-16
2024,011810,2024-02-16
2024,022100,2024-02-16
2024,054450,2024-02-16
2024,101670,2024-02-16
2024,196170,2024-02-16
2024,271560,2024-02-16
2024,323410,2024-02-16
2024,330860,2024-02-16
2024,439580,2024-02-16
2024,084690,2024-02-19
2024,141080,2024-02-19
2024,273060,2024-02-20
2024,372170,2024-02-20
2024,452260,2024-02-20
2024,009420,2024-02-21
2024,052690,2024-02-21
2024,078600,2024-02-21
2024,137400,2024-02-21
2024,378340,2024-02-21
2024,393890,2024-02-21
2024,418550,2024-02-21
2024,083310,2024-02-22
2024,161000,2024-02-22
2024,228760,2024-02-22
2024,376300,2024-02-22
2024,445090,2024-02-22
2024,000250,2024-02-23
2024,005950,2024-02-26
2024,079370,2024-02-26
2024,087010,2024-02-26
2024,298380,2024-02-26
2024,010140,2024-02-27
2024,036930,2024-02-27
2024,090360,2024-02-27
2024,272210,2024-02-27
2024,028050,2024-02-28
2024,053450,2024-02-28
2024,073570,2024-02-28
2024,101490,2024-02-28
2024,108490,2024-02-28
2024,232140,2024-02-28
2024,248070,2024-02-28
2024,348210,2024-02-28
2024,452300,2024-02-28
2024,013990,2024-02-29
2024,025320,2024-02-29
2024,041020,2024-02-29
2024,168360,2024-02-29
2024,240810,2024-02-29
2024,290690,2024-02-29
2024,007660,2024-03-04
2024,067310,2024-03-04
2024,103590,2024-03-04
2024,010120,2024-03-05
2024,064550,2024-03-05
2024,117730,2024-03-05
2024,005290,2024-03-06
2024,092870,2024-03-06
2024,297890,2024-03-06
2024,356860,2024-03-06
2024,388870,2024-03-06
2024,432720,2024-03-06
2024,049950,2024-03-07
2024,085660,2024-03-07
2024,095340,2024-03-07
2024,042670,2024-03-08
2024,300120,2024-03-08
2024,058470,2024-03-11
2024,112040,2024-03-11
2024,122870,2024-03-11
2024,454910,2024-03-11
2024,004560,2024-03-12
2024,131970,2024-03-12
2024,361610,2024-03-12
2024,425040,2024-03-12
2024,006260,2024-03-13
2024,067630,2024-03-13
2024,078150,2024-03-13
2024,335890,2024-03-13
2024,001440,2024-03-14
2024,010620,2024-03-14
2024,267270,2024-03-14
2024,108860,2024-03-15
2024,109610,2024-03-15
2024,304100,2024-03-15
2024,317850,2024-03-15
2024,140670,2024-03-19
2024,264850,2024-03-19
2024,005930,2024-03-20
2024,004830,2024-03-21
2024,084370,2024-03-21
2024,101160,2024-03-21
2024,222800,2024-03-21
2024,278650,2024-03-21
2024,353200,2024-03-21
2024,000490,2024-03-22
2024,015590,2024-03-22
2024,019170,2024-03-22
2024,048410,2024-03-22
2024,060230,2024-03-22
2024,061970,2024-03-22
2024,066570,2024-03-22
2024,189300,2024-03-22
2024,420770,2024-03-22
2024,003580,2024-03-25
2024,214450,2024-03-25
2024,336570,2024-03-25
2024,041510,2024-03-26
2024,089890,2024-03-26
2024,123410,2024-03-26
2024,356680,2024-03-26
2024,003280,2024-03-27
2024,064350,2024-03-27
2024,008930,2024-03-28
2024,087010,2024-03-28
2024,451760,2024-03-28
2024,009830,2024-03-29
2024,080220,2024-03-29
2024,085670,2024-03-29
2024,267250,2024-03-29
2024,008770,2024-04-01
2024,112610,2024-04-01
2024,161890,2024-04-01
2024,271560,2024-04-01
2024,383220,2024-04-01
2024,457550,2024-04-01
2024,102120,2024-04-02
2024,006360,2024-04-03
2024,012510,2024-04-04
2024,036540,2024-04-04
2024,036830,2024-04-04
2024,036930,2024-04-04
2024,051370,2024-04-04
2024,263600,2024-04-04
2024,445180,2024-04-04
2024,000880,2024-04-08
2024,049950,2024-04-11
2024,396470,2024-04-11
2024,053800,2024-04-12
2024,229640,2024-04-12
2024,110990,2024-04-15
2024,200710,2024-04-15
2024,206650,2024-04-15
2024,006220,2024-04-16
2024,028050,2024-04-16
2024,065450,2024-04-16
2024,440110,2024-04-17
2024,039440,2024-04-18
2024,171090,2024-04-18
2024,011200,2024-04-22
2024,067080,2024-04-22
2024,402490,2024-04-22
2024,030520,2024-04-23
2024,138930,2024-04-23
2024,195940,2024-04-23
2024,047810,2024-04-24
2024,237820,2024-04-24
2024,086790,2024-04-26
2024,105560,2024-04-26
2024,140670,2024-04-26
2024,000680,2024-04-29
2024,055550,2024-04-29
2024,074610,2024-04-29
2024,204320,2024-04-29
2024,278470,2024-04-29
2024,237690,2024-04-30
2024,298830,2024-04-30
2024,439090,2024-04-30
2024,034230,2024-05-02
2024,039980,2024-05-02
2024,085670,2024-05-02
2024,317330,2024-05-02
2024,018880,2024-05-03
2024,024910,2024-05-03
2024,090460,2024-05-03
2024,126700,2024-05-03
2024,299030,2024-05-03
2024,009830,2024-05-07
2024,025320,2024-05-07
2024,034020,2024-05-07
2024,035720,2024-05-07
2024,035900,2024-05-07
2024,041020,2024-05-07
2024,053030,2024-05-07
2024,068760,2024-05-07
2024,141080,2024-05-07
2024,219130,2024-05-07
2024,282720,2024-05-07
2024,323280,2024-05-07
2024,043260,2024-05-08
2024,251270,2024-05-08
2024,316140,2024-05-08
2024,322510,2024-05-08
2024,356860,2024-05-08
2024,007660,2024-05-09
2024,042000,2024-05-09
2024,162300,2024-05-09
2024,335890,2024-05-09
2024,338220,2024-05-09
2024,006880,2024-05-10
2024,017670,2024-05-10
2024,032830,2024-05-10
2024,066570,2024-05-10
2024,161890,2024-05-10
2024,264850,2024-05-10
2024,030200,2024-05-14
2024,051370,2024-05-14
2024,210980,2024-05-14
2024,000100,2024-05-16
2024,009420,2024-05-16
2024,020150,2024-05-16
2024,215600,2024-05-16
2024,294630,2024-05-16
2024,353200,2024-05-16
2024,079370,2024-05-17
2024,351330,2024-05-17
2024,047050,2024-05-20
2024,271560,2024-05-20
2024,003530,2024-05-21
2024,041190,2024-05-21
2024,051980,2024-05-22
2024,000990,2024-05-23
2024,041510,2024-05-23
2024,006110,2024-05-27
2024,094360,2024-05-28
2024,304360,2024-05-28
2024,402490,2024-05-28
2024,403870,2024-05-28
2024,036200,2024-05-29
2024,003160,2024-05-31
2024,032350,2024-05-31
2024,065450,2024-06-03
2024,002710,2024-06-05
2024,101360,2024-06-05
2024,253590,2024-06-05
2024,036930,2024-06-07
2024,317330,2024-06-07
2024,336370,2024-06-07
2024,402340,2024-06-07
2024,454910,2024-06-07
2024,204270,2024-06-10
2024,281740,2024-06-10
2024,457190,2024-06-10
2024,009520,2024-06-11
2024,073570,2024-06-11
2024,114190,2024-06-11
2024,161000,2024-06-11
2024,022100,2024-06-12
2024,171090,2024-06-12
2024,228760,2024-06-12
2024,147830,2024-06-13
2024,375500,2024-06-13
2024,452430,2024-06-13
2024,005930,2024-06-14
2024,166090,2024-06-14
2024,015750,2024-06-17
2024,042660,2024-06-17
2024,064350,2024-06-17
2024,272210,2024-06-17
2024,003720,2024-06-18
2024,011210,2024-06-18
2024,039440,2024-06-18
2024,087260,2024-06-18
2024,034220,2024-06-19
2024,003280,2024-06-20
2024,023160,2024-06-20
2024,053030,2024-06-20
2024,102120,2024-06-20
2024,108320,2024-06-20
2024,141080,2024-06-20
2024,017510,2024-06-21
2024,017670,2024-06-21
2024,034230,2024-06-21
2024,017860,2024-06-24
2024,055550,2024-06-24
2024,316140,2024-06-24
2024,460930,2024-06-24
2024,016360,2024-06-25
2024,028300,2024-06-25
2024,078150,2024-06-26
2024,095610,2024-06-26
2024,006340,2024-06-27
2024,028050,2024-06-28
2024,033780,2024-06-28
2024,036200,2024-06-28
2024,900340,2024-06-28
2024,010140,2024-07-01
2024,092870,2024-07-01
2024,103140,2024-07-01
2024,267270,2024-07-01
2024,086790,2024-07-02
2024,105560,2024-07-02
2024,220100,2024-07-02
2024,439580,2024-07-02
2024,178320,2024-07-03
2024,298380,2024-07-03
2024,008930,2024-07-04
2024,322310,2024-07-04
2024,335890,2024-07-04
2024,347850,2024-07-05
2024,051370,2024-07-08
2024,052690,2024-07-08
2024,060370,2024-07-08
2024,064550,2024-07-08
2024,131970,2024-07-08
2024,006910,2024-07-09
2024,007460,2024-07-09
2024,032820,2024-07-09
2024,034020,2024-07-09
2024,103590,2024-07-09
2024,161580,2024-07-09
2024,195940,2024-07-09
2024,457550,2024-07-09
2024,010120,2024-07-10
2024,019990,2024-07-10
2024,090460,2024-07-10
2024,229640,2024-07-10
2024,237690,2024-07-10
2024,251270,2024-07-10
2024,353200,2024-07-10
2024,066790,2024-07-11
2024,403870,2024-07-11
2024,475150,2024-07-11
2024,009420,2024-07-12
2024,068760,2024-07-12
2024,241560,2024-07-12
2024,041190,2024-07-15
2024,042670,2024-07-15
2024,112040,2024-07-15
2024,001470,2024-07-16
2024,064260,2024-07-16
2024,094480,2024-07-16
2024,270660,2024-07-16
2024,445090,2024-07-16
2024,461030,2024-07-16
2024,000720,2024-07-17
2024,039980,2024-07-17
2024,035900,2024-07-18
2024,000990,2024-07-19
2024,018290,2024-07-19
2024,039610,2024-07-19
2024,053080,2024-07-19
2024,112610,2024-07-19
2024,039560,2024-07-22
2024,082740,2024-07-23
2024,272210,2024-07-23
2024,002720,2024-07-25
2024,445680,2024-07-26
2024,047810,2024-07-29
2024,051980,2024-07-29
2024,232140,2024-07-29
2024,004090,2024-07-31
2024,152550,2024-07-31
2024,161390,2024-07-31
2024,003280,2024-08-01
2024,015760,2024-08-01
2024,042660,2024-08-01
2024,108860,2024-08-01
2024,465770,2024-08-01
2024,019170,2024-08-07
2024,014710,2024-08-09
2024,439580,2024-08-09
2024,036460,2024-08-12
2024,005860,2024-08-13
2024,028300,2024-08-13
2024,137400,2024-08-13
2024,222080,2024-08-13
2024,452190,2024-08-13
2024,453450,2024-08-13
2024,009830,2024-08-14
2024,024840,2024-08-14
2024,084370,2024-08-14
2024,101160,2024-08-14
2024,123410,2024-08-14
2024,340570,2024-08-14
2024,004490,2024-08-16
2024,462510,2024-08-16
2024,475150,2024-08-16
2024,003220,2024-08-19
2024,033230,2024-08-19
2024,419050,2024-08-19
2024,457190,2024-08-19
2024,003490,2024-08-20
2024,016360,2024-08-20
2024,024900,2024-08-20
2024,039980,2024-08-20
2024,178320,2024-08-20
2024,271560,2024-08-20
2024,397030,2024-08-20
2024,086790,2024-08-21
2024,001250,2024-08-22
2024,058610,2024-08-22
2024,317330,2024-08-22
2024,328130,2024-08-22
2024,199820,2024-08-23
2024,006660,2024-08-26
2024,009420,2024-08-26
2024,103140,2024-08-26
2024,220100,2024-08-26
2024,356680,2024-08-26
2024,042000,2024-08-27
2024,047050,2024-08-27
2024,047560,2024-08-27
2024,241560,2024-08-27
2024,013990,2024-08-28
2024,031980,2024-08-28
2024,378340,2024-08-28
2024,450080,2024-08-29
2024,464080,2024-08-29
2024,090460,2024-08-30
2024,145170,2024-08-30
2024,171090,2024-08-30
2024,336060,2024-08-30
2024,002710,2024-09-02
2024,022100,2024-09-02
2024,032820,2024-09-02
2024,078140,2024-09-02
2024,121600,2024-09-02
2024,417200,2024-09-02
2024,003550,2024-09-03
2024,094480,2024-09-03
2024,112040,2024-09-03
2024,241710,2024-09-03
2024,278470,2024-09-03
2024,048870,2024-09-04
2024,130660,2024-09-04
2024,451250,2024-09-06
2024,161580,2024-09-11
2024,018290,2024-09-12
2024,214260,2024-09-13
2024,336570,2024-09-13
2024,034020,2024-09-19
2024,099220,2024-09-19
2024,112610,2024-09-19
2024,257720,2024-09-19
2024,024060,2024-09-20
2024,034220,2024-09-20
2024,064350,2024-09-20
2024,028300,2024-09-23
2024,115450,2024-09-23
2024,295310,2024-09-23
2024,465770,2024-09-23
2024,009830,2024-09-24
2024,010140,2024-09-24
2024,011170,2024-09-24
2024,011200,2024-09-24
2024,086520,2024-09-24
2024,361610,2024-09-24
2024,403870,2024-09-24
2024,003280,2024-09-25
2024,004090,2024-09-25
2024,028670,2024-09-25
2024,042670,2024-09-25
2024,066790,2024-09-25
2024,204320,2024-09-25
2024,383310,2024-09-25
2024,001570,2024-09-26
2024,009470,2024-09-26
2024,033100,2024-09-26
2024,092870,2024-09-26
2024,254490,2024-09-26
2024,402340,2024-09-26
2024,058850,2024-09-27
2024,040300,2024-09-30
2024,084650,2024-09-30
2024,337930,2024-09-30
2024,001440,2024-10-04
2024,225190,2024-10-04
2024,010950,2024-10-07
2024,017510,2024-10-07
2024,051980,2024-10-07
2024,089030,2024-10-07
2024,462870,2024-10-07
2024,035720,2024-10-08
2024,035900,2024-10-08
2024,105560,2024-10-08
2024,298380,2024-10-08
2024,317330,2024-10-08
2024,009420,2024-10-10
2024,039200,2024-10-10
2024,055550,2024-10-11
2024,255220,2024-10-11
2024,397030,2024-10-11
2024,010120,2024-10-14
2024,024110,2024-10-14
2024,086790,2024-10-14
2024,316140,2024-10-14
2024,007660,2024-10-15
2024,232140,2024-10-15
2024,335890,2024-10-16
2024,365330,2024-10-16
2024,149980,2024-10-17
2024,375500,2024-10-17
2024,457550,2024-10-17
2024,003350,2024-10-18
2024,214610,2024-10-18
2024,241560,2024-10-18
2024,047810,2024-10-21
2024,454910,2024-10-21
2024,272210,2024-10-22
2024,388050,2024-10-23
2024,000080,2024-10-24
2024,015760,2024-10-24
2024,138930,2024-10-25
2024,007110,2024-10-29
2024,163730,2024-10-29
2024,012510,2024-10-30
2024,140430,2024-10-31
2024,200710,2024-11-01
2024,011200,2024-11-04
2024,161390,2024-11-05
2024,222080,2024-11-05
2024,000670,2024-11-06
2024,062040,2024-11-06
2024,094480,2024-11-06
2024,010140,2024-11-07
2024,017670,2024-11-07
2024,042660,2024-11-07
2024,439090,2024-11-07
2024,018290,2024-11-08
2024,073570,2024-11-08
2024,042000,2024-11-12
2024,160190,2024-11-12
2024,178320,2024-11-12
2024,328130,2024-11-12
2024,378340,2024-11-12
2024,199820,2024-11-13
2024,041020,2024-11-15
2024,036460,2024-11-18
2024,065350,2024-11-18
2024,108860,2024-11-18
2024,298830,2024-11-18
2024,299660,2024-11-18
2024,032820,2024-11-19
2024,064350,2024-11-19
2024,000270,2024-11-20
2024,208370,2024-11-20
2024,039610,2024-11-22
2024,066570,2024-11-22
2024,071970,2024-11-25
2024,316140,2024-11-25
2024,443670,2024-11-25
2024,042670,2024-11-26
2024,082270,2024-11-26
2024,090460,2024-11-26
2024,035720,2024-11-27
2024,086790,2024-11-27
2024,105560,2024-11-27
2024,454910,2024-11-27
2024,323410,2024-12-02
2024,356680,2024-12-02
2024,376930,2024-12-02
2024,377300,2024-12-02
2024,071050,2024-12-03
2024,139480,2024-12-03
2024,241560,2024-12-03
2024,228760,2024-12-04
2024,278470,2024-12-05
2024,004020,2024-12-10
2024,214610,2024-12-11
2024,302440,2024-12-11
2024,148150,2024-12-12
2024,178320,2024-12-12
2024,317330,2024-12-12
2024,010120,2024-12-13
2024,103590,2024-12-13
2024,166480,2024-12-13
2024,257720,2024-12-13
2024,462870,2024-12-13
2024,001440,2024-12-16
2024,000520,2024-12-17
2024,042700,2024-12-17
2024,138610,2024-12-17
2024,161580,2024-12-17
2024,321820,2024-12-18
2024,333430,2024-12-20
2024,389470,2024-12-20
2024,232140,2024-12-23
2024,007660,2024-12-24
2024,033100,2024-12-24
2024,042660,2024-12-26
2024,115450,2024-12-26
2024,160190,2024-12-26
2024,003160,2024-12-27
2024,437730,2024-12-27
2024,466100,2024-12-27
2024,009420,2024-12-30
