연도,종목코드,종목명,급등일,매수일,매수가,수량,매도일,매도가,사유,보유일,손익,수익률
2023,293490,카카오게임즈,2023-01-03,2023-01-03,45495,2,2023-01-06,43307.0,STOP_LOSS,3,-4577,-0.0503
2023,058610,에스피지,2023-01-03,2023-01-03,17618,5,2023-01-26,21150.0,TAKE_PROFIT,15,17421,0.1978
2023,067000,조이시티,2023-01-04,2023-01-04,4805,20,2023-01-06,4570.0,STOP_LOSS,2,-4898,-0.051
2023,377030,비트맥스,2023-01-04,2023-01-04,46754,2,2023-01-06,44505.0,STOP_LOSS,2,-4703,-0.0503
2023,053690,한미글로벌,2023-01-05,2023-01-05,33433,2,2023-01-06,31119.0,STOP_LOSS,1,-4773,-0.0714
2023,105560,KB금융,2023-01-05,2023-01-05,53954,1,2023-02-15,51349.0,STOP_LOSS,27,-2724,-0.0505
2023,010780,아이에스동서,2023-01-05,2023-01-05,32783,3,2023-02-17,40000.0,TAKE_PROFIT,29,21379,0.2174
2023,151860,KG에코솔루션,2023-01-05,2023-01-05,10761,9,2023-02-06,12920.0,TAKE_PROFIT,20,19169,0.1979
2023,000660,SK하이닉스,2023-01-06,2023-01-06,83183,1,2023-03-15,79121.0,STOP_LOSS,45,-4245,-0.051
2023,215100,로보로보,2023-01-06,2023-01-06,7017,14,2023-03-13,6673.0,STOP_LOSS,43,-5027,-0.0512
2023,028050,삼성E&A,2023-01-06,2023-01-06,23624,4,2023-02-17,28350.0,TAKE_PROFIT,28,18648,0.1973
2023,052690,한전기술,2023-01-06,2023-01-06,59259,1,2023-03-09,71200.0,TAKE_PROFIT,41,11779,0.1988
2023,005930,삼성전자,2023-01-09,2023-01-09,60761,1,2023-06-29,73100.0,TAKE_PROFIT,116,12173,0.2003
2023,035720,카카오,2023-01-09,2023-01-09,61161,1,2023-03-10,57842.0,STOP_LOSS,41,-3453,-0.0564
2023,064350,현대로템,2023-01-26,2023-01-26,29329,3,2023-01-30,27922.0,STOP_LOSS,2,-4415,-0.0502
2023,001570,금양,2023-01-30,2023-01-30,26226,3,2023-02-15,31500.0,TAKE_PROFIT,12,15606,0.1984
2023,005950,이수화학,2023-02-06,2023-02-06,10561,9,2023-02-13,10050.0,STOP_LOSS,5,-4804,-0.0505
2023,042670,HD현대인프라코어,2023-02-13,2023-02-13,8218,12,2023-03-13,7822.0,STOP_LOSS,19,-4969,-0.0504
2023,298870,우리벤처파트너스,2023-02-15,2023-02-15,3694,26,2023-02-20,3516.0,STOP_LOSS,3,-4818,-0.0502
2023,036890,진성티이씨,2023-02-20,2023-02-20,13383,7,2023-02-22,12737.0,STOP_LOSS,2,-4729,-0.0505
2023,002900,TYM,2023-02-20,2023-02-20,9276,10,2023-03-08,8821.0,STOP_LOSS,11,-4749,-0.0512
2023,047050,포스코인터내셔널,2023-02-22,2023-02-22,24074,4,2023-02-28,22877.0,STOP_LOSS,4,-4999,-0.0519
2023,267270,HD건설기계,2023-02-22,2023-02-22,59960,1,2023-02-23,57043.0,STOP_LOSS,1,-3049,-0.0508
2023,086960,MDS테크,2023-02-23,2023-02-23,6675,14,2023-02-24,8020.0,TAKE_PROFIT,1,18573,0.1987
2023,001450,현대해상,2023-02-23,2023-02-23,33884,2,2023-04-06,32218.0,STOP_LOSS,29,-3481,-0.0514
2023,101670,하이드로리튬,2023-02-24,2023-02-24,22472,4,2023-03-07,27000.0,TAKE_PROFIT,6,17865,0.1987
2023,270520,앱튼,2023-02-28,2023-02-28,14891,6,2023-03-02,17870.0,TAKE_PROFIT,1,17632,0.1974
2023,388720,유일로보틱스,2023-03-02,2023-03-02,27878,3,2023-03-17,33500.0,TAKE_PROFIT,11,16638,0.1989
2023,091990,셀트리온헬스케어,2023-03-07,2023-03-07,62863,1,2023-03-13,59840.0,STOP_LOSS,4,-3161,-0.0503
2023,205470,휴마시스,2023-03-08,2023-03-08,22493,4,2023-03-13,27000.0,TAKE_PROFIT,3,17783,0.1976
2023,290670,대보마그네틱,2023-03-09,2023-03-09,73073,1,2023-03-10,69530.0,STOP_LOSS,1,-3703,-0.0507
2023,078890,가온그룹,2023-03-15,2023-03-15,10010,9,2023-03-16,9520.0,STOP_LOSS,1,-4604,-0.0511
2023,036540,SFA반도체,2023-03-17,2023-03-17,4880,20,2023-03-23,4645.0,STOP_LOSS,4,-4905,-0.0503
2023,033780,KT&G,2023-03-17,2023-03-17,91892,1,2023-03-24,87213.0,STOP_LOSS,5,-4880,-0.0531
2023,377480,마음AI,2023-03-17,2023-03-17,27527,3,2023-03-20,26174.0,STOP_LOSS,1,-4242,-0.0514
2023,217500,러셀,2023-03-17,2023-03-17,4124,24,2023-03-20,3926.0,STOP_LOSS,1,-4971,-0.0502
2023,240810,원익IPS,2023-03-17,2023-03-17,34284,2,2023-03-20,32617.0,STOP_LOSS,1,-3484,-0.0508
2023,017670,SK텔레콤,2023-03-20,2023-03-20,47698,2,2023-07-05,45405.0,STOP_LOSS,73,-4796,-0.0503
2023,018470,조일알미늄,2023-03-21,2023-03-21,12112,8,2023-03-22,14540.0,TAKE_PROFIT,1,19159,0.1977
2023,071670,에이테크솔루션,2023-03-23,2023-03-23,14154,7,2023-03-28,13467.0,STOP_LOSS,3,-5031,-0.0508
2023,036930,주성엔지니어링,2023-03-23,2023-03-23,12793,7,2023-03-24,15360.0,TAKE_PROFIT,1,17726,0.1979
2023,353200,대덕전자,2023-03-24,2023-03-24,23724,4,2023-04-06,22577.0,STOP_LOSS,9,-4794,-0.0505
2023,263750,펄어비스,2023-03-24,2023-03-24,46296,2,2023-03-27,44056.0,STOP_LOSS,1,-4684,-0.0506
2023,108320,LX세미콘,2023-03-24,2023-03-24,98899,1,2023-03-30,118700.0,TAKE_PROFIT,4,19531,0.1975
2023,039030,이오테크닉스,2023-03-24,2023-03-24,81581,1,2023-06-09,97900.0,TAKE_PROFIT,51,16096,0.1973
2023,425040,티이엠씨,2023-03-24,2023-03-24,18644,5,2023-04-11,22400.0,TAKE_PROFIT,12,18527,0.1987
2023,000910,유니온,2023-03-27,2023-03-27,6066,16,2023-04-04,7280.0,TAKE_PROFIT,6,19158,0.1974
2023,015760,한국전력,2023-03-27,2023-03-27,18398,5,2023-10-04,17512.0,STOP_LOSS,128,-4632,-0.0503
2023,022100,포스코DX,2023-03-28,2023-03-28,8649,11,2023-03-29,8232.0,STOP_LOSS,1,-4795,-0.0504
2023,093370,후성,2023-03-29,2023-03-29,16248,6,2023-03-31,15465.0,STOP_LOSS,2,-4914,-0.0504
2023,361610,SK아이이테크놀로지,2023-03-30,2023-03-30,71571,1,2023-04-04,85900.0,TAKE_PROFIT,3,14133,0.1975
2023,012030,DB,2023-03-31,2023-03-31,1687,59,2023-04-03,2025.0,TAKE_PROFIT,1,19689,0.1978
2023,064350,현대로템,2023-04-03,2023-04-03,26376,3,2023-04-20,31700.0,TAKE_PROFIT,13,15755,0.1991
2023,214450,파마리서치,2023-04-04,2023-04-04,83784,1,2023-04-17,100600.0,TAKE_PROFIT,9,16587,0.198
2023,179290,엠아이텍,2023-04-04,2023-04-04,15786,6,2023-04-05,15025.0,STOP_LOSS,1,-4773,-0.0504
2023,328130,루닛,2023-04-05,2023-04-05,11202,8,2023-04-12,13450.0,TAKE_PROFIT,5,17737,0.1979
2023,112610,씨에스윈드,2023-04-06,2023-04-06,74775,1,2023-04-07,71129.0,STOP_LOSS,1,-3810,-0.051
2023,053690,한미글로벌,2023-04-06,2023-04-06,31281,3,2023-04-11,29770.0,STOP_LOSS,3,-4739,-0.0505
2023,000660,SK하이닉스,2023-04-07,2023-04-07,89189,1,2023-04-25,84815.0,STOP_LOSS,12,-4570,-0.0512
2023,118990,모트렉스,2023-04-11,2023-04-11,19149,5,2023-04-13,23000.0,TAKE_PROFIT,2,18993,0.1984
2023,066670,디티씨,2023-04-11,2023-04-11,7628,13,2023-04-21,7253.0,STOP_LOSS,8,-5091,-0.0513
2023,042670,HD현대인프라코어,2023-04-12,2023-04-12,8959,11,2023-04-13,8521.0,STOP_LOSS,1,-5029,-0.051
2023,035900,JYP Ent.,2023-04-13,2023-04-13,80681,1,2023-05-16,105000.0,TAKE_PROFIT,21,24082,0.2985
2023,011200,HMM,2023-04-13,2023-04-13,20621,4,2023-05-10,19630.0,STOP_LOSS,17,-4142,-0.0502
2023,006910,보성파워텍,2023-04-17,2023-04-17,4595,21,2023-04-18,4371.0,STOP_LOSS,1,-4915,-0.0509
2023,278650,HLB바이오스텝,2023-04-18,2023-04-18,24474,4,2023-04-19,23277.0,STOP_LOSS,1,-5006,-0.0511
2023,105560,KB금융,2023-04-19,2023-04-19,49499,2,2023-06-01,47103.0,STOP_LOSS,28,-5011,-0.0506
2023,009830,한화솔루션,2023-04-21,2023-04-21,52025,1,2023-04-27,48811.0,STOP_LOSS,4,-3326,-0.0639
2023,317850,대모,2023-04-21,2023-04-21,14014,7,2023-04-24,13337.0,STOP_LOSS,1,-4957,-0.0505
2023,248070,솔루엠,2023-04-28,2023-04-28,24424,4,2023-06-26,29350.0,TAKE_PROFIT,37,19435,0.1989
2023,048410,현대바이오,2023-05-04,2023-05-04,11037,9,2023-05-09,10499.0,STOP_LOSS,2,-5052,-0.0509
2023,323410,카카오뱅크,2023-05-08,2023-05-08,24424,4,2023-07-05,23227.0,STOP_LOSS,40,-5005,-0.0512
2023,117580,대성에너지,2023-05-10,2023-05-10,9690,10,2023-05-11,9221.0,STOP_LOSS,1,-4902,-0.0506
2023,291810,핀텔,2023-05-10,2023-05-10,7507,13,2023-05-12,7143.0,STOP_LOSS,2,-4955,-0.0508
2023,032850,비트컴퓨터,2023-05-11,2023-05-11,6667,14,2023-07-07,6344.0,STOP_LOSS,39,-4727,-0.0506
2023,348340,뉴로메카,2023-05-12,2023-05-12,23687,4,2023-05-15,22527.0,STOP_LOSS,1,-4848,-0.0512
2023,009900,명신산업,2023-05-15,2023-05-15,21321,4,2023-05-16,20280.0,STOP_LOSS,1,-4354,-0.051
2023,000660,SK하이닉스,2023-05-16,2023-05-16,90490,1,2023-05-26,108600.0,TAKE_PROFIT,8,17863,0.1974
2023,005850,에스엘,2023-05-16,2023-05-16,37537,2,2023-05-26,35714.0,STOP_LOSS,8,-3811,-0.0508
2023,093370,후성,2023-05-30,2023-05-30,13735,7,2023-06-21,13067.0,STOP_LOSS,15,-4891,-0.0509
2023,112610,씨에스윈드,2023-05-30,2023-05-30,80480,1,2023-07-26,76523.0,STOP_LOSS,40,-4134,-0.0514
2023,092220,KEC,2023-06-01,2023-06-01,10911,9,2023-06-07,10380.0,STOP_LOSS,3,-4997,-0.0509
2023,376180,피코그램,2023-06-07,2023-06-07,9459,10,2023-06-19,11360.0,TAKE_PROFIT,8,18747,0.1982
2023,073640,테라사이언스,2023-06-09,2023-06-09,4670,21,2023-06-12,5610.0,TAKE_PROFIT,1,19479,0.1986
2023,281740,레이크머티리얼즈,2023-06-12,2023-06-12,17367,5,2023-06-14,20850.0,TAKE_PROFIT,2,17176,0.1978
2023,131400,이브이첨단소재,2023-06-14,2023-06-14,8929,11,2023-06-15,8492.0,STOP_LOSS,1,-5027,-0.0512
2023,001570,금양,2023-06-15,2023-06-15,60460,1,2023-06-20,57542.0,STOP_LOSS,3,-3051,-0.0505
2023,225570,넥슨게임즈,2023-06-19,2023-06-19,22673,4,2023-07-05,21578.0,STOP_LOSS,12,-4576,-0.0505
2023,000720,현대건설,2023-06-26,2023-06-26,40841,2,2023-06-28,38861.0,STOP_LOSS,2,-4139,-0.0507
2023,013310,아진산업,2023-06-26,2023-06-26,5822,17,2023-07-06,7122.0,TAKE_PROFIT,8,21829,0.2206
2023,033780,KT&G,2023-06-26,2023-06-26,83984,1,,,보유중,126,0,0.0
2023,000270,기아,2023-06-28,2023-06-28,86486,1,2023-07-26,82318.0,STOP_LOSS,20,-4359,-0.0504
2023,347000,센코,2023-06-29,2023-06-29,3689,26,2023-06-30,3511.0,STOP_LOSS,1,-4818,-0.0502
2023,049180,셀루메드,2023-07-03,2023-07-03,4630,21,2023-07-04,4406.0,STOP_LOSS,1,-4918,-0.0506
2023,015750,성우하이텍,2023-07-04,2023-07-04,10350,9,2023-07-06,12430.0,TAKE_PROFIT,2,18462,0.1982
2023,298830,슈어소프트테크,2023-07-05,2023-07-05,10370,9,2023-07-07,9870.0,STOP_LOSS,2,-4707,-0.0504
2023,161390,한국타이어앤테크놀로지,2023-07-06,2023-07-06,36787,2,2023-11-06,44150.0,TAKE_PROFIT,81,14526,0.1974
2023,032830,삼성생명,2023-07-10,2023-07-10,70570,1,2023-07-26,67133.0,STOP_LOSS,12,-3593,-0.0509
2023,008770,호텔신라,2023-07-10,2023-07-10,75475,1,2023-07-20,71828.0,STOP_LOSS,8,-3813,-0.0505
2023,282720,금양그린파워,2023-07-11,2023-07-11,17948,5,2023-07-12,17083.0,STOP_LOSS,1,-4522,-0.0504
2023,058970,엠로,2023-07-11,2023-07-11,55956,1,2023-07-14,67200.0,TAKE_PROFIT,3,11091,0.1982
2023,241560,두산밥캣,2023-07-11,2023-07-11,62462,1,2023-07-13,59440.0,STOP_LOSS,2,-3159,-0.0506
2023,093370,후성,2023-07-12,2023-07-12,13589,7,2023-07-18,12937.0,STOP_LOSS,4,-4771,-0.0502
2023,068760,셀트리온제약,2023-07-13,2023-07-13,79874,1,2023-07-18,76024.0,STOP_LOSS,3,-4025,-0.0504
2023,105560,KB금융,2023-07-14,2023-07-14,48799,2,,,보유중,112,0,0.0
2023,030520,한컴,2023-07-18,2023-07-18,15045,6,2023-07-19,14316.0,STOP_LOSS,1,-4574,-0.0507
2023,036810,에프에스티,2023-07-18,2023-07-18,24474,4,2023-07-21,29400.0,TAKE_PROFIT,3,19435,0.1985
2023,000250,삼천당제약,2023-07-19,2023-07-19,62562,1,2023-07-26,59540.0,STOP_LOSS,5,-3159,-0.0505
2023,028300,HLB,2023-07-20,2023-07-20,32509,3,2023-07-24,30919.0,STOP_LOSS,2,-4985,-0.0511
2023,108860,셀바스AI,2023-07-21,2023-07-21,19720,5,2023-07-26,18771.0,STOP_LOSS,3,-4959,-0.0503
2023,418550,제이오,2023-07-24,2023-07-24,38839,2,2023-07-26,36963.0,STOP_LOSS,2,-3922,-0.0505
2023,117730,티로보틱스,2023-07-27,2023-07-27,25425,3,2023-07-28,24176.0,STOP_LOSS,1,-3916,-0.0513
2023,086790,하나금융지주,2023-07-27,2023-07-27,41241,2,2023-07-31,39261.0,STOP_LOSS,2,-4142,-0.0502
2023,055550,신한지주,2023-07-27,2023-07-27,35185,2,,,보유중,103,0,0.0
2023,316140,우리금융지주,2023-07-27,2023-07-27,12152,8,2023-07-28,11568.0,STOP_LOSS,1,-4883,-0.0502
2023,348210,넥스틴,2023-07-27,2023-07-27,84384,1,2023-08-08,80320.0,STOP_LOSS,8,-4250,-0.0504
2023,004020,현대제철,2023-07-27,2023-07-27,34985,2,2023-10-16,33267.0,STOP_LOSS,51,-3590,-0.0513
2023,335890,비올,2023-07-28,2023-07-28,8108,12,2023-07-31,7712.0,STOP_LOSS,1,-4963,-0.051
2023,005290,동진쎄미켐,2023-07-31,2023-07-31,42392,2,2023-08-01,40310.0,STOP_LOSS,1,-4351,-0.0513
2023,208370,셀바스헬스케어,2023-07-31,2023-07-31,7207,13,2023-08-01,8650.0,TAKE_PROFIT,1,18501,0.1975
2023,357550,석경에이티,2023-07-31,2023-07-31,61561,1,2023-08-01,58541.0,STOP_LOSS,1,-3155,-0.0513
2023,035720,카카오,2023-08-01,2023-08-01,54955,1,2023-08-02,52248.0,STOP_LOSS,1,-2828,-0.0515
2023,067160,SOOP,2023-08-01,2023-08-01,85485,1,2023-08-02,81319.0,STOP_LOSS,1,-4354,-0.0509
2023,377480,마음AI,2023-08-01,2023-08-01,28028,3,2023-08-03,26523.0,STOP_LOSS,2,-4697,-0.0559
2023,112040,위메이드,2023-08-02,2023-08-02,42292,2,2023-08-03,40260.0,STOP_LOSS,1,-4251,-0.0503
2023,257720,실리콘투,2023-08-02,2023-08-02,7948,12,2023-08-03,7562.0,STOP_LOSS,1,-4836,-0.0507
2023,302440,SK바이오사이언스,2023-08-03,2023-08-03,84384,1,2023-08-08,80320.0,STOP_LOSS,3,-4250,-0.0504
2023,048410,현대바이오,2023-08-03,2023-08-03,13159,7,2023-08-04,12527.0,STOP_LOSS,1,-4623,-0.0502
2023,141080,리가켐바이오,2023-08-03,2023-08-03,37087,2,2023-08-04,35265.0,STOP_LOSS,1,-3807,-0.0513
2023,214150,클래시스,2023-08-04,2023-08-04,32382,3,2023-08-09,30819.0,STOP_LOSS,3,-4903,-0.0505
2023,000120,CJ대한통운,2023-08-04,2023-08-04,82582,1,2023-08-07,78621.0,STOP_LOSS,1,-4143,-0.0502
2023,122870,와이지엔터테인먼트,2023-08-07,2023-08-07,80580,1,2023-08-17,76623.0,STOP_LOSS,7,-4134,-0.0513
2023,007070,GS리테일,2023-08-08,2023-08-08,19477,5,,,보유중,95,0,0.0
2023,091990,셀트리온헬스케어,2023-08-09,2023-08-09,69870,1,2023-08-16,66434.0,STOP_LOSS,4,-3590,-0.0514
2023,064550,바이오니아,2023-08-09,2023-08-09,47047,2,2023-08-14,44755.0,STOP_LOSS,3,-4790,-0.0509
2023,196490,디에이테크놀로지,2023-08-14,2023-08-14,27927,3,2023-08-18,26573.0,STOP_LOSS,3,-4243,-0.0506
2023,348080,큐라티스,2023-08-16,2023-08-16,31444,3,2023-08-17,29920.0,STOP_LOSS,1,-4779,-0.0507
2023,248070,솔루엠,2023-08-18,2023-08-18,30180,3,2023-09-05,28721.0,STOP_LOSS,12,-4576,-0.0505
2023,060280,큐렉소,2023-08-21,2023-08-21,20520,4,2023-08-24,24650.0,TAKE_PROFIT,3,16294,0.1985
2023,109610,에스와이,2023-08-23,2023-08-23,4625,21,2023-08-24,4401.0,STOP_LOSS,1,-4918,-0.0506
2023,356680,엑스게이트,2023-08-24,2023-08-24,4745,20,2023-08-25,4515.0,STOP_LOSS,1,-4794,-0.0505
2023,001790,대한제당,2023-08-24,2023-08-24,3083,32,2023-09-13,3700.0,TAKE_PROFIT,14,19472,0.1974
2023,103590,일진전기,2023-08-25,2023-08-25,10883,9,2023-09-06,10360.0,STOP_LOSS,8,-4928,-0.0503
2023,009520,포스코엠텍,2023-09-05,2023-09-05,34635,2,2023-09-08,32967.0,STOP_LOSS,3,-3487,-0.0503
2023,108860,셀바스AI,2023-09-06,2023-09-06,25726,3,2023-09-07,24476.0,STOP_LOSS,1,-3920,-0.0508
2023,321260,프로이천,2023-09-07,2023-09-07,4389,22,2023-09-08,4176.0,STOP_LOSS,1,-4910,-0.0509
2023,389030,지니너스,2023-09-08,2023-09-08,5606,17,2023-09-11,5335.0,STOP_LOSS,1,-4815,-0.0505
2023,001450,현대해상,2023-09-08,2023-09-08,31982,3,2023-11-02,30420.0,STOP_LOSS,34,-4898,-0.051
2023,196170,알테오젠,2023-09-11,2023-09-11,39975,2,2023-09-12,48000.0,TAKE_PROFIT,1,15833,0.198
2023,251270,넷마블,2023-09-12,2023-09-12,52953,1,2023-09-13,50350.0,STOP_LOSS,1,-2719,-0.0514
2023,032830,삼성생명,2023-09-13,2023-09-13,71672,1,2023-11-06,68232.0,STOP_LOSS,33,-3597,-0.0502
2023,326030,SK바이오팜,2023-09-14,2023-09-14,93093,1,2023-09-20,88611.0,STOP_LOSS,4,-4686,-0.0503
2023,042370,비츠로테크,2023-09-20,2023-09-20,9740,10,2023-09-21,11690.0,TAKE_PROFIT,1,19237,0.1975
2023,294630,서남,2023-09-21,2023-09-21,6156,16,2023-09-22,5854.0,STOP_LOSS,1,-5048,-0.0513
2023,048410,현대바이오,2023-09-22,2023-09-22,13371,7,2023-09-26,12727.0,STOP_LOSS,2,-4714,-0.0504
2023,030200,KT,2023-09-27,2023-09-27,33183,2,,,보유중,60,0,0.0
2023,220100,퓨쳐켐,2023-10-05,2023-10-05,10739,9,2023-10-12,10220.0,STOP_LOSS,4,-4889,-0.0506
2023,005420,코스모화학,2023-10-12,2023-10-12,43443,2,2023-10-13,41359.0,STOP_LOSS,1,-4360,-0.0502
2023,229640,LS에코에너지,2023-10-13,2023-10-13,11351,8,2023-10-16,13630.0,TAKE_PROFIT,1,17981,0.198
2023,014530,극동유화,2023-10-17,2023-10-17,5265,18,2023-10-18,5005.0,STOP_LOSS,1,-4893,-0.0516
2023,114190,강원에너지,2023-10-17,2023-10-17,22322,4,2023-10-18,21229.0,STOP_LOSS,1,-4570,-0.0512
2023,041020,폴라리스오피스,2023-10-18,2023-10-18,5325,18,2023-10-19,4905.0,STOP_LOSS,1,-7768,-0.081
2023,010820,퍼스텍,2023-10-19,2023-10-19,3874,25,2023-10-20,3686.0,STOP_LOSS,1,-4902,-0.0506
2023,067310,하나마이크론,2023-10-24,2023-10-24,24421,4,2023-10-26,23227.0,STOP_LOSS,2,-4993,-0.0511
2023,131970,두산테스나,2023-10-24,2023-10-24,52052,1,2023-10-27,49550.0,STOP_LOSS,3,-2616,-0.0503
2023,272210,한화시스템,2023-10-30,2023-10-30,12983,7,2023-11-23,15580.0,TAKE_PROFIT,18,17931,0.1973
2023,020560,아시아나항공,2023-10-31,2023-10-31,11161,8,2023-11-01,10619.0,STOP_LOSS,1,-4530,-0.0507
2023,017890,한국알콜,2023-11-01,2023-11-01,12092,8,2023-11-06,14520.0,TAKE_PROFIT,3,19159,0.1981
2023,322510,제이엘케이,2023-11-02,2023-11-02,22378,4,2023-11-06,21279.0,STOP_LOSS,2,-4595,-0.0513
2023,005930,삼성전자,2023-11-06,2023-11-06,70971,1,,,보유중,37,0,0.0
2023,022100,포스코DX,2023-11-06,2023-11-06,63563,1,2023-11-07,60440.0,STOP_LOSS,1,-3263,-0.0513
2023,035720,카카오,2023-11-06,2023-11-06,44745,2,2023-12-14,53700.0,TAKE_PROFIT,28,17666,0.1974
2023,036930,주성엔지니어링,2023-11-06,2023-11-06,31682,3,,,보유중,37,0,0.0
2023,319400,현대무벡스,2023-11-07,2023-11-07,3393,29,2023-11-10,3227.0,STOP_LOSS,3,-5048,-0.0513
2023,015760,한국전력,2023-11-13,2023-11-13,17888,5,,,보유중,32,0,0.0
2023,087010,펩트론,2023-11-23,2023-11-23,35408,2,2023-11-24,33666.0,STOP_LOSS,1,-3640,-0.0514
2023,229640,LS에코에너지,2023-11-24,2023-11-24,13614,7,2023-11-30,16340.0,TAKE_PROFIT,4,18825,0.1975
2023,465770,STX그린로지스,2023-11-30,2023-11-30,12823,7,2023-12-04,15390.0,TAKE_PROFIT,2,17725,0.1975
2023,006260,LS,2023-12-04,2023-12-04,87788,1,2023-12-13,83516.0,STOP_LOSS,7,-4464,-0.0509
2023,016790,현대사료,2023-12-13,2023-12-13,6296,15,2023-12-15,5994.0,STOP_LOSS,2,-4742,-0.0502
2023,095500,미래나노텍,2023-12-15,2023-12-15,17888,5,2023-12-26,17023.0,STOP_LOSS,6,-4521,-0.0505
2023,099440,스맥,2023-12-15,2023-12-15,3740,26,2023-12-18,3556.0,STOP_LOSS,1,-4987,-0.0513
2023,047050,포스코인터내셔널,2023-12-18,2023-12-18,61261,1,2023-12-22,58242.0,STOP_LOSS,4,-3154,-0.0515
2023,440110,파두,2023-12-26,2023-12-26,22923,4,2023-12-28,21778.0,STOP_LOSS,2,-4780,-0.0521
2023,041510,에스엠,2023-12-27,2023-12-27,93694,1,,,보유중,1,0,0.0
2023,094170,동운아나텍,2023-12-28,2023-12-28,19170,5,,,보유중,0,0,0.0
2024,222800,심텍,2024-01-02,2024-01-02,42242,2,2024-01-03,40210.0,STOP_LOSS,1,-4234,-0.0501
2024,094360,칩스앤미디어,2024-01-02,2024-01-02,34384,2,2024-01-03,32717.0,STOP_LOSS,1,-3472,-0.0505
2024,034220,LG디스플레이,2024-01-02,2024-01-02,12352,8,2024-01-31,11758.0,STOP_LOSS,21,-4947,-0.0501
2024,065350,신성델타테크,2024-01-03,2024-01-03,43293,2,2024-01-04,52000.0,TAKE_PROFIT,1,17198,0.1986
2024,189300,인텔리안테크,2024-01-03,2024-01-03,81081,1,2024-01-05,77123.0,STOP_LOSS,2,-4121,-0.0508
2024,182400,엔케이젠바이오텍코리아,2024-01-03,2024-01-03,13750,7,2024-01-04,13087.0,STOP_LOSS,1,-4838,-0.0503
2024,033100,제룡전기,2024-01-03,2024-01-03,22072,4,2024-01-29,20979.0,STOP_LOSS,18,-4549,-0.0515
2024,336260,두산퓨얼셀,2024-01-03,2024-01-03,24524,4,2024-01-04,23327.0,STOP_LOSS,1,-4988,-0.0508
2024,047310,파워로직스,2024-01-04,2024-01-04,7638,13,2024-01-05,7263.0,STOP_LOSS,1,-5073,-0.0511
2024,110990,디아이티,2024-01-04,2024-01-04,21371,4,2024-01-05,20330.0,STOP_LOSS,1,-4338,-0.0507
2024,214680,디알텍,2024-01-04,2024-01-04,23073,4,2024-01-15,21928.0,STOP_LOSS,7,-4765,-0.0516
2024,335890,비올,2024-01-04,2024-01-04,9409,10,2024-01-15,8951.0,STOP_LOSS,7,-4772,-0.0507
2024,267260,HD현대일렉트릭,2024-01-04,2024-01-04,87187,1,2024-01-25,104700.0,TAKE_PROFIT,15,17296,0.1984
2024,304100,솔트룩스,2024-01-05,2024-01-05,31481,3,2024-01-16,29970.0,STOP_LOSS,7,-4724,-0.05
2024,108860,셀바스AI,2024-01-05,2024-01-05,22222,4,2024-01-11,21129.0,STOP_LOSS,4,-4552,-0.0512
2024,377480,마음AI,2024-01-05,2024-01-05,29379,3,2024-01-17,27922.0,STOP_LOSS,8,-4548,-0.0516
2024,250060,모비스,2024-01-08,2024-01-08,4830,20,2024-01-10,4595.0,STOP_LOSS,2,-4882,-0.0505
2024,355390,크라우드웍스,2024-01-09,2024-01-09,15741,6,2024-01-15,18890.0,TAKE_PROFIT,4,18660,0.1976
2024,235980,메드팩토,2024-01-10,2024-01-10,7668,12,2024-01-16,9210.0,TAKE_PROFIT,4,18279,0.1987
2024,060250,NHN KCP,2024-01-11,2024-01-11,12613,7,2024-01-12,11998.0,STOP_LOSS,1,-4479,-0.0507
2024,058970,엠로,2024-01-12,2024-01-12,76476,1,2024-01-17,72727.0,STOP_LOSS,3,-3902,-0.051
2024,403490,우듬지팜,2024-01-17,2024-01-17,14239,6,2024-01-19,13546.0,STOP_LOSS,2,-4328,-0.0507
2024,103590,일진전기,2024-01-18,2024-01-18,12462,7,2024-01-23,11858.0,STOP_LOSS,3,-4405,-0.0505
2024,161390,한국타이어앤테크놀로지,2024-01-18,2024-01-18,47147,2,2024-02-20,56600.0,TAKE_PROFIT,21,18671,0.198
2024,317330,덕산테코피아,2024-01-19,2024-01-19,21622,4,2024-01-22,20579.0,STOP_LOSS,1,-4342,-0.0502
2024,007660,이수페타시스,2024-01-22,2024-01-22,33099,3,2024-01-23,31468.0,STOP_LOSS,1,-5090,-0.0513
2024,095340,ISC,2024-01-22,2024-01-22,89289,1,2024-01-23,84915.0,STOP_LOSS,1,-4553,-0.051
2024,124500,아이티센글로벌,2024-01-22,2024-01-22,10330,9,2024-01-23,9830.0,STOP_LOSS,1,-4688,-0.0504
2024,420770,기가비스,2024-01-22,2024-01-22,78979,1,2024-01-26,75125.0,STOP_LOSS,4,-4012,-0.0508
2024,396470,워트,2024-01-23,2024-01-23,11151,8,2024-01-26,10090.0,STOP_LOSS,3,-8661,-0.0971
2024,064350,현대로템,2024-01-23,2024-01-23,27828,3,2024-02-22,33400.0,TAKE_PROFIT,20,16509,0.1977
2024,001440,대한전선,2024-01-24,2024-01-24,9812,10,2024-01-30,9341.0,STOP_LOSS,4,-4906,-0.05
2024,018290,브이티,2024-01-24,2024-01-24,17748,5,2024-01-26,16893.0,STOP_LOSS,2,-4451,-0.0502
2024,299900,위지윅스튜디오,2024-01-24,2024-01-24,4124,24,2024-01-25,3926.0,STOP_LOSS,1,-4952,-0.05
2024,036930,주성엔지니어링,2024-01-25,2024-01-25,35135,2,2024-01-26,33417.0,STOP_LOSS,1,-3578,-0.0509
2024,066790,씨씨에스,2024-01-25,2024-01-25,3356,29,2024-01-26,2921.0,STOP_LOSS,1,-12782,-0.1313
2024,067630,HLB생명과학,2024-01-26,2024-01-26,11481,8,2024-01-29,13780.0,TAKE_PROFIT,1,18164,0.1978
2024,030200,KT,2024-01-26,2024-01-26,34835,2,2024-02-19,41850.0,TAKE_PROFIT,14,13857,0.1989
2024,006800,미래에셋증권,2024-01-26,2024-01-26,7688,12,2024-04-17,7313.0,STOP_LOSS,54,-4685,-0.0508
2024,047920,HLB제약,2024-01-29,2024-01-29,15284,6,2024-02-05,18568.0,TAKE_PROFIT,5,19471,0.2123
2024,139480,이마트,2024-01-29,2024-01-29,80981,1,2024-01-30,77023.0,STOP_LOSS,1,-4120,-0.0509
2024,015760,한국전력,2024-01-29,2024-01-29,19940,4,2024-02-20,23950.0,TAKE_PROFIT,14,15842,0.1986
2024,036460,한국가스공사,2024-01-29,2024-01-29,26326,3,2024-02-26,31600.0,TAKE_PROFIT,18,15624,0.1978
2024,088350,한화생명,2024-01-30,2024-01-30,3013,33,2024-02-05,3620.0,TAKE_PROFIT,4,19783,0.199
2024,000880,한화,2024-01-30,2024-01-30,32085,3,2024-02-02,38550.0,TAKE_PROFIT,3,19156,0.199
2024,003550,LG,2024-01-31,2024-01-31,82082,1,2024-02-19,98500.0,TAKE_PROFIT,11,16214,0.1975
2024,200880,서연이화,2024-02-02,2024-02-02,22472,4,2024-02-15,21379.0,STOP_LOSS,7,-4556,-0.0507
2024,267850,아시아나IDT,2024-02-05,2024-02-05,23273,4,2024-02-06,22128.0,STOP_LOSS,1,-4768,-0.0512
2024,010950,S-Oil,2024-02-05,2024-02-05,69870,1,2024-04-05,83900.0,TAKE_PROFIT,41,13856,0.1983
2024,042700,한미반도체,2024-02-06,2024-02-06,61061,1,2024-02-08,73300.0,TAKE_PROFIT,2,12087,0.1979
2024,039440,에스티아이,2024-02-08,2024-02-08,30530,3,2024-02-23,36650.0,TAKE_PROFIT,9,18130,0.1979
2024,094480,갤럭시아머니트리,2024-02-15,2024-02-15,10110,9,2024-02-23,9620.0,STOP_LOSS,6,-4590,-0.0504
2024,084690,대상홀딩스,2024-02-19,2024-02-19,11211,8,2024-02-20,10669.0,STOP_LOSS,1,-4515,-0.0503
2024,141080,리가켐바이오,2024-02-19,2024-02-19,53453,1,2024-03-06,64200.0,TAKE_PROFIT,11,10613,0.1986
2024,452260,한화갤러리아,2024-02-20,2024-02-20,1668,59,2024-02-22,1587.0,STOP_LOSS,2,-4932,-0.0501
2024,273060,와이즈버즈,2024-02-20,2024-02-20,7237,13,2024-02-29,6883.0,STOP_LOSS,7,-4792,-0.0509
2024,372170,윤성에프앤씨,2024-02-20,2024-02-20,94895,1,2024-03-05,90310.0,STOP_LOSS,9,-4776,-0.0503
2024,445090,에이직랜드,2024-02-22,2024-02-22,60060,1,2024-02-23,72100.0,TAKE_PROFIT,1,11890,0.198
2024,083310,엘오티베큠,2024-02-22,2024-02-22,23373,4,2024-02-23,22228.0,STOP_LOSS,1,-4770,-0.051
2024,000250,삼천당제약,2024-02-23,2024-02-23,73573,1,2024-02-27,70030.0,STOP_LOSS,2,-3691,-0.0502
2024,005950,이수화학,2024-02-26,2024-02-26,14224,6,2024-03-26,13536.0,STOP_LOSS,20,-4298,-0.0504
2024,079370,제우스,2024-02-26,2024-02-26,20571,4,2024-03-12,19580.0,STOP_LOSS,10,-4126,-0.0501
2024,298380,에이비엘바이오,2024-02-26,2024-02-26,23473,4,2024-03-06,28200.0,TAKE_PROFIT,6,18672,0.1989
2024,087010,펩트론,2024-02-26,2024-02-26,28666,3,2024-02-27,27273.0,STOP_LOSS,1,-4353,-0.0506
2024,090360,로보스타,2024-02-27,2024-02-27,35936,2,2024-02-29,34166.0,STOP_LOSS,2,-3684,-0.0513
2024,272210,한화시스템,2024-02-27,2024-02-27,17177,5,2024-04-16,16344.0,STOP_LOSS,33,-4340,-0.0505
2024,041020,폴라리스오피스,2024-02-29,2024-02-29,7948,12,2024-03-08,7562.0,STOP_LOSS,5,-4817,-0.0505
2024,013990,아가방컴퍼니,2024-02-29,2024-02-29,6456,15,2024-03-05,6144.0,STOP_LOSS,2,-4883,-0.0504
2024,010120,LS ELECTRIC,2024-03-05,2024-03-05,15576,6,2024-03-21,18700.0,TAKE_PROFIT,12,18514,0.1981
2024,117730,티로보틱스,2024-03-05,2024-03-05,21872,4,2024-03-06,20779.0,STOP_LOSS,1,-4546,-0.052
2024,356860,티엘비,2024-03-06,2024-03-06,13459,7,2024-03-11,12717.0,STOP_LOSS,3,-5377,-0.0571
2024,005290,동진쎄미켐,2024-03-06,2024-03-06,41541,2,2024-03-11,39011.0,STOP_LOSS,3,-5226,-0.0629
2024,388870,파로스아이바이오,2024-03-06,2024-03-06,15465,6,2024-03-22,18560.0,TAKE_PROFIT,12,18336,0.1976
2024,042670,HD현대인프라코어,2024-03-08,2024-03-08,8308,11,2024-03-11,7902.0,STOP_LOSS,1,-4652,-0.0509
2024,454910,두산로보틱스,2024-03-11,2024-03-11,89089,1,2024-04-01,84815.0,STOP_LOSS,15,-4453,-0.05
2024,058470,리노공업,2024-03-11,2024-03-11,48605,2,2024-03-13,46254.0,STOP_LOSS,2,-4897,-0.0504
2024,112040,위메이드,2024-03-11,2024-03-11,55055,1,2024-03-13,66100.0,TAKE_PROFIT,2,10908,0.1981
2024,004560,현대비앤지스틸,2024-03-12,2024-03-12,20921,4,2024-03-13,19910.0,STOP_LOSS,1,-4211,-0.0503
2024,067630,HLB생명과학,2024-03-13,2024-03-13,18377,5,2024-03-25,22100.0,TAKE_PROFIT,8,18384,0.2001
2024,335890,비올,2024-03-13,2024-03-13,8488,11,2024-03-15,10350.0,TAKE_PROFIT,2,20241,0.2168
2024,078150,HB테크놀러지,2024-03-13,2024-03-13,2447,40,2024-03-15,2328.0,STOP_LOSS,2,-4987,-0.0509
2024,304100,솔트룩스,2024-03-15,2024-03-15,29830,3,2024-03-18,28372.0,STOP_LOSS,1,-4554,-0.0509
2024,109610,에스와이,2024-03-15,2024-03-15,4850,20,2024-03-19,4560.0,STOP_LOSS,2,-5981,-0.0617
2024,264850,이랜시스,2024-03-19,2024-03-19,8709,11,2024-03-20,8282.0,STOP_LOSS,1,-4889,-0.051
2024,140670,알에스오토메이션,2024-03-19,2024-03-19,18076,5,2024-03-21,21700.0,TAKE_PROFIT,2,17893,0.198
2024,005930,삼성전자,2024-03-20,2024-03-20,76977,1,2024-08-05,73227.0,STOP_LOSS,93,-3905,-0.0507
2024,004830,덕성,2024-03-21,2024-03-21,10500,9,2024-03-26,9990.0,STOP_LOSS,3,-4784,-0.0506
2024,084370,유진테크,2024-03-21,2024-03-21,41491,2,2024-03-22,39460.0,STOP_LOSS,1,-4228,-0.051
2024,019170,신풍제약,2024-03-22,2024-03-22,16276,6,2024-03-25,19540.0,TAKE_PROFIT,1,19339,0.198
2024,048410,현대바이오,2024-03-22,2024-03-22,10777,9,2024-03-25,10260.0,STOP_LOSS,1,-4852,-0.05
2024,336570,원텍,2024-03-25,2024-03-25,9900,10,2024-03-27,9421.0,STOP_LOSS,2,-4992,-0.0504
2024,003580,HLB글로벌,2024-03-25,2024-03-25,8118,12,2024-04-02,7722.0,STOP_LOSS,6,-4945,-0.0508
2024,214450,파마리서치,2024-03-25,2024-03-25,98799,1,2024-04-05,118600.0,TAKE_PROFIT,9,19555,0.1979
2024,356680,엑스게이트,2024-03-26,2024-03-26,6787,14,2024-03-27,6454.0,STOP_LOSS,1,-4856,-0.0511
2024,089890,코세스,2024-03-26,2024-03-26,18569,5,2024-03-27,17672.0,STOP_LOSS,1,-4667,-0.0503
2024,003280,흥아해운,2024-03-27,2024-03-27,2918,34,2024-03-28,2777.0,STOP_LOSS,1,-4983,-0.0502
2024,064350,현대로템,2024-03-27,2024-03-27,34334,2,2024-04-09,41250.0,TAKE_PROFIT,9,13660,0.1989
2024,008930,한미사이언스,2024-03-28,2024-03-28,44394,2,2024-03-29,41908.0,STOP_LOSS,1,-5149,-0.058
2024,451760,컨텍,2024-03-28,2024-03-28,18759,5,2024-04-11,17852.0,STOP_LOSS,9,-4721,-0.0503
2024,080220,제주반도체,2024-03-29,2024-03-29,29529,3,2024-04-02,28072.0,STOP_LOSS,2,-4550,-0.0514
2024,112610,씨에스윈드,2024-04-01,2024-04-01,57157,1,2024-04-03,54346.0,STOP_LOSS,2,-2926,-0.0512
2024,102120,어보브반도체,2024-04-02,2024-04-02,18338,5,2024-04-03,17453.0,STOP_LOSS,1,-4613,-0.0503
2024,006360,GS건설,2024-04-03,2024-04-03,15646,6,2024-04-08,14895.0,STOP_LOSS,3,-4692,-0.05
2024,012510,더존비즈온,2024-04-04,2024-04-04,53353,1,2024-04-05,50749.0,STOP_LOSS,1,-2711,-0.0508
2024,036930,주성엔지니어링,2024-04-04,2024-04-04,37437,2,2024-04-09,35614.0,STOP_LOSS,3,-3796,-0.0507
2024,000880,한화,2024-04-08,2024-04-08,35389,2,2024-04-09,33666.0,STOP_LOSS,1,-3588,-0.0507
2024,049950,미래컴퍼니,2024-04-11,2024-04-11,32833,3,2024-04-12,31219.0,STOP_LOSS,1,-5040,-0.0512
2024,396470,워트,2024-04-11,2024-04-11,11381,8,2024-04-15,10829.0,STOP_LOSS,2,-4600,-0.0505
2024,053800,안랩,2024-04-12,2024-04-12,69269,1,2024-04-16,65534.0,STOP_LOSS,2,-3873,-0.0559
2024,229640,LS에코에너지,2024-04-12,2024-04-12,19059,5,2024-04-16,18142.0,STOP_LOSS,2,-4777,-0.0501
2024,206650,유바이오로직스,2024-04-15,2024-04-15,13914,7,2024-04-16,13237.0,STOP_LOSS,1,-4935,-0.0507
2024,200710,에이디테크놀로지,2024-04-15,2024-04-15,43694,2,2024-04-16,41558.0,STOP_LOSS,1,-4446,-0.0509
2024,110990,디아이티,2024-04-15,2024-04-15,22923,4,2024-04-16,21778.0,STOP_LOSS,1,-4762,-0.0519
2024,006220,제주은행,2024-04-16,2024-04-16,14785,6,2024-05-02,14066.0,STOP_LOSS,11,-4491,-0.0506
2024,065450,빅텍,2024-04-16,2024-04-16,5255,18,2024-04-17,4995.0,STOP_LOSS,1,-4874,-0.0515
2024,028050,삼성E&A,2024-04-16,2024-04-16,26176,3,2024-04-17,24875.0,STOP_LOSS,1,-4060,-0.0517
2024,440110,파두,2024-04-17,2024-04-17,20771,4,2024-04-19,19770.0,STOP_LOSS,2,-4169,-0.0502
2024,039440,에스티아이,2024-04-18,2024-04-18,42042,2,2024-04-19,40010.0,STOP_LOSS,1,-4233,-0.0503
2024,171090,선익시스템,2024-04-18,2024-04-18,42993,2,2024-04-19,40909.0,STOP_LOSS,1,-4340,-0.0505
2024,011200,HMM,2024-04-22,2024-04-22,16136,6,2024-04-23,15355.0,STOP_LOSS,1,-4883,-0.0504
2024,067080,대화제약,2024-04-22,2024-04-22,11562,8,2024-04-25,10979.0,STOP_LOSS,3,-4845,-0.0524
2024,402490,그린리소스,2024-04-22,2024-04-22,15525,6,2024-04-24,14775.0,STOP_LOSS,2,-4684,-0.0503
2024,030520,한컴,2024-04-23,2024-04-23,24825,4,2024-04-29,23626.0,STOP_LOSS,4,-4993,-0.0503
2024,138930,BNK금융지주,2024-04-23,2024-04-23,8278,12,2024-08-20,9940.0,TAKE_PROFIT,80,19693,0.1982
2024,195940,HK이노엔,2024-04-23,2024-04-23,40240,2,2024-04-25,38262.0,STOP_LOSS,2,-4118,-0.0512
2024,237820,플레이디,2024-04-24,2024-04-24,7357,13,2024-05-13,7003.0,STOP_LOSS,11,-4799,-0.0502
2024,047810,한국항공우주,2024-04-24,2024-04-24,52653,1,2024-07-02,50050.0,STOP_LOSS,45,-2708,-0.0514
2024,105560,KB금융,2024-04-26,2024-04-26,76076,1,2024-05-02,72428.0,STOP_LOSS,3,-3801,-0.05
2024,140670,알에스오토메이션,2024-04-26,2024-04-26,20603,4,2024-04-29,19610.0,STOP_LOSS,1,-4135,-0.0502
2024,086790,하나금융지주,2024-04-26,2024-04-26,60060,1,2024-05-02,57143.0,STOP_LOSS,3,-3038,-0.0506
2024,278470,에이피알,2024-04-29,2024-04-29,54054,1,2024-05-09,64900.0,TAKE_PROFIT,6,10711,0.1982
2024,204320,HL만도,2024-04-29,2024-04-29,38388,2,2024-05-17,36513.0,STOP_LOSS,11,-3904,-0.0508
2024,055550,신한지주,2024-04-29,2024-04-29,46897,2,2024-06-05,44605.0,STOP_LOSS,24,-4771,-0.0509
2024,039980,폴라리스AI,2024-05-02,2024-05-02,11444,8,2024-05-03,13740.0,TAKE_PROFIT,1,18139,0.1981
2024,317330,덕산테코피아,2024-05-02,2024-05-02,44544,2,2024-05-03,42408.0,STOP_LOSS,1,-4453,-0.05
2024,085670,뉴프렉스,2024-05-02,2024-05-02,8078,12,2024-05-16,7682.0,STOP_LOSS,8,-4943,-0.051
2024,090460,비에이치,2024-05-03,2024-05-03,20721,4,2024-05-29,24900.0,TAKE_PROFIT,16,16511,0.1992
2024,024910,경창산업,2024-05-03,2024-05-03,2833,35,2024-05-13,2677.0,STOP_LOSS,5,-5640,-0.0569
2024,335890,비올,2024-05-09,2024-05-09,11011,9,2024-05-13,10480.0,STOP_LOSS,2,-4982,-0.0503
2024,210980,SK디앤디,2024-05-14,2024-05-14,8997,11,2024-05-17,8496.0,STOP_LOSS,2,-5703,-0.0576
2024,051370,인터플렉스,2024-05-14,2024-05-14,15636,6,2024-06-11,14885.0,STOP_LOSS,18,-4691,-0.05
2024,030200,KT,2024-05-14,2024-05-14,36587,2,2024-10-18,43950.0,TAKE_PROFIT,104,14545,0.1988
2024,000100,유한양행,2024-05-16,2024-05-16,74074,1,2024-05-22,70430.0,STOP_LOSS,4,-3793,-0.0512
2024,351330,이삭엔지니어링,2024-05-17,2024-05-17,13013,7,2024-05-24,15620.0,TAKE_PROFIT,5,18022,0.1978
2024,079370,제우스,2024-05-17,2024-05-17,18669,5,2024-05-27,17772.0,STOP_LOSS,6,-4669,-0.05
2024,051980,중앙첨단소재,2024-05-22,2024-05-22,6016,16,2024-05-23,7220.0,TAKE_PROFIT,1,19024,0.1976
2024,041510,에스엠,2024-05-23,2024-05-23,90891,1,2024-05-29,86513.0,STOP_LOSS,4,-4560,-0.0502
2024,006110,삼아알미늄,2024-05-27,2024-05-27,81982,1,2024-06-24,78022.0,STOP_LOSS,19,-4124,-0.0503
2024,403870,HPSP,2024-05-28,2024-05-28,45245,2,2024-05-30,43007.0,STOP_LOSS,2,-4658,-0.0515
2024,036200,유니셈,2024-05-29,2024-05-29,11952,8,2024-05-30,11379.0,STOP_LOSS,1,-4778,-0.05
2024,003160,디아이,2024-05-31,2024-05-31,21021,4,2024-06-03,19980.0,STOP_LOSS,1,-4332,-0.0515
2024,032350,롯데관광개발,2024-05-31,2024-05-31,10851,9,2024-06-03,10330.0,STOP_LOSS,1,-4887,-0.05
2024,065450,빅텍,2024-06-03,2024-06-03,4905,20,2024-06-10,5890.0,TAKE_PROFIT,4,19458,0.1983
2024,253590,네오셈,2024-06-05,2024-06-05,11291,8,2024-06-11,10749.0,STOP_LOSS,3,-4518,-0.05
2024,101360,에코앤드림,2024-06-05,2024-06-05,35778,2,2024-06-07,42950.0,TAKE_PROFIT,1,14167,0.198
2024,002710,TCC스틸,2024-06-05,2024-06-05,54554,1,2024-06-25,51848.0,STOP_LOSS,13,-2816,-0.0516
2024,036930,주성엔지니어링,2024-06-07,2024-06-07,35535,2,2024-06-10,33816.0,STOP_LOSS,1,-3581,-0.0504
2024,204270,제이앤티씨,2024-06-10,2024-06-10,20170,4,2024-06-12,19201.0,STOP_LOSS,2,-4039,-0.0501
2024,457190,이수스페셜티케미컬,2024-06-10,2024-06-10,57658,1,2024-06-14,54845.0,STOP_LOSS,4,-2928,-0.0508
2024,009520,포스코엠텍,2024-06-11,2024-06-11,22573,4,2024-06-17,21478.0,STOP_LOSS,4,-4557,-0.0505
2024,073570,리튬포어스,2024-06-11,2024-06-11,25380,3,2024-06-12,24126.0,STOP_LOSS,1,-3916,-0.0514
2024,022100,포스코DX,2024-06-12,2024-06-12,41091,2,2024-06-21,39111.0,STOP_LOSS,7,-4125,-0.0502
2024,228760,지노믹트리,2024-06-12,2024-06-12,21822,4,2024-06-18,20729.0,STOP_LOSS,4,-4545,-0.0521
2024,166090,하나머티리얼즈,2024-06-14,2024-06-14,58859,1,2024-06-25,55944.0,STOP_LOSS,7,-3033,-0.0515
2024,064350,현대로템,2024-06-17,2024-06-17,42643,2,2024-06-18,40559.0,STOP_LOSS,1,-4337,-0.0509
2024,087260,모바일어플라이언스,2024-06-18,2024-06-18,3008,33,2024-06-21,2847.0,STOP_LOSS,3,-5506,-0.0555
2024,039440,에스티아이,2024-06-18,2024-06-18,37187,2,2024-07-10,35365.0,STOP_LOSS,16,-3794,-0.051
2024,017510,세명전기,2024-06-21,2024-06-21,5776,17,2024-06-25,5435.0,STOP_LOSS,2,-5995,-0.0611
2024,017670,SK텔레콤,2024-06-21,2024-06-21,52252,1,,,보유중,128,0,0.0
2024,017860,DS단석,2024-06-24,2024-06-24,40990,2,2024-07-02,39011.0,STOP_LOSS,6,-4123,-0.0503
2024,028300,HLB,2024-06-25,2024-06-25,72873,1,2024-06-26,69331.0,STOP_LOSS,1,-3688,-0.0506
2024,016360,삼성증권,2024-06-25,2024-06-25,38338,2,2024-07-17,46050.0,TAKE_PROFIT,16,15232,0.1987
2024,095610,테스,2024-06-26,2024-06-26,26526,3,2024-07-02,25225.0,STOP_LOSS,4,-4065,-0.0511
2024,078150,HB테크놀러지,2024-06-26,2024-06-26,3609,27,2024-07-09,4335.0,TAKE_PROFIT,9,19370,0.1988
2024,105560,KB금융,2024-07-02,2024-07-02,83283,1,2024-08-05,77323.0,STOP_LOSS,24,-6124,-0.0735
2024,439580,블루엠텍,2024-07-02,2024-07-02,5171,19,2024-07-04,4920.0,STOP_LOSS,2,-4974,-0.0506
2024,086790,하나금융지주,2024-07-02,2024-07-02,62963,1,2024-08-05,59440.0,STOP_LOSS,24,-3648,-0.0579
2024,335890,비올,2024-07-04,2024-07-04,11341,8,2024-07-10,10689.0,STOP_LOSS,4,-5397,-0.0595
2024,034020,두산에너빌리티,2024-07-09,2024-07-09,22272,4,2024-07-12,20779.0,STOP_LOSS,3,-6148,-0.069
2024,251270,넷마블,2024-07-10,2024-07-10,58258,1,2024-08-09,72000.0,TAKE_PROFIT,22,13593,0.2333
2024,010120,LS ELECTRIC,2024-07-10,2024-07-10,44945,2,2024-07-18,42757.0,STOP_LOSS,6,-4556,-0.0507
2024,241560,두산밥캣,2024-07-12,2024-07-12,54655,1,2024-07-15,51948.0,STOP_LOSS,1,-2816,-0.0515
2024,041190,우리기술투자,2024-07-15,2024-07-15,8508,11,2024-08-02,8092.0,STOP_LOSS,14,-4770,-0.051
2024,000720,현대건설,2024-07-17,2024-07-17,34484,2,2024-07-18,32817.0,STOP_LOSS,1,-3473,-0.0504
2024,035900,JYP Ent.,2024-07-18,2024-07-18,57958,1,2024-07-24,55145.0,STOP_LOSS,4,-2929,-0.0505
2024,039610,화성밸브,2024-07-19,2024-07-19,9289,10,2024-07-23,11150.0,TAKE_PROFIT,2,18376,0.1978
2024,082740,한화엔진,2024-07-23,2024-07-23,16917,5,2024-07-24,16104.0,STOP_LOSS,1,-4235,-0.0501
2024,002720,국제약품,2024-07-25,2024-07-25,6627,15,2024-07-26,6304.0,STOP_LOSS,1,-5043,-0.0507
2024,445680,큐리옥스바이오시스템즈,2024-07-26,2024-07-26,25783,3,2024-07-29,24525.0,STOP_LOSS,1,-3927,-0.0508
2024,232140,와이씨,2024-07-29,2024-07-29,18278,5,2024-07-30,17393.0,STOP_LOSS,1,-4612,-0.0505
2024,047810,한국항공우주,2024-07-29,2024-07-29,54655,1,2024-08-05,51948.0,STOP_LOSS,5,-2816,-0.0515
2024,004090,한국석유,2024-07-31,2024-07-31,20370,4,2024-08-05,24450.0,TAKE_PROFIT,3,16116,0.1978
2024,019170,신풍제약,2024-08-07,2024-08-07,12512,7,2024-08-12,15020.0,TAKE_PROFIT,3,17334,0.1979
2024,439580,블루엠텍,2024-08-09,2024-08-09,6233,15,2024-08-19,5934.0,STOP_LOSS,5,-4674,-0.05
2024,014710,사조씨푸드,2024-08-09,2024-08-09,7758,12,2024-08-13,7383.0,STOP_LOSS,2,-4688,-0.0504
2024,036460,한국가스공사,2024-08-12,2024-08-12,46246,2,2024-09-11,44006.0,STOP_LOSS,21,-4666,-0.0504
2024,453450,그리드위즈,2024-08-13,2024-08-13,33734,2,2024-08-16,31618.0,STOP_LOSS,2,-4364,-0.0647
2024,222080,SFA넥셀,2024-08-13,2024-08-13,10581,9,2024-09-04,9990.0,STOP_LOSS,15,-5505,-0.0578
2024,137400,피엔티,2024-08-13,2024-08-13,57858,1,2024-08-19,55045.0,STOP_LOSS,3,-2929,-0.0506
2024,452190,한빛레이저,2024-08-13,2024-08-13,4915,20,2024-08-14,4650.0,STOP_LOSS,1,-5487,-0.0558
2024,028300,HLB,2024-08-13,2024-08-13,84785,1,2024-10-10,80619.0,STOP_LOSS,35,-4335,-0.0511
2024,024840,KBI메탈,2024-08-14,2024-08-14,3068,32,2024-08-23,2872.0,STOP_LOSS,6,-6464,-0.0658
2024,462510,라메디텍,2024-08-16,2024-08-16,14114,7,2024-08-19,13437.0,STOP_LOSS,1,-4941,-0.05
2024,003220,대원제약,2024-08-19,2024-08-19,17848,5,2024-08-20,16983.0,STOP_LOSS,1,-4503,-0.0505
2024,457190,이수스페셜티케미컬,2024-08-19,2024-08-19,40290,2,2024-08-20,48350.0,TAKE_PROFIT,1,15919,0.1976
2024,033230,인성정보,2024-08-19,2024-08-19,2563,38,2024-08-21,2438.0,STOP_LOSS,2,-4945,-0.0508
2024,039980,폴라리스AI,2024-08-20,2024-08-20,14349,6,2024-08-21,13656.0,STOP_LOSS,1,-4329,-0.0503
2024,024900,디와이덕양,2024-08-20,2024-08-20,4249,23,2024-08-23,4041.0,STOP_LOSS,3,-4987,-0.051
2024,271560,오리온,2024-08-20,2024-08-20,93694,1,2024-09-04,87912.0,STOP_LOSS,11,-5967,-0.0637
2024,086790,하나금융지주,2024-08-21,2024-08-21,65566,1,2024-08-29,62338.0,STOP_LOSS,6,-3359,-0.0512
2024,001250,GS글로벌,2024-08-22,2024-08-22,3939,25,2024-08-23,3746.0,STOP_LOSS,1,-5015,-0.0509
2024,199820,제일일렉트릭,2024-08-23,2024-08-23,7998,12,2024-08-28,7612.0,STOP_LOSS,3,-4820,-0.0502
2024,006660,삼성공조,2024-08-26,2024-08-26,14304,6,2024-08-29,13616.0,STOP_LOSS,3,-4300,-0.0501
2024,356680,엑스게이트,2024-08-26,2024-08-26,4655,21,2024-08-29,4431.0,STOP_LOSS,3,-4902,-0.0501
2024,378340,필에너지,2024-08-28,2024-08-28,16967,5,2024-09-03,20400.0,TAKE_PROFIT,4,16954,0.1998
2024,450080,에코프로머티,2024-08-29,2024-08-29,89790,1,2024-09-20,107800.0,TAKE_PROFIT,13,17787,0.1981
2024,464080,에스오에스랩,2024-08-29,2024-08-29,6587,15,2024-09-04,7910.0,TAKE_PROFIT,4,19605,0.1984
2024,145170,노브랜드,2024-08-30,2024-08-30,8973,11,2024-09-04,8541.0,STOP_LOSS,3,-4945,-0.0501
2024,094480,갤럭시아머니트리,2024-09-03,2024-09-03,9610,10,2024-09-04,9141.0,STOP_LOSS,1,-4880,-0.0508
2024,130660,한전산업,2024-09-04,2024-09-04,15746,6,2024-09-05,14955.0,STOP_LOSS,1,-4933,-0.0522
2024,048870,시너지이노베이션,2024-09-04,2024-09-04,3173,31,2024-09-11,3017.0,STOP_LOSS,5,-5039,-0.0512
2024,451250,삐아,2024-09-06,2024-09-06,14454,6,2024-09-10,13756.0,STOP_LOSS,2,-4363,-0.0503
2024,161580,필옵틱스,2024-09-11,2024-09-11,18919,5,2024-09-20,18002.0,STOP_LOSS,4,-4774,-0.0505
2024,018290,브이티,2024-09-12,2024-09-12,35235,2,2024-09-25,33516.0,STOP_LOSS,6,-3579,-0.0508
2024,214260,라파스,2024-09-13,2024-09-13,22172,4,2024-09-19,21079.0,STOP_LOSS,1,-4551,-0.0513
2024,336570,원텍,2024-09-13,2024-09-13,6947,14,2024-10-08,6613.0,STOP_LOSS,12,-4865,-0.05
2024,034020,두산에너빌리티,2024-09-19,2024-09-19,18729,5,2024-09-24,17822.0,STOP_LOSS,3,-4721,-0.0504
2024,257720,실리콘투,2024-09-19,2024-09-19,45495,2,2024-09-30,43307.0,STOP_LOSS,7,-4560,-0.0501
2024,112610,씨에스윈드,2024-09-19,2024-09-19,69069,1,2024-10-02,65734.0,STOP_LOSS,8,-3473,-0.0503
2024,064350,현대로템,2024-09-20,2024-09-20,56156,1,2024-09-27,53446.0,STOP_LOSS,5,-2822,-0.0503
2024,024060,흥구석유,2024-09-20,2024-09-20,16567,6,2024-10-02,19880.0,TAKE_PROFIT,7,19633,0.1975
2024,086520,에코프로,2024-09-24,2024-09-24,90290,1,2024-10-14,85015.0,STOP_LOSS,11,-5455,-0.0604
2024,383310,에코프로에이치엔,2024-09-25,2024-09-25,48763,2,2024-10-04,58600.0,TAKE_PROFIT,5,19431,0.1992
2024,058850,KTcs,2024-09-27,2024-09-27,2948,33,2024-09-30,3540.0,TAKE_PROFIT,1,19295,0.1983
2024,084650,랩지노믹스,2024-09-30,2024-09-30,16642,5,2024-10-11,15834.0,STOP_LOSS,6,-4204,-0.0505
2024,337930,젝시믹스,2024-09-30,2024-09-30,12452,7,2024-10-07,11848.0,STOP_LOSS,3,-4405,-0.0505
2024,001440,대한전선,2024-10-04,2024-10-04,13293,7,2024-10-08,12647.0,STOP_LOSS,2,-4708,-0.0506
2024,225190,LK삼양,2024-10-04,2024-10-04,1984,50,2024-10-08,2385.0,TAKE_PROFIT,2,19786,0.1994
2024,051980,중앙첨단소재,2024-10-07,2024-10-07,12202,8,2024-10-10,14650.0,TAKE_PROFIT,2,19339,0.1981
2024,462870,시프트업,2024-10-07,2024-10-07,64564,1,2024-10-08,61438.0,STOP_LOSS,1,-3255,-0.0504
2024,105560,KB금융,2024-10-08,2024-10-08,89489,1,2024-12-06,84815.0,STOP_LOSS,42,-4853,-0.0542
2024,298380,에이비엘바이오,2024-10-08,2024-10-08,33934,2,2024-10-11,40750.0,TAKE_PROFIT,2,13463,0.1984
2024,035900,JYP Ent.,2024-10-08,2024-10-08,51852,1,2024-10-28,49351.0,STOP_LOSS,13,-2605,-0.0502
2024,035720,카카오,2024-10-08,2024-10-08,37037,2,2024-11-08,35215.0,STOP_LOSS,22,-3793,-0.0512
2024,009420,한올바이오파마,2024-10-10,2024-10-10,42743,2,2024-10-22,51300.0,TAKE_PROFIT,8,16902,0.1977
2024,039200,오스코텍,2024-10-10,2024-10-10,38989,2,2024-10-23,37113.0,STOP_LOSS,9,-3909,-0.0501
2024,255220,SG,2024-10-11,2024-10-11,2679,37,2024-10-14,2547.0,STOP_LOSS,1,-5077,-0.0512
2024,055550,신한지주,2024-10-11,2024-10-11,57557,1,2024-10-30,54745.0,STOP_LOSS,13,-2928,-0.0509
2024,316140,우리금융지주,2024-10-14,2024-10-14,16557,6,2024-10-30,15754.0,STOP_LOSS,12,-5013,-0.0505
2024,086790,하나금융지주,2024-10-14,2024-10-14,63864,1,2024-10-31,60739.0,STOP_LOSS,13,-3253,-0.0509
2024,241560,두산밥캣,2024-10-18,2024-10-18,43043,2,2024-10-22,40959.0,STOP_LOSS,2,-4341,-0.0504
2024,272210,한화시스템,2024-10-22,2024-10-22,19319,5,2024-10-31,18392.0,STOP_LOSS,7,-4832,-0.05
2024,388050,지투파워,2024-10-23,2024-10-23,7007,14,2024-10-24,6643.0,STOP_LOSS,1,-5287,-0.0539
2024,015760,한국전력,2024-10-24,2024-10-24,23073,4,2024-11-08,21928.0,STOP_LOSS,11,-4765,-0.0516
2024,000080,하이트진로,2024-10-24,2024-10-24,21221,4,2024-11-05,20180.0,STOP_LOSS,8,-4336,-0.0511
2024,163730,핑거,2024-10-29,2024-10-29,12643,7,2024-10-31,12028.0,STOP_LOSS,2,-4480,-0.0506
2024,012510,더존비즈온,2024-10-30,2024-10-30,58959,1,2024-11-04,56044.0,STOP_LOSS,3,-3033,-0.0514
2024,140430,카티스,2024-10-31,2024-10-31,6758,14,2024-11-01,6434.0,STOP_LOSS,1,-4736,-0.0501
2024,200710,에이디테크놀로지,2024-11-01,2024-11-01,19039,5,2024-11-06,18122.0,STOP_LOSS,3,-4777,-0.0502
2024,011200,HMM,2024-11-04,2024-11-04,17878,5,2024-11-06,17013.0,STOP_LOSS,2,-4504,-0.0504
2024,222080,SFA넥셀,2024-11-05,2024-11-05,11271,8,2024-11-06,10729.0,STOP_LOSS,1,-4517,-0.0501
2024,161390,한국타이어앤테크놀로지,2024-11-05,2024-11-05,39439,2,2024-11-08,37512.0,STOP_LOSS,3,-4012,-0.0509
2024,062040,산일전기,2024-11-06,2024-11-06,54354,1,2024-11-11,65300.0,TAKE_PROFIT,3,10810,0.1989
2024,094480,갤럭시아머니트리,2024-11-06,2024-11-06,9810,10,2024-11-07,9331.0,STOP_LOSS,1,-4988,-0.0508
2024,000670,영풍,2024-11-06,2024-11-06,42022,2,2024-11-12,50500.0,TAKE_PROFIT,4,16746,0.1993
2024,042660,한화오션,2024-11-07,2024-11-07,33884,2,2024-11-15,40700.0,TAKE_PROFIT,6,13463,0.1987
2024,010140,삼성중공업,2024-11-07,2024-11-07,10841,9,2024-12-09,10290.0,STOP_LOSS,22,-5155,-0.0528
2024,439090,마녀공장,2024-11-07,2024-11-07,21221,4,2024-11-08,20180.0,STOP_LOSS,1,-4336,-0.0511
2024,018290,브이티,2024-11-08,2024-11-08,34885,2,2024-11-11,33167.0,STOP_LOSS,1,-3576,-0.0513
2024,073570,리튬포어스,2024-11-08,2024-11-08,10860,9,2024-11-12,10190.0,STOP_LOSS,2,-6229,-0.0637
2024,378340,필에너지,2024-11-12,2024-11-12,20721,4,2024-11-13,19720.0,STOP_LOSS,1,-4168,-0.0503
2024,178320,서진시스템,2024-11-12,2024-11-12,30080,3,2024-11-13,28621.0,STOP_LOSS,1,-4557,-0.0505
2024,160190,하이젠알앤엠,2024-11-12,2024-11-12,8959,11,2024-11-13,8521.0,STOP_LOSS,1,-5010,-0.0508
2024,042000,카페24,2024-11-12,2024-11-12,28879,3,2024-11-13,27472.0,STOP_LOSS,1,-4393,-0.0507
2024,328130,루닛,2024-11-12,2024-11-12,19613,5,2024-11-18,25500.0,TAKE_PROFIT,4,29170,0.2975
2024,199820,제일일렉트릭,2024-11-13,2024-11-13,10260,9,2024-11-28,9760.0,STOP_LOSS,11,-4685,-0.0507
2024,041020,폴라리스오피스,2024-11-15,2024-11-15,5405,18,2024-11-27,6490.0,TAKE_PROFIT,8,19280,0.1982
2024,065350,신성델타테크,2024-11-18,2024-11-18,49249,2,2024-11-22,59100.0,TAKE_PROFIT,4,19456,0.1975
2024,036460,한국가스공사,2024-11-18,2024-11-18,42142,2,2024-12-02,40110.0,STOP_LOSS,10,-4234,-0.0502
2024,108860,셀바스AI,2024-11-18,2024-11-18,11381,8,2024-11-26,14100.0,TAKE_PROFIT,6,21515,0.2363
2024,299660,셀리드,2024-11-18,2024-11-18,5014,19,2024-11-19,4770.0,STOP_LOSS,1,-4830,-0.0507
2024,298830,슈어소프트테크,2024-11-18,2024-11-18,5265,18,2024-11-21,5005.0,STOP_LOSS,3,-4875,-0.0514
2024,064350,현대로템,2024-11-19,2024-11-19,66466,1,2024-11-21,63237.0,STOP_LOSS,2,-3363,-0.0506
2024,039610,화성밸브,2024-11-22,2024-11-22,11672,8,2024-11-28,11109.0,STOP_LOSS,4,-4690,-0.0502
2024,066570,LG전자,2024-11-22,2024-11-22,93393,1,2024-12-02,88911.0,STOP_LOSS,6,-4670,-0.05
2024,443670,에스피소프트,2024-11-25,2024-11-25,8609,11,2024-12-04,8192.0,STOP_LOSS,7,-4775,-0.0504
2024,042670,HD현대인프라코어,2024-11-26,2024-11-26,7798,12,2024-12-02,7423.0,STOP_LOSS,4,-4690,-0.0501
2024,035720,카카오,2024-11-27,2024-11-27,38388,2,2024-12-04,46100.0,TAKE_PROFIT,5,15232,0.1984
2024,356680,엑스게이트,2024-12-02,2024-12-02,6066,16,2024-12-03,5774.0,STOP_LOSS,1,-4864,-0.0501
2024,377300,카카오페이,2024-12-02,2024-12-02,26827,3,2024-12-04,32200.0,TAKE_PROFIT,2,15919,0.1978
2024,376930,노을,2024-12-02,2024-12-02,14343,6,2024-12-04,17220.0,TAKE_PROFIT,2,17047,0.1981
2024,323410,카카오뱅크,2024-12-02,2024-12-02,23373,4,2024-12-06,22228.0,STOP_LOSS,4,-4770,-0.051
2024,241560,두산밥캣,2024-12-03,2024-12-03,43393,2,2024-12-05,41309.0,STOP_LOSS,2,-4344,-0.05
2024,139480,이마트,2024-12-03,2024-12-03,66867,1,2024-12-06,63636.0,STOP_LOSS,3,-3365,-0.0503
2024,228760,지노믹트리,2024-12-04,2024-12-04,18338,5,2024-12-12,22050.0,TAKE_PROFIT,6,18330,0.1999
2024,278470,에이피알,2024-12-05,2024-12-05,53654,1,2024-12-06,51049.0,STOP_LOSS,1,-2712,-0.0506
2024,004020,현대제철,2024-12-10,2024-12-10,22723,4,2024-12-12,21628.0,STOP_LOSS,2,-4560,-0.0502
2024,302440,SK바이오사이언스,2024-12-11,2024-12-11,57557,1,2024-12-12,54745.0,STOP_LOSS,1,-2928,-0.0509
2024,214610,롤링스톤,2024-12-11,2024-12-11,18859,5,2024-12-12,17952.0,STOP_LOSS,1,-4725,-0.0501
2024,317330,덕산테코피아,2024-12-12,2024-12-12,35435,2,2024-12-13,33716.0,STOP_LOSS,1,-3580,-0.0505
2024,178320,서진시스템,2024-12-12,2024-12-12,30030,3,2024-12-17,28571.0,STOP_LOSS,3,-4556,-0.0506
2024,148150,세경하이테크,2024-12-12,2024-12-12,7728,12,2024-12-19,9280.0,TAKE_PROFIT,5,18396,0.1984
2024,257720,실리콘투,2024-12-13,2024-12-13,30130,3,2024-12-19,28571.0,STOP_LOSS,4,-4857,-0.0537
2024,010120,LS ELECTRIC,2024-12-13,2024-12-13,31491,3,2024-12-20,29970.0,STOP_LOSS,5,-4754,-0.0503
2024,103590,일진전기,2024-12-13,2024-12-13,25776,3,,,보유중,10,0,0.0
2024,462870,시프트업,2024-12-13,2024-12-13,63163,1,2024-12-16,60040.0,STOP_LOSS,1,-3250,-0.0515
2024,166480,코아스템켐온,2024-12-13,2024-12-13,12291,8,2024-12-18,8824.0,STOP_LOSS,3,-27888,-0.2836
2024,001440,대한전선,2024-12-16,2024-12-16,12052,8,2024-12-19,11419.0,STOP_LOSS,3,-5260,-0.0546
2024,042700,한미반도체,2024-12-17,2024-12-17,86787,1,2024-12-19,82118.0,STOP_LOSS,2,-4842,-0.0558
2024,138610,나이벡,2024-12-17,2024-12-17,17668,5,2024-12-19,16783.0,STOP_LOSS,2,-4599,-0.0521
2024,000520,삼일제약,2024-12-17,2024-12-17,14194,7,2024-12-19,13257.0,STOP_LOSS,2,-6758,-0.068
2024,321820,아티스트컴퍼니,2024-12-18,2024-12-18,20020,4,2024-12-19,18931.0,STOP_LOSS,1,-4515,-0.0564
2024,333430,일승,2024-12-20,2024-12-20,4595,21,2024-12-24,4371.0,STOP_LOSS,2,-4897,-0.0508
2024,389470,인벤티지랩,2024-12-20,2024-12-20,17437,5,2024-12-30,20950.0,TAKE_PROFIT,5,17346,0.1989
2024,232140,와이씨,2024-12-23,2024-12-23,10741,9,2024-12-30,10200.0,STOP_LOSS,4,-5062,-0.0524
2024,007660,이수페타시스,2024-12-24,2024-12-24,26966,3,,,보유중,3,0,0.0
2024,033100,제룡전기,2024-12-24,2024-12-24,47447,2,2024-12-27,45155.0,STOP_LOSS,2,-4776,-0.0503
2024,042660,한화오션,2024-12-26,2024-12-26,37788,2,,,보유중,2,0,0.0
2024,160190,하이젠알앤엠,2024-12-26,2024-12-26,12773,7,2024-12-27,12158.0,STOP_LOSS,1,-4484,-0.0501
2024,115450,HLB테라퓨틱스,2024-12-26,2024-12-26,10485,9,,,보유중,2,0,0.0
2024,437730,삼현,2024-12-27,2024-12-27,9019,11,,,보유중,1,0,0.0
2024,466100,클로봇,2024-12-27,2024-12-27,7888,12,,,보유중,1,0,0.0
2024,003160,디아이,2024-12-27,2024-12-27,13834,7,,,보유중,1,0,0.0
2024,009420,한올바이오파마,2024-12-30,2024-12-30,38689,2,,,보유중,0,0,0.0
