구간,연도,주체,거래수,비중,익절비율,평균수익률,합계손익
포함5일,2023,개인,37,22%,24%,+0.97%,42788
포함5일,2023,기관,59,35%,27%,+1.58%,96364
포함5일,2023,외국인,74,44%,28%,+2.15%,129550
포함5일,2024,개인,73,24%,21%,-0.06%,-7678
포함5일,2024,기관,89,29%,22%,+0.48%,36600
포함5일,2024,외국인,144,47%,22%,+0.27%,12725
포함5일,합계,개인,110,23%,22%,+0.29%,35110
포함5일,합계,기관,148,31%,24%,+0.92%,132964
포함5일,합계,외국인,218,46%,24%,+0.90%,142275
전일5일,2023,개인,61,36%,25%,+1.12%,69775
전일5일,2023,기관,44,26%,23%,+0.46%,28734
전일5일,2023,외국인,65,38%,32%,+3.07%,170193
전일5일,2024,개인,108,35%,21%,-0.06%,-16579
전일5일,2024,기관,71,23%,24%,+0.89%,49840
전일5일,2024,외국인,127,42%,21%,+0.16%,8386
전일5일,합계,개인,169,36%,22%,+0.36%,53196
전일5일,합계,기관,115,24%,23%,+0.72%,78574
전일5일,합계,외국인,192,40%,25%,+1.15%,178579
이후5일,2023,개인,70,42%,16%,-1.22%,-64084
이후5일,2023,기관,39,23%,31%,+2.60%,98911
이후5일,2023,외국인,59,35%,39%,+4.78%,243637
이후5일,2024,개인,126,41%,12%,-2.46%,-266237
이후5일,2024,기관,98,32%,34%,+3.42%,281606
이후5일,2024,외국인,82,27%,23%,+0.62%,26278
이후5일,합계,개인,196,41%,13%,-2.02%,-330321
이후5일,합계,기관,137,29%,33%,+3.19%,380517
이후5일,합계,외국인,141,30%,30%,+2.36%,269915
