연도,종목코드,종목명,급등일,매수일,매수가,수량,매도일,매도가,사유,보유일,손익,수익률,포함5일_기관(억),포함5일_외국인(억),포함5일_개인(억),포함5일_주체,포함5일_쌍끌이,전일5일_기관(억),전일5일_외국인(억),전일5일_개인(억),전일5일_주체,전일5일_쌍끌이,이후5일_기관(억),이후5일_외국인(억),이후5일_개인(억),이후5일_주체,이후5일_쌍끌이
2023,293490,카카오게임즈,2023-01-03,2023-01-03,45495,2,2023-01-06,43307.0,STOP_LOSS,3,-4577,-0.0503,58.01,-46.24,-25.79,기관,False,103.57,-25.65,-91.43,기관,False,-97.94,-143.96,236.52,개인,False
2023,058610,에스피지,2023-01-03,2023-01-03,17618,5,2023-01-26,21150.0,TAKE_PROFIT,15,17421,0.1978,26.82,18.1,-44.76,기관,True,5.3,7.64,-13.92,외국인,True,20.17,5.97,-28.66,기관,True
2023,067000,조이시티,2023-01-04,2023-01-04,4805,20,2023-01-06,4570.0,STOP_LOSS,2,-4898,-0.051,-6.53,-5.6,13.46,개인,False,-20.57,-5.45,26.53,개인,False,-1.26,2.96,-3.09,외국인,False
2023,377030,비트맥스,2023-01-04,2023-01-04,46754,2,2023-01-06,44505.0,STOP_LOSS,2,-4703,-0.0503,-22.06,37.97,-12.93,외국인,False,-0.11,-2.95,3.51,개인,False,1.76,-24.66,20.89,개인,False
2023,053690,한미글로벌,2023-01-05,2023-01-05,33433,2,2023-01-06,31119.0,STOP_LOSS,1,-4773,-0.0714,-4.94,-82.58,89.24,개인,False,2.34,27.42,-28.75,외국인,True,6.13,-24.86,22.05,개인,False
2023,105560,KB금융,2023-01-05,2023-01-05,53954,1,2023-02-15,51349.0,STOP_LOSS,27,-2724,-0.0505,-35.84,523.63,-482.35,외국인,False,-366.58,251.4,109.43,외국인,False,653.02,491.73,-1124.95,기관,True
2023,010780,아이에스동서,2023-01-05,2023-01-05,32783,3,2023-02-17,40000.0,TAKE_PROFIT,29,21379,0.2174,-27.14,-65.0,85.24,개인,False,-32.93,-5.77,38.4,개인,False,17.35,1.5,-19.3,기관,True
2023,151860,KG에코솔루션,2023-01-05,2023-01-05,10761,9,2023-02-06,12920.0,TAKE_PROFIT,20,19169,0.1979,0.54,-16.9,15.5,개인,False,-0.04,1.65,-1.55,외국인,False,-0.51,3.05,-1.76,외국인,False
2023,000660,SK하이닉스,2023-01-06,2023-01-06,83183,1,2023-03-15,79121.0,STOP_LOSS,45,-4245,-0.051,2247.42,479.12,-2783.96,기관,True,1282.48,398.1,-1718.93,기관,True,-869.56,3263.55,-2328.86,외국인,False
2023,215100,로보로보,2023-01-06,2023-01-06,7017,14,2023-03-13,6673.0,STOP_LOSS,43,-5027,-0.0512,-4.32,14.96,-11.74,외국인,False,-5.57,-5.9,11.16,개인,False,-1.31,-11.77,14.56,개인,False
2023,028050,삼성E&A,2023-01-06,2023-01-06,23624,4,2023-02-17,28350.0,TAKE_PROFIT,28,18648,0.1973,113.82,-41.78,-73.38,기관,False,35.62,-80.14,43.42,개인,False,26.94,76.5,-100.7,외국인,True
2023,052690,한전기술,2023-01-06,2023-01-06,59259,1,2023-03-09,71200.0,TAKE_PROFIT,41,11779,0.1988,52.57,47.82,-101.59,기관,True,18.17,50.91,-69.1,외국인,True,-0.26,107.49,-194.44,외국인,False
2023,005930,삼성전자,2023-01-09,2023-01-09,60761,1,2023-06-29,73100.0,TAKE_PROFIT,116,12173,0.2003,-430.18,7228.23,-6867.21,외국인,False,-2278.5,5033.95,-2837.03,외국인,False,984.38,2998.3,-4042.16,외국인,True
2023,035720,카카오,2023-01-09,2023-01-09,61161,1,2023-03-10,57842.0,STOP_LOSS,41,-3453,-0.0564,1542.32,409.89,-1948.35,기관,True,858.62,252.35,-1098.07,기관,True,755.32,-87.34,-662.44,기관,False
2023,064350,현대로템,2023-01-26,2023-01-26,29329,3,2023-01-30,27922.0,STOP_LOSS,2,-4415,-0.0502,-15.96,-56.65,54.92,개인,False,-177.01,-121.88,301.3,개인,False,-576.92,179.06,419.88,개인,False
2023,001570,금양,2023-01-30,2023-01-30,26226,3,2023-02-15,31500.0,TAKE_PROFIT,12,15606,0.1984,26.8,109.07,-158.31,외국인,True,14.59,67.26,-102.0,외국인,True,-19.4,94.99,-77.71,외국인,False
2023,005950,이수화학,2023-02-06,2023-02-06,10561,9,2023-02-13,10050.0,STOP_LOSS,5,-4804,-0.0505,1.78,7.99,-10.51,외국인,True,0.21,-2.66,2.18,개인,False,6.97,-17.23,9.03,개인,False
2023,042670,HD현대인프라코어,2023-02-13,2023-02-13,8218,12,2023-03-13,7822.0,STOP_LOSS,19,-4969,-0.0504,,,,,,,,,,,,,,,
2023,298870,우리벤처파트너스,2023-02-15,2023-02-15,3694,26,2023-02-20,3516.0,STOP_LOSS,3,-4818,-0.0502,,,,,,,,,,,,,,,
2023,036890,진성티이씨,2023-02-20,2023-02-20,13383,7,2023-02-22,12737.0,STOP_LOSS,2,-4729,-0.0505,41.62,-15.92,-25.64,기관,False,28.09,11.12,-38.96,기관,True,-19.2,-5.43,23.21,개인,False
2023,002900,TYM,2023-02-20,2023-02-20,9276,10,2023-03-08,8821.0,STOP_LOSS,11,-4749,-0.0512,-25.37,86.51,-96.63,외국인,False,-3.29,124.16,-118.77,외국인,False,14.8,146.65,-163.68,외국인,True
2023,047050,포스코인터내셔널,2023-02-22,2023-02-22,24074,4,2023-02-28,22877.0,STOP_LOSS,4,-4999,-0.0519,136.43,-8.14,-124.53,기관,False,68.52,-17.94,-49.65,기관,False,-38.57,-25.15,60.85,개인,False
2023,267270,HD건설기계,2023-02-22,2023-02-22,59960,1,2023-02-23,57043.0,STOP_LOSS,1,-3049,-0.0508,115.11,47.75,-154.3,기관,True,70.38,31.93,-91.0,기관,True,-25.79,54.49,-28.32,외국인,False
2023,086960,MDS테크,2023-02-23,2023-02-23,6675,14,2023-02-24,8020.0,TAKE_PROFIT,1,18573,0.1987,1.29,-23.91,7.28,개인,False,6.43,-8.32,-2.37,기관,False,2.5,18.4,-7.25,외국인,True
2023,001450,현대해상,2023-02-23,2023-02-23,33884,2,2023-04-06,32218.0,STOP_LOSS,29,-3481,-0.0514,65.93,108.69,-171.63,외국인,True,-36.91,52.43,-15.47,외국인,False,-108.69,154.09,-46.07,외국인,False
2023,101670,하이드로리튬,2023-02-24,2023-02-24,22472,4,2023-03-07,27000.0,TAKE_PROFIT,6,17865,0.1987,8.98,60.4,-71.1,외국인,True,-3.17,-15.58,18.06,개인,False,-4.7,-53.68,45.01,개인,False
2023,270520,앱튼,2023-02-28,2023-02-28,14891,6,2023-03-02,17870.0,TAKE_PROFIT,1,17632,0.1974,6.69,84.93,-94.43,외국인,True,3.89,68.38,-79.41,외국인,True,-11.28,-43.73,78.9,개인,False
2023,388720,유일로보틱스,2023-03-02,2023-03-02,27878,3,2023-03-17,33500.0,TAKE_PROFIT,11,16638,0.1989,-0.11,1.85,-2.13,외국인,False,-0.51,3.85,-2.75,외국인,False,-2.83,0.28,3.51,개인,False
2023,091990,셀트리온헬스케어,2023-03-07,2023-03-07,62863,1,2023-03-13,59840.0,STOP_LOSS,4,-3161,-0.0503,,,,,,,,,,,,,,,
2023,205470,휴마시스,2023-03-08,2023-03-08,22493,4,2023-03-13,27000.0,TAKE_PROFIT,3,17783,0.1976,71.39,56.95,-132.6,기관,True,1.08,66.39,-78.84,외국인,True,-4.17,-3.7,71.71,개인,False
2023,290670,대보마그네틱,2023-03-09,2023-03-09,73073,1,2023-03-10,69530.0,STOP_LOSS,1,-3703,-0.0507,10.06,52.0,-58.95,외국인,True,-25.77,11.02,14.79,개인,False,-190.55,-4.24,196.84,개인,False
2023,078890,가온그룹,2023-03-15,2023-03-15,10010,9,2023-03-16,9520.0,STOP_LOSS,1,-4604,-0.0511,6.22,8.34,-11.78,외국인,True,7.32,-3.5,-4.16,기관,False,2.03,-2.74,1.33,기관,False
2023,036540,SFA반도체,2023-03-17,2023-03-17,4880,20,2023-03-23,4645.0,STOP_LOSS,4,-4905,-0.0503,-11.95,-19.14,33.29,개인,False,-17.9,-57.33,77.02,개인,False,15.78,-33.89,20.25,개인,False
2023,033780,KT&G,2023-03-17,2023-03-17,91892,1,2023-03-24,87213.0,STOP_LOSS,5,-4880,-0.0531,127.99,69.16,-195.85,기관,True,79.45,-75.14,0.47,기관,False,-10.06,-3.46,11.66,개인,False
2023,377480,마음AI,2023-03-17,2023-03-17,27527,3,2023-03-20,26174.0,STOP_LOSS,1,-4242,-0.0514,11.1,37.5,-50.19,외국인,True,13.93,9.22,-19.98,기관,True,-40.2,-38.87,70.4,개인,False
2023,217500,러셀,2023-03-17,2023-03-17,4124,24,2023-03-20,3926.0,STOP_LOSS,1,-4971,-0.0502,0.02,12.77,-12.12,외국인,True,0.0,10.61,-9.95,외국인,False,-0.02,9.03,-8.49,외국인,False
2023,240810,원익IPS,2023-03-17,2023-03-17,34284,2,2023-03-20,32617.0,STOP_LOSS,1,-3484,-0.0508,83.77,39.95,-123.64,기관,True,14.85,15.54,-31.23,외국인,True,54.07,-128.94,73.89,개인,False
2023,017670,SK텔레콤,2023-03-20,2023-03-20,47698,2,2023-07-05,45405.0,STOP_LOSS,73,-4796,-0.0503,29.24,299.79,-323.01,외국인,True,15.73,206.52,-217.09,외국인,True,-30.53,360.48,-329.05,외국인,False
2023,018470,조일알미늄,2023-03-21,2023-03-21,12112,8,2023-03-22,14540.0,TAKE_PROFIT,1,19159,0.1977,110.12,158.22,-268.41,외국인,True,21.66,105.89,-128.54,외국인,True,313.26,196.49,-494.49,기관,True
2023,071670,에이테크솔루션,2023-03-23,2023-03-23,14154,7,2023-03-28,13467.0,STOP_LOSS,3,-5031,-0.0508,0.88,-9.46,8.51,개인,False,-0.01,0.54,-0.65,외국인,False,-0.45,13.01,10.07,외국인,False
2023,036930,주성엔지니어링,2023-03-23,2023-03-23,12793,7,2023-03-24,15360.0,TAKE_PROFIT,1,17726,0.1979,68.22,68.13,-135.63,기관,True,51.25,44.85,-96.45,기관,True,209.77,-180.38,-93.28,기관,False
2023,353200,대덕전자,2023-03-24,2023-03-24,23724,4,2023-04-06,22577.0,STOP_LOSS,9,-4794,-0.0505,66.84,-20.1,-50.19,기관,False,57.17,-87.42,17.35,기관,False,-17.62,-71.53,77.18,개인,False
2023,263750,펄어비스,2023-03-24,2023-03-24,46296,2,2023-03-27,44056.0,STOP_LOSS,1,-4684,-0.0506,20.44,46.25,-67.01,외국인,True,19.57,10.17,-27.86,기관,True,75.87,-61.86,-15.44,기관,False
2023,108320,LX세미콘,2023-03-24,2023-03-24,98899,1,2023-03-30,118700.0,TAKE_PROFIT,4,19531,0.1975,177.55,26.65,-181.29,기관,True,119.09,3.51,-103.42,기관,True,297.58,-214.08,-78.44,기관,False
2023,039030,이오테크닉스,2023-03-24,2023-03-24,81581,1,2023-06-09,97900.0,TAKE_PROFIT,51,16096,0.1973,24.02,14.96,-39.76,기관,True,22.39,8.3,-30.05,기관,True,138.09,-157.15,7.21,기관,False
2023,425040,티이엠씨,2023-03-24,2023-03-24,18644,5,2023-04-11,22400.0,TAKE_PROFIT,12,18527,0.1987,11.97,-11.69,2.46,기관,False,8.52,-14.01,6.12,기관,False,-19.74,9.62,24.3,개인,False
2023,000910,유니온,2023-03-27,2023-03-27,6066,16,2023-04-04,7280.0,TAKE_PROFIT,6,19158,0.1974,0.17,-2.19,2.76,개인,False,0.07,4.82,-4.84,외국인,True,-0.2,-2.68,2.09,개인,False
2023,015760,한국전력,2023-03-27,2023-03-27,18398,5,2023-10-04,17512.0,STOP_LOSS,128,-4632,-0.0503,-29.08,-33.42,36.66,개인,False,7.63,-67.7,58.42,개인,False,-159.96,56.89,-47.54,외국인,False
2023,022100,포스코DX,2023-03-28,2023-03-28,8649,11,2023-03-29,8232.0,STOP_LOSS,1,-4795,-0.0504,-46.7,5.4,48.12,개인,False,-16.73,-12.9,31.4,개인,False,-46.9,-169.37,200.09,개인,False
2023,093370,후성,2023-03-29,2023-03-29,16248,6,2023-03-31,15465.0,STOP_LOSS,2,-4914,-0.0504,-65.28,48.98,36.45,외국인,False,-4.54,-36.57,43.02,개인,False,-52.4,-283.04,324.14,개인,False
2023,361610,SK아이이테크놀로지,2023-03-30,2023-03-30,71571,1,2023-04-04,85900.0,TAKE_PROFIT,3,14133,0.1975,106.27,188.14,-283.04,외국인,True,41.05,84.43,-114.11,외국인,True,267.83,44.24,-320.22,기관,True
2023,012030,DB,2023-03-31,2023-03-31,1687,59,2023-04-03,2025.0,TAKE_PROFIT,1,19689,0.1978,18.6,14.25,-32.46,기관,True,12.34,29.84,-49.51,외국인,True,96.11,-11.28,-163.63,기관,False
2023,064350,현대로템,2023-04-03,2023-04-03,26376,3,2023-04-20,31700.0,TAKE_PROFIT,13,15755,0.1991,37.94,259.0,-291.09,외국인,True,13.61,265.6,-277.5,외국인,True,127.82,144.5,-261.72,외국인,True
2023,214450,파마리서치,2023-04-04,2023-04-04,83784,1,2023-04-17,100600.0,TAKE_PROFIT,9,16587,0.198,11.48,6.71,-18.2,기관,True,1.15,-1.27,1.22,개인,False,140.0,-20.54,-102.61,기관,False
2023,179290,엠아이텍,2023-04-04,2023-04-04,15786,6,2023-04-05,15025.0,STOP_LOSS,1,-4773,-0.0504,13.87,-0.74,-7.02,기관,False,3.7,0.57,-3.62,기관,True,23.5,-20.93,-0.0,기관,False
2023,328130,루닛,2023-04-05,2023-04-05,11202,8,2023-04-12,13450.0,TAKE_PROFIT,5,17737,0.1979,8.57,4.91,-19.32,기관,True,6.24,3.36,-12.24,기관,True,-8.29,14.12,4.95,외국인,False
2023,112610,씨에스윈드,2023-04-06,2023-04-06,74775,1,2023-04-07,71129.0,STOP_LOSS,1,-3810,-0.051,-14.94,-39.05,51.15,개인,False,-22.98,-41.45,61.51,개인,False,19.48,-80.29,63.34,개인,False
2023,053690,한미글로벌,2023-04-06,2023-04-06,31281,3,2023-04-11,29770.0,STOP_LOSS,3,-4739,-0.0505,116.94,-30.89,-94.38,기관,False,59.76,-25.37,-39.99,기관,False,116.24,-36.24,-75.85,기관,False
2023,000660,SK하이닉스,2023-04-07,2023-04-07,89189,1,2023-04-25,84815.0,STOP_LOSS,12,-4570,-0.0512,3200.28,-3653.95,387.11,기관,False,932.25,-3721.1,2774.52,개인,False,1245.09,376.21,-1636.33,기관,True
2023,118990,모트렉스,2023-04-11,2023-04-11,19149,5,2023-04-13,23000.0,TAKE_PROFIT,2,18993,0.1984,-14.16,58.62,-41.42,외국인,False,-27.07,-15.3,45.36,개인,False,-1.66,58.19,-44.48,외국인,False
2023,066670,디티씨,2023-04-11,2023-04-11,7628,13,2023-04-21,7253.0,STOP_LOSS,8,-5091,-0.0513,1.48,-3.65,2.09,개인,False,0.0,-8.16,8.41,개인,False,-1.4,-6.08,8.61,개인,False
2023,042670,HD현대인프라코어,2023-04-12,2023-04-12,8959,11,2023-04-13,8521.0,STOP_LOSS,1,-5029,-0.051,,,,,,,,,,,,,,,
2023,035900,JYP Ent.,2023-04-13,2023-04-13,80681,1,2023-05-16,105000.0,TAKE_PROFIT,21,24082,0.2985,-64.57,119.22,-44.04,외국인,False,-61.99,82.56,-12.09,외국인,False,-308.27,330.46,-20.35,외국인,False
2023,011200,HMM,2023-04-13,2023-04-13,20621,4,2023-05-10,19630.0,STOP_LOSS,17,-4142,-0.0502,-58.01,268.44,-212.32,외국인,False,-68.94,121.85,-63.72,외국인,False,-96.11,371.55,-290.41,외국인,False
2023,006910,보성파워텍,2023-04-17,2023-04-17,4595,21,2023-04-18,4371.0,STOP_LOSS,1,-4915,-0.0509,2.79,4.98,-8.42,외국인,True,0.05,24.11,-24.46,외국인,True,-3.76,-12.43,15.74,개인,False
2023,278650,HLB바이오스텝,2023-04-18,2023-04-18,24474,4,2023-04-19,23277.0,STOP_LOSS,1,-5006,-0.0511,52.9,3.48,113.54,개인,True,24.76,62.88,-87.39,외국인,True,-8.35,11.62,10.11,외국인,False
2023,105560,KB금융,2023-04-19,2023-04-19,49499,2,2023-06-01,47103.0,STOP_LOSS,28,-5011,-0.0506,236.72,279.45,-511.44,외국인,True,76.12,155.31,-223.79,외국인,True,228.36,7.82,-234.15,기관,True
2023,009830,한화솔루션,2023-04-21,2023-04-21,52025,1,2023-04-27,48811.0,STOP_LOSS,4,-3326,-0.0639,487.51,76.48,-573.89,기관,True,330.11,-191.46,-150.43,기관,False,-906.12,-186.21,1084.75,개인,False
2023,317850,대모,2023-04-21,2023-04-21,14014,7,2023-04-24,13337.0,STOP_LOSS,1,-4957,-0.0505,1.64,4.84,-6.48,외국인,True,0.01,-8.48,8.44,개인,False,-5.58,-11.14,16.67,개인,False
2023,248070,솔루엠,2023-04-28,2023-04-28,24424,4,2023-06-26,29350.0,TAKE_PROFIT,37,19435,0.1989,166.81,13.42,-164.37,기관,True,69.54,-50.23,-19.75,기관,False,115.07,31.29,-145.93,기관,True
2023,048410,현대바이오,2023-05-04,2023-05-04,11037,9,2023-05-09,10499.0,STOP_LOSS,2,-5052,-0.0509,-1.03,28.04,-23.33,외국인,False,0.8,27.87,-28.55,외국인,True,4.55,-34.21,31.92,개인,False
2023,323410,카카오뱅크,2023-05-08,2023-05-08,24424,4,2023-07-05,23227.0,STOP_LOSS,40,-5005,-0.0512,274.69,371.13,-648.09,외국인,True,82.8,289.13,-372.08,외국인,True,211.32,115.48,-325.88,기관,True
2023,117580,대성에너지,2023-05-10,2023-05-10,9690,10,2023-05-11,9221.0,STOP_LOSS,1,-4902,-0.0506,0.43,3.25,-6.29,외국인,True,0.39,4.36,-8.07,외국인,True,-0.52,2.72,-2.63,외국인,False
2023,291810,핀텔,2023-05-10,2023-05-10,7507,13,2023-05-12,7143.0,STOP_LOSS,2,-4955,-0.0508,-7.49,-8.94,16.17,개인,False,-1.92,-6.51,8.6,개인,False,0.06,-2.43,1.78,개인,False
2023,032850,비트컴퓨터,2023-05-11,2023-05-11,6667,14,2023-07-07,6344.0,STOP_LOSS,39,-4727,-0.0506,0.57,20.05,-21.78,외국인,True,0.12,9.2,-10.25,외국인,True,-0.45,-9.45,9.81,개인,False
2023,348340,뉴로메카,2023-05-12,2023-05-12,23687,4,2023-05-15,22527.0,STOP_LOSS,1,-4848,-0.0512,33.5,-39.92,29.96,기관,False,19.29,-31.33,58.91,개인,False,8.52,13.53,-4.54,외국인,True
2023,009900,명신산업,2023-05-15,2023-05-15,21321,4,2023-05-16,20280.0,STOP_LOSS,1,-4354,-0.051,61.51,29.61,-92.4,기관,True,30.38,32.23,-64.68,외국인,True,22.93,94.2,-116.32,외국인,True
2023,000660,SK하이닉스,2023-05-16,2023-05-16,90490,1,2023-05-26,108600.0,TAKE_PROFIT,8,17863,0.1974,-222.22,1902.15,-1671.68,외국인,False,-481.78,-573.88,1035.02,개인,False,639.31,2960.36,-3604.11,외국인,True
2023,005850,에스엘,2023-05-16,2023-05-16,37537,2,2023-05-26,35714.0,STOP_LOSS,8,-3811,-0.0508,129.85,21.51,-151.16,기관,True,57.23,-53.51,-5.63,기관,False,-38.89,35.25,2.63,외국인,False
2023,093370,후성,2023-05-30,2023-05-30,13735,7,2023-06-21,13067.0,STOP_LOSS,15,-4891,-0.0509,50.55,-25.5,-26.26,기관,False,13.74,-71.32,58.31,개인,False,9.64,-67.03,66.68,개인,False
2023,112610,씨에스윈드,2023-05-30,2023-05-30,80480,1,2023-07-26,76523.0,STOP_LOSS,40,-4134,-0.0514,-22.02,174.48,-143.82,외국인,False,-70.44,63.04,15.88,외국인,False,216.21,66.23,-280.0,기관,True
2023,092220,KEC,2023-06-01,2023-06-01,10911,9,2023-06-07,10380.0,STOP_LOSS,3,-4997,-0.0509,-10.11,-134.01,144.54,개인,False,-34.5,76.82,-40.95,외국인,False,72.68,-7.19,-66.62,기관,False
2023,376180,피코그램,2023-06-07,2023-06-07,9459,10,2023-06-19,11360.0,TAKE_PROFIT,8,18747,0.1982,-4.68,8.07,-4.54,외국인,False,-5.96,2.56,3.6,개인,False,0.61,-46.08,45.95,개인,False
2023,073640,테라사이언스,2023-06-09,2023-06-09,4670,21,2023-06-12,5610.0,TAKE_PROFIT,1,19479,0.1986,0.02,17.51,0.79,외국인,True,-0.11,4.92,-0.83,외국인,False,-0.16,-7.46,2.9,개인,False
2023,281740,레이크머티리얼즈,2023-06-12,2023-06-12,17367,5,2023-06-14,20850.0,TAKE_PROFIT,2,17176,0.1978,7.61,75.78,-86.39,외국인,True,11.9,57.54,-71.53,외국인,True,-18.97,94.55,-72.83,외국인,False
2023,131400,이브이첨단소재,2023-06-14,2023-06-14,8929,11,2023-06-15,8492.0,STOP_LOSS,1,-5027,-0.0512,0.75,68.22,-30.03,외국인,True,0.42,11.31,25.23,개인,True,0.4,-64.2,49.39,개인,False
2023,001570,금양,2023-06-15,2023-06-15,60460,1,2023-06-20,57542.0,STOP_LOSS,3,-3051,-0.0505,-91.74,-358.41,445.37,개인,False,138.81,-567.85,415.14,개인,False,-65.98,-135.11,189.85,개인,False
2023,225570,넥슨게임즈,2023-06-19,2023-06-19,22673,4,2023-07-05,21578.0,STOP_LOSS,12,-4576,-0.0505,88.23,137.72,-236.8,외국인,True,-24.47,10.88,10.58,외국인,False,82.49,41.6,-118.06,기관,True
2023,000720,현대건설,2023-06-26,2023-06-26,40841,2,2023-06-28,38861.0,STOP_LOSS,2,-4139,-0.0507,-545.15,-239.28,783.52,개인,False,36.45,-153.45,125.28,개인,False,102.07,-471.14,367.09,개인,False
2023,013310,아진산업,2023-06-26,2023-06-26,5822,17,2023-07-06,7122.0,TAKE_PROFIT,8,21829,0.2206,-1.8,11.39,-7.49,외국인,False,-6.24,-36.15,45.37,개인,False,-5.15,-43.1,55.88,개인,False
2023,033780,KT&G,2023-06-26,2023-06-26,83984,1,,,보유중,126,0,0.0,116.59,-5.5,-87.71,기관,False,48.18,-70.84,42.41,기관,False,111.44,-136.33,1.15,기관,False
2023,000270,기아,2023-06-28,2023-06-28,86486,1,2023-07-26,82318.0,STOP_LOSS,20,-4359,-0.0504,218.95,829.72,-1033.84,외국인,True,480.82,690.18,-1152.41,외국인,True,31.78,709.51,-847.93,외국인,True
2023,347000,센코,2023-06-29,2023-06-29,3689,26,2023-06-30,3511.0,STOP_LOSS,1,-4818,-0.0502,7.52,-4.26,1.78,기관,False,2.19,-6.63,7.04,개인,False,5.79,7.29,-13.27,외국인,True
2023,049180,셀루메드,2023-07-03,2023-07-03,4630,21,2023-07-04,4406.0,STOP_LOSS,1,-4918,-0.0506,-17.96,-0.07,22.76,개인,False,-0.02,-3.45,6.77,개인,False,-0.03,1.07,0.32,외국인,False
2023,015750,성우하이텍,2023-07-04,2023-07-04,10350,9,2023-07-06,12430.0,TAKE_PROFIT,2,18462,0.1982,31.96,81.93,-127.1,외국인,True,37.99,50.92,-98.5,외국인,True,53.23,635.79,-782.42,외국인,True
2023,298830,슈어소프트테크,2023-07-05,2023-07-05,10370,9,2023-07-07,9870.0,STOP_LOSS,2,-4707,-0.0504,-26.73,16.55,14.63,외국인,False,-27.58,19.27,8.68,외국인,False,-20.77,-14.02,88.94,개인,False
2023,161390,한국타이어앤테크놀로지,2023-07-06,2023-07-06,36787,2,2023-11-06,44150.0,TAKE_PROFIT,81,14526,0.1974,46.12,72.98,-112.95,외국인,True,45.28,21.76,-66.15,기관,True,12.24,14.77,-28.12,외국인,True
2023,032830,삼성생명,2023-07-10,2023-07-10,70570,1,2023-07-26,67133.0,STOP_LOSS,12,-3593,-0.0509,-59.18,302.29,-243.53,외국인,False,-48.34,103.44,-54.45,외국인,False,38.95,105.1,-142.03,외국인,True
2023,008770,호텔신라,2023-07-10,2023-07-10,75475,1,2023-07-20,71828.0,STOP_LOSS,8,-3813,-0.0505,28.72,16.83,-43.26,기관,True,-1.81,-27.74,31.06,개인,False,150.25,-85.38,-65.9,기관,False
2023,282720,금양그린파워,2023-07-11,2023-07-11,17948,5,2023-07-12,17083.0,STOP_LOSS,1,-4522,-0.0504,-22.44,2.54,18.56,개인,False,-3.35,-3.45,6.43,개인,False,-2.49,-13.21,17.58,개인,False
2023,058970,엠로,2023-07-11,2023-07-11,55956,1,2023-07-14,67200.0,TAKE_PROFIT,3,11091,0.1982,-39.38,55.19,-16.82,외국인,False,-39.43,34.32,7.3,외국인,False,-71.27,42.34,-17.84,외국인,False
2023,241560,두산밥캣,2023-07-11,2023-07-11,62462,1,2023-07-13,59440.0,STOP_LOSS,2,-3159,-0.0506,169.52,-75.86,-86.24,기관,False,204.66,-121.87,-79.18,기관,False,-174.66,166.79,12.3,외국인,False
2023,093370,후성,2023-07-12,2023-07-12,13589,7,2023-07-18,12937.0,STOP_LOSS,4,-4771,-0.0502,32.17,109.12,-153.05,외국인,True,-18.13,8.64,9.56,개인,False,-52.07,2.03,53.07,개인,False
2023,068760,셀트리온제약,2023-07-13,2023-07-13,79874,1,2023-07-18,76024.0,STOP_LOSS,3,-4025,-0.0504,-77.23,-0.07,67.7,개인,False,-117.15,-110.77,224.3,개인,False,-104.47,39.93,70.87,개인,False
2023,105560,KB금융,2023-07-14,2023-07-14,48799,2,,,보유중,112,0,0.0,273.36,169.66,-438.3,기관,True,-60.97,-40.38,101.67,개인,False,-116.96,202.01,-79.0,외국인,False
2023,030520,한컴,2023-07-18,2023-07-18,15045,6,2023-07-19,14316.0,STOP_LOSS,1,-4574,-0.0507,-8.3,70.74,-10.34,외국인,False,-0.57,-12.67,12.98,개인,False,-3.7,-22.58,26.52,개인,False
2023,036810,에프에스티,2023-07-18,2023-07-18,24474,4,2023-07-21,29400.0,TAKE_PROFIT,3,19435,0.1985,-17.46,-41.41,55.21,개인,False,-1.89,-16.25,17.14,개인,False,76.2,127.69,-207.55,외국인,True
2023,000250,삼천당제약,2023-07-19,2023-07-19,62562,1,2023-07-26,59540.0,STOP_LOSS,5,-3159,-0.0505,70.55,-66.51,-13.72,기관,False,11.56,-39.94,23.04,개인,False,89.12,-58.41,-21.59,기관,False
2023,028300,HLB,2023-07-20,2023-07-20,32509,3,2023-07-24,30919.0,STOP_LOSS,2,-4985,-0.0511,1.62,-163.8,159.33,개인,False,-50.94,-361.49,407.76,개인,False,36.99,6.95,-42.0,기관,True
2023,108860,셀바스AI,2023-07-21,2023-07-21,19720,5,2023-07-26,18771.0,STOP_LOSS,3,-4959,-0.0503,-17.8,-41.68,62.53,개인,False,4.06,-58.34,57.27,개인,False,8.24,-12.43,8.47,개인,False
2023,418550,제이오,2023-07-24,2023-07-24,38839,2,2023-07-26,36963.0,STOP_LOSS,2,-3922,-0.0505,-36.77,64.33,-26.64,외국인,False,-56.56,37.25,28.25,외국인,False,-115.76,-57.71,169.41,개인,False
2023,117730,티로보틱스,2023-07-27,2023-07-27,25425,3,2023-07-28,24176.0,STOP_LOSS,1,-3916,-0.0513,21.64,-25.35,5.96,기관,False,1.99,-13.82,9.73,개인,False,28.13,-11.69,1.82,기관,False
2023,086790,하나금융지주,2023-07-27,2023-07-27,41241,2,2023-07-31,39261.0,STOP_LOSS,2,-4142,-0.0502,205.9,-33.48,-372.17,기관,False,-64.34,-174.84,9.76,개인,False,-139.06,-501.38,550.36,개인,False
2023,055550,신한지주,2023-07-27,2023-07-27,35185,2,,,보유중,103,0,0.0,121.57,118.25,-236.65,기관,True,-70.62,-181.22,246.85,개인,False,137.21,379.94,-513.04,외국인,True
2023,316140,우리금융지주,2023-07-27,2023-07-27,12152,8,2023-07-28,11568.0,STOP_LOSS,1,-4883,-0.0502,-73.94,346.38,-317.52,외국인,False,-101.52,64.5,-23.1,외국인,False,83.64,-749.93,644.78,개인,False
2023,348210,넥스틴,2023-07-27,2023-07-27,84384,1,2023-08-08,80320.0,STOP_LOSS,8,-4250,-0.0504,130.6,13.57,-153.04,기관,True,57.97,8.57,-70.03,기관,True,7.7,-30.56,29.75,개인,False
2023,004020,현대제철,2023-07-27,2023-07-27,34985,2,2023-10-16,33267.0,STOP_LOSS,51,-3590,-0.0513,101.6,188.38,-282.59,외국인,True,6.85,75.09,-76.29,외국인,True,120.1,125.32,-245.66,외국인,True
2023,335890,비올,2023-07-28,2023-07-28,8108,12,2023-07-31,7712.0,STOP_LOSS,1,-4963,-0.051,,,,,,,,,,,,,,,
2023,005290,동진쎄미켐,2023-07-31,2023-07-31,42392,2,2023-08-01,40310.0,STOP_LOSS,1,-4351,-0.0513,107.05,134.22,-245.94,외국인,True,119.93,68.84,-188.24,기관,True,-76.86,-359.25,436.91,개인,False
2023,208370,셀바스헬스케어,2023-07-31,2023-07-31,7207,13,2023-08-01,8650.0,TAKE_PROFIT,1,18501,0.1975,-0.01,19.34,-15.96,외국인,False,-4.55,22.2,-16.88,외국인,False,-0.18,1.16,-0.95,외국인,False
2023,357550,석경에이티,2023-07-31,2023-07-31,61561,1,2023-08-01,58541.0,STOP_LOSS,1,-3155,-0.0513,-1.06,45.91,-39.05,외국인,False,-1.27,16.0,-6.45,외국인,False,1.74,-69.89,68.79,개인,False
2023,035720,카카오,2023-08-01,2023-08-01,54955,1,2023-08-02,52248.0,STOP_LOSS,1,-2828,-0.0515,863.53,1376.08,-2207.26,외국인,True,440.61,615.07,-1032.44,외국인,True,-374.44,0.42,339.65,개인,False
2023,067160,SOOP,2023-08-01,2023-08-01,85485,1,2023-08-02,81319.0,STOP_LOSS,1,-4354,-0.0509,180.93,272.78,-493.24,외국인,True,59.31,41.21,-103.72,기관,True,0.94,185.72,-176.09,외국인,True
2023,377480,마음AI,2023-08-01,2023-08-01,28028,3,2023-08-03,26523.0,STOP_LOSS,2,-4697,-0.0559,2.27,9.98,-11.86,외국인,True,0.56,18.5,-17.38,외국인,True,-1.5,16.47,-12.32,외국인,False
2023,112040,위메이드,2023-08-02,2023-08-02,42292,2,2023-08-03,40260.0,STOP_LOSS,1,-4251,-0.0503,24.15,-59.77,36.26,개인,False,-1.56,100.35,-93.9,외국인,False,239.94,-163.59,-83.33,기관,False
2023,257720,실리콘투,2023-08-02,2023-08-02,7948,12,2023-08-03,7562.0,STOP_LOSS,1,-4836,-0.0507,121.71,-21.86,-103.68,기관,False,70.38,31.24,-102.68,기관,True,16.14,-0.6,-17.86,기관,False
2023,302440,SK바이오사이언스,2023-08-03,2023-08-03,84384,1,2023-08-08,80320.0,STOP_LOSS,3,-4250,-0.0504,73.12,312.18,-387.34,외국인,True,25.94,120.89,-143.39,외국인,True,86.21,145.8,-230.15,외국인,True
2023,048410,현대바이오,2023-08-03,2023-08-03,13159,7,2023-08-04,12527.0,STOP_LOSS,1,-4623,-0.0502,-4.99,-9.62,12.77,개인,False,-2.86,-5.16,7.61,개인,False,-0.16,-16.56,12.82,개인,False
2023,141080,리가켐바이오,2023-08-03,2023-08-03,37087,2,2023-08-04,35265.0,STOP_LOSS,1,-3807,-0.0513,58.42,16.65,-51.32,기관,True,17.87,-0.57,1.2,기관,False,72.02,-79.28,6.51,기관,False
2023,214150,클래시스,2023-08-04,2023-08-04,32382,3,2023-08-09,30819.0,STOP_LOSS,3,-4903,-0.0505,37.77,-2.22,-36.57,기관,False,14.77,-13.87,-0.5,기관,False,26.8,-142.48,115.28,개인,False
2023,000120,CJ대한통운,2023-08-04,2023-08-04,82582,1,2023-08-07,78621.0,STOP_LOSS,1,-4143,-0.0502,59.29,-20.16,4.0,기관,False,3.02,-70.85,78.17,개인,False,89.13,-30.14,-53.15,기관,False
2023,122870,와이지엔터테인먼트,2023-08-07,2023-08-07,80580,1,2023-08-17,76623.0,STOP_LOSS,7,-4134,-0.0513,156.63,-21.91,-146.38,기관,False,113.51,-73.43,-1.33,기관,False,82.65,-113.93,28.81,기관,False
2023,007070,GS리테일,2023-08-08,2023-08-08,19477,5,,,보유중,95,0,0.0,52.51,-49.85,-2.67,기관,False,24.56,-12.29,-12.13,기관,False,123.73,20.31,-141.83,기관,True
2023,091990,셀트리온헬스케어,2023-08-09,2023-08-09,69870,1,2023-08-16,66434.0,STOP_LOSS,4,-3590,-0.0514,,,,,,,,,,,,,,,
2023,064550,바이오니아,2023-08-09,2023-08-09,47047,2,2023-08-14,44755.0,STOP_LOSS,3,-4790,-0.0509,67.47,158.49,-229.64,외국인,True,9.43,-9.98,-3.75,기관,False,32.64,-47.16,16.26,기관,False
2023,196490,디에이테크놀로지,2023-08-14,2023-08-14,27927,3,2023-08-18,26573.0,STOP_LOSS,3,-4243,-0.0506,9.46,-32.87,2.84,기관,False,7.34,-31.46,13.46,개인,False,1.91,40.66,-45.19,외국인,True
2023,348080,큐라티스,2023-08-16,2023-08-16,31444,3,2023-08-17,29920.0,STOP_LOSS,1,-4779,-0.0507,-532.48,-93.57,870.59,개인,False,-545.66,-138.93,922.82,개인,False,1.39,-20.93,12.24,개인,False
2023,248070,솔루엠,2023-08-18,2023-08-18,30180,3,2023-09-05,28721.0,STOP_LOSS,12,-4576,-0.0505,-71.66,359.63,-274.12,외국인,False,-72.68,308.2,-221.31,외국인,False,34.61,224.41,-260.08,외국인,True
2023,060280,큐렉소,2023-08-21,2023-08-21,20520,4,2023-08-24,24650.0,TAKE_PROFIT,3,16294,0.1985,-2.82,82.84,-85.9,외국인,False,9.46,-89.56,106.4,개인,False,10.6,14.27,114.35,개인,True
2023,109610,에스와이,2023-08-23,2023-08-23,4625,21,2023-08-24,4401.0,STOP_LOSS,1,-4918,-0.0506,1.55,-25.87,25.15,개인,False,-0.2,1.14,0.7,외국인,False,-1.75,-9.46,11.02,개인,False
2023,356680,엑스게이트,2023-08-24,2023-08-24,4745,20,2023-08-25,4515.0,STOP_LOSS,1,-4794,-0.0505,-1.51,-0.46,8.23,개인,False,0.31,0.36,0.95,개인,True,-0.01,15.69,-21.58,외국인,False
2023,001790,대한제당,2023-08-24,2023-08-24,3083,32,2023-09-13,3700.0,TAKE_PROFIT,14,19472,0.1974,0.3,-9.95,1.56,개인,False,0.29,10.23,-20.44,외국인,True,0.12,29.72,-21.09,외국인,True
2023,103590,일진전기,2023-08-25,2023-08-25,10883,9,2023-09-06,10360.0,STOP_LOSS,8,-4928,-0.0503,39.29,76.5,-116.84,외국인,True,18.92,14.94,-33.53,기관,True,43.23,4.15,-45.29,기관,True
2023,009520,포스코엠텍,2023-09-05,2023-09-05,34635,2,2023-09-08,32967.0,STOP_LOSS,3,-3487,-0.0503,-12.34,83.11,-73.77,외국인,False,-15.86,-65.89,88.43,개인,False,-0.13,-95.45,94.16,개인,False
2023,108860,셀바스AI,2023-09-06,2023-09-06,25726,3,2023-09-07,24476.0,STOP_LOSS,1,-3920,-0.0508,1.69,14.37,-26.74,외국인,True,6.43,12.79,-36.83,외국인,True,-2.56,61.54,52.16,외국인,False
2023,321260,프로이천,2023-09-07,2023-09-07,4389,22,2023-09-08,4176.0,STOP_LOSS,1,-4910,-0.0509,0.0,-1.62,1.49,개인,False,0.0,-10.29,10.05,개인,False,11.73,-0.35,-11.46,기관,False
2023,389030,지니너스,2023-09-08,2023-09-08,5606,17,2023-09-11,5335.0,STOP_LOSS,1,-4815,-0.0505,-9.66,8.69,-9.74,외국인,False,-9.42,-21.63,22.65,개인,False,7.38,-24.64,16.49,개인,False
2023,001450,현대해상,2023-09-08,2023-09-08,31982,3,2023-11-02,30420.0,STOP_LOSS,34,-4898,-0.051,193.89,-54.75,-143.43,기관,False,44.84,-25.95,-21.22,기관,False,240.49,-146.96,-94.7,기관,False
2023,196170,알테오젠,2023-09-11,2023-09-11,39975,2,2023-09-12,48000.0,TAKE_PROFIT,1,15833,0.198,-0.08,133.46,-143.11,외국인,False,-22.88,1.53,22.0,개인,False,68.59,397.6,-436.19,외국인,True
2023,251270,넷마블,2023-09-12,2023-09-12,52953,1,2023-09-13,50350.0,STOP_LOSS,1,-2719,-0.0514,63.64,0.74,-64.38,기관,True,-2.32,-16.2,18.61,개인,False,72.87,-206.15,136.24,개인,False
2023,032830,삼성생명,2023-09-13,2023-09-13,71672,1,2023-11-06,68232.0,STOP_LOSS,33,-3597,-0.0502,49.52,145.64,-195.99,외국인,True,27.92,50.39,-79.57,외국인,True,89.09,16.87,-103.24,기관,True
2023,326030,SK바이오팜,2023-09-14,2023-09-14,93093,1,2023-09-20,88611.0,STOP_LOSS,4,-4686,-0.0503,379.66,-113.52,-275.83,기관,False,-13.89,79.08,-72.76,외국인,False,-28.53,0.0,31.63,개인,False
2023,042370,비츠로테크,2023-09-20,2023-09-20,9740,10,2023-09-21,11690.0,TAKE_PROFIT,1,19237,0.1975,-0.04,-38.22,35.58,개인,False,-0.16,-30.91,28.97,개인,False,-0.13,55.48,-57.76,외국인,False
2023,294630,서남,2023-09-21,2023-09-21,6156,16,2023-09-22,5854.0,STOP_LOSS,1,-5048,-0.0513,-0.01,11.05,-15.95,외국인,False,0.04,-31.28,24.8,개인,False,,,,,
2023,048410,현대바이오,2023-09-22,2023-09-22,13371,7,2023-09-26,12727.0,STOP_LOSS,2,-4714,-0.0504,3.54,36.46,-40.24,외국인,True,-1.21,0.36,1.71,개인,False,,,,,
2023,030200,KT,2023-09-27,2023-09-27,33183,2,,,보유중,60,0,0.0,-44.1,282.95,-252.74,외국인,False,-78.78,327.1,-257.81,외국인,False,,,,,
2023,220100,퓨쳐켐,2023-10-05,2023-10-05,10739,9,2023-10-12,10220.0,STOP_LOSS,4,-4889,-0.0506,22.05,12.26,-46.0,기관,True,30.95,-9.05,-20.87,기관,False,13.39,-20.46,17.18,개인,False
2023,005420,코스모화학,2023-10-12,2023-10-12,43443,2,2023-10-13,41359.0,STOP_LOSS,1,-4360,-0.0502,132.06,30.04,-159.83,기관,True,-4.37,47.21,-44.17,외국인,False,-50.45,-119.31,165.6,개인,False
2023,229640,LS에코에너지,2023-10-13,2023-10-13,11351,8,2023-10-16,13630.0,TAKE_PROFIT,1,17981,0.198,37.18,-64.61,-6.73,기관,False,14.51,-35.98,15.33,개인,False,-9.1,52.47,-3.64,외국인,False
2023,014530,극동유화,2023-10-17,2023-10-17,5265,18,2023-10-18,5005.0,STOP_LOSS,1,-4893,-0.0516,-3.81,5.43,2.9,외국인,False,-2.8,-23.51,33.7,개인,False,0.3,12.94,-5.18,외국인,True
2023,114190,강원에너지,2023-10-17,2023-10-17,22322,4,2023-10-18,21229.0,STOP_LOSS,1,-4570,-0.0512,0.89,-4.7,2.59,개인,False,0.55,1.96,-2.35,외국인,True,-0.26,5.26,-4.03,외국인,False
2023,041020,폴라리스오피스,2023-10-18,2023-10-18,5325,18,2023-10-19,4905.0,STOP_LOSS,1,-7768,-0.081,16.35,-9.07,-8.28,기관,False,20.21,-23.97,2.0,기관,False,-16.12,-1.7,16.62,개인,False
2023,010820,퍼스텍,2023-10-19,2023-10-19,3874,25,2023-10-20,3686.0,STOP_LOSS,1,-4902,-0.0506,0.72,-3.1,-4.19,기관,False,0.65,-4.42,6.07,개인,False,0.14,2.72,4.25,개인,True
2023,067310,하나마이크론,2023-10-24,2023-10-24,24421,4,2023-10-26,23227.0,STOP_LOSS,2,-4993,-0.0511,96.85,-98.27,-15.91,기관,False,24.69,-75.28,45.09,개인,False,61.83,-416.68,340.69,개인,False
2023,131970,두산테스나,2023-10-24,2023-10-24,52052,1,2023-10-27,49550.0,STOP_LOSS,3,-2616,-0.0503,86.39,8.0,-85.09,기관,True,53.94,-20.82,-27.77,기관,False,-59.79,46.18,31.5,외국인,False
2023,272210,한화시스템,2023-10-30,2023-10-30,12983,7,2023-11-23,15580.0,TAKE_PROFIT,18,17931,0.1973,15.66,8.22,-25.13,기관,True,22.43,-43.15,21.72,기관,False,95.31,-28.05,-69.33,기관,False
2023,020560,아시아나항공,2023-10-31,2023-10-31,11161,8,2023-11-01,10619.0,STOP_LOSS,1,-4530,-0.0507,-2.68,15.72,-8.31,외국인,False,-16.71,8.97,8.89,외국인,False,12.67,33.35,-46.72,외국인,True
2023,017890,한국알콜,2023-11-01,2023-11-01,12092,8,2023-11-06,14520.0,TAKE_PROFIT,3,19159,0.1981,-25.42,-2.1,28.1,개인,False,0.63,-2.72,2.47,개인,False,-0.84,2.71,-2.48,외국인,False
2023,322510,제이엘케이,2023-11-02,2023-11-02,22378,4,2023-11-06,21279.0,STOP_LOSS,2,-4595,-0.0513,98.34,-72.91,-23.37,기관,False,41.12,-53.88,9.49,기관,False,5.35,27.97,-28.91,외국인,True
2023,005930,삼성전자,2023-11-06,2023-11-06,70971,1,,,보유중,37,0,0.0,2705.14,2986.49,-5782.53,외국인,True,2146.81,2342.64,-4475.81,외국인,True,-261.26,5022.68,-4514.81,외국인,False
2023,022100,포스코DX,2023-11-06,2023-11-06,63563,1,2023-11-07,60440.0,STOP_LOSS,1,-3263,-0.0513,343.01,428.01,-755.86,외국인,True,139.56,-214.35,67.73,기관,False,67.99,155.63,-193.09,외국인,True
2023,035720,카카오,2023-11-06,2023-11-06,44745,2,2023-12-14,53700.0,TAKE_PROFIT,28,17666,0.1974,516.73,75.68,-576.41,기관,True,61.27,208.8,-255.05,외국인,True,51.78,471.37,-515.5,외국인,True
2023,036930,주성엔지니어링,2023-11-06,2023-11-06,31682,3,,,보유중,37,0,0.0,-18.99,365.93,-361.91,외국인,False,-9.04,204.67,-199.3,외국인,False,-10.24,341.1,-331.99,외국인,False
2023,319400,현대무벡스,2023-11-07,2023-11-07,3393,29,2023-11-10,3227.0,STOP_LOSS,3,-5048,-0.0513,-0.01,2.03,-4.85,외국인,False,0.01,11.75,-12.22,외국인,True,0.02,-1.55,13.97,개인,False
2023,015760,한국전력,2023-11-13,2023-11-13,17888,5,,,보유중,32,0,0.0,267.66,-118.82,-150.55,기관,False,158.38,-115.99,-44.67,기관,False,159.32,-148.86,-11.44,기관,False
2023,087010,펩트론,2023-11-23,2023-11-23,35408,2,2023-11-24,33666.0,STOP_LOSS,1,-3640,-0.0514,5.38,116.96,-130.26,외국인,True,-17.06,16.11,-2.3,외국인,False,4.16,68.79,-67.76,외국인,True
2023,229640,LS에코에너지,2023-11-24,2023-11-24,13614,7,2023-11-30,16340.0,TAKE_PROFIT,4,18825,0.1975,36.27,-3.62,-55.62,기관,False,33.55,-23.56,-24.96,기관,False,6.61,-23.49,34.77,개인,False
2023,465770,STX그린로지스,2023-11-30,2023-11-30,12823,7,2023-12-04,15390.0,TAKE_PROFIT,2,17725,0.1975,0.0,-4.81,4.58,개인,False,-0.0,-12.01,11.9,개인,False,1.42,-2.57,-0.24,기관,False
2023,006260,LS,2023-12-04,2023-12-04,87788,1,2023-12-13,83516.0,STOP_LOSS,7,-4464,-0.0509,27.88,-34.27,-4.49,기관,False,21.75,-15.77,-8.27,기관,False,29.96,-30.59,-0.06,기관,False
2023,016790,현대사료,2023-12-13,2023-12-13,6296,15,2023-12-15,5994.0,STOP_LOSS,2,-4742,-0.0502,11.86,6.0,-24.04,기관,True,5.01,-0.41,-6.1,기관,False,-4.44,28.75,86.96,개인,False
2023,095500,미래나노텍,2023-12-15,2023-12-15,17888,5,2023-12-26,17023.0,STOP_LOSS,6,-4521,-0.0505,7.73,3.76,-4.63,기관,True,9.72,3.6,-12.8,기관,True,-6.42,-11.26,20.1,개인,False
2023,099440,스맥,2023-12-15,2023-12-15,3740,26,2023-12-18,3556.0,STOP_LOSS,1,-4987,-0.0513,0.0,-9.64,7.91,개인,False,0.0,2.13,-1.43,외국인,False,0.0,4.45,-8.84,외국인,True
2023,047050,포스코인터내셔널,2023-12-18,2023-12-18,61261,1,2023-12-22,58242.0,STOP_LOSS,4,-3154,-0.0515,66.83,241.92,-291.6,외국인,True,-6.64,265.79,-238.71,외국인,False,25.43,-286.61,344.89,개인,False
2023,440110,파두,2023-12-26,2023-12-26,22923,4,2023-12-28,21778.0,STOP_LOSS,2,-4780,-0.0521,0.82,-0.33,3.91,개인,False,5.85,28.82,-29.24,외국인,True,-15.89,-49.87,71.98,개인,False
2023,041510,에스엠,2023-12-27,2023-12-27,93694,1,,,보유중,1,0,0.0,193.06,-107.91,-90.27,기관,False,126.54,-140.55,2.65,기관,False,14.99,-20.33,5.68,기관,False
2023,094170,동운아나텍,2023-12-28,2023-12-28,19170,5,,,보유중,0,0,0.0,10.39,4.22,-16.12,기관,True,1.58,-14.51,14.38,개인,False,7.93,-36.41,29.72,개인,False
2024,222800,심텍,2024-01-02,2024-01-02,42242,2,2024-01-03,40210.0,STOP_LOSS,1,-4234,-0.0501,118.02,165.37,-290.41,외국인,True,15.78,-29.55,11.24,기관,False,88.41,-138.28,47.16,기관,False
2024,094360,칩스앤미디어,2024-01-02,2024-01-02,34384,2,2024-01-03,32717.0,STOP_LOSS,1,-3472,-0.0505,14.41,-26.31,9.63,기관,False,-2.69,-20.87,22.59,개인,False,75.15,-26.08,-46.4,기관,False
2024,034220,LG디스플레이,2024-01-02,2024-01-02,12352,8,2024-01-31,11758.0,STOP_LOSS,21,-4947,-0.0501,174.04,174.29,-346.96,외국인,True,82.7,59.77,-141.53,기관,True,132.75,309.02,-427.28,외국인,True
2024,065350,신성델타테크,2024-01-03,2024-01-03,43293,2,2024-01-04,52000.0,TAKE_PROFIT,1,17198,0.1986,3.42,52.09,-55.49,외국인,True,0.54,19.24,-24.07,외국인,True,-3.0,-54.98,67.8,개인,False
2024,189300,인텔리안테크,2024-01-03,2024-01-03,81081,1,2024-01-05,77123.0,STOP_LOSS,2,-4121,-0.0508,76.82,98.01,-171.48,외국인,True,13.55,57.63,-63.34,외국인,True,-11.96,-38.2,58.41,개인,False
2024,182400,엔케이젠바이오텍코리아,2024-01-03,2024-01-03,13750,7,2024-01-04,13087.0,STOP_LOSS,1,-4838,-0.0503,-81.99,6.85,75.7,개인,False,-49.94,-13.29,63.11,개인,False,-1.87,-3.57,7.6,개인,False
2024,033100,제룡전기,2024-01-03,2024-01-03,22072,4,2024-01-29,20979.0,STOP_LOSS,18,-4549,-0.0515,0.21,57.18,-65.31,외국인,True,-12.24,12.01,-8.06,외국인,False,4.93,-19.79,16.75,개인,False
2024,336260,두산퓨얼셀,2024-01-03,2024-01-03,24524,4,2024-01-04,23327.0,STOP_LOSS,1,-4988,-0.0508,56.36,44.15,-100.05,기관,True,13.74,24.91,-38.32,외국인,True,-23.64,-32.77,55.34,개인,False
2024,047310,파워로직스,2024-01-04,2024-01-04,7638,13,2024-01-05,7263.0,STOP_LOSS,1,-5073,-0.0511,0.61,10.61,-11.69,외국인,True,0.49,14.96,-15.05,외국인,True,-1.0,3.16,1.75,외국인,False
2024,110990,디아이티,2024-01-04,2024-01-04,21371,4,2024-01-05,20330.0,STOP_LOSS,1,-4338,-0.0507,33.76,24.81,-53.0,기관,True,11.47,-4.7,-0.19,기관,False,47.06,-30.23,-25.13,기관,False
2024,214680,디알텍,2024-01-04,2024-01-04,23073,4,2024-01-15,21928.0,STOP_LOSS,7,-4765,-0.0516,-2.92,-40.74,44.69,개인,False,-3.46,-66.74,67.41,개인,False,0.42,-40.86,56.9,개인,False
2024,335890,비올,2024-01-04,2024-01-04,9409,10,2024-01-15,8951.0,STOP_LOSS,7,-4772,-0.0507,,,,,,,,,,,,,,,
2024,267260,HD현대일렉트릭,2024-01-04,2024-01-04,87187,1,2024-01-25,104700.0,TAKE_PROFIT,15,17296,0.1984,-121.83,176.71,-37.42,외국인,False,-87.96,131.82,-23.44,외국인,False,-223.12,301.48,-75.32,외국인,False
2024,304100,솔트룩스,2024-01-05,2024-01-05,31481,3,2024-01-16,29970.0,STOP_LOSS,7,-4724,-0.05,39.9,68.63,-106.74,외국인,True,0.79,1.06,-3.31,외국인,True,30.72,-19.78,-14.72,기관,False
2024,108860,셀바스AI,2024-01-05,2024-01-05,22222,4,2024-01-11,21129.0,STOP_LOSS,4,-4552,-0.0512,7.38,53.38,-60.16,외국인,True,-12.44,24.75,-13.14,외국인,False,-2.16,-18.2,22.2,개인,False
2024,377480,마음AI,2024-01-05,2024-01-05,29379,3,2024-01-17,27922.0,STOP_LOSS,8,-4548,-0.0516,2.04,4.61,-8.28,외국인,True,1.67,3.69,-6.87,외국인,True,7.26,11.91,-20.56,외국인,True
2024,250060,모비스,2024-01-08,2024-01-08,4830,20,2024-01-10,4595.0,STOP_LOSS,2,-4882,-0.0505,0.06,8.37,-10.27,외국인,True,0.0,-4.27,4.29,개인,False,-0.06,0.7,0.41,외국인,False
2024,355390,크라우드웍스,2024-01-09,2024-01-09,15741,6,2024-01-15,18890.0,TAKE_PROFIT,4,18660,0.1976,4.78,16.61,-15.43,외국인,True,0.94,12.74,-12.42,외국인,True,24.29,-11.5,-10.26,기관,False
2024,235980,메드팩토,2024-01-10,2024-01-10,7668,12,2024-01-16,9210.0,TAKE_PROFIT,4,18279,0.1987,8.36,6.14,-18.06,기관,True,-11.15,-63.27,71.87,개인,False,21.36,-22.67,10.37,기관,False
2024,060250,NHN KCP,2024-01-11,2024-01-11,12613,7,2024-01-12,11998.0,STOP_LOSS,1,-4479,-0.0507,63.84,-113.5,51.04,기관,False,47.49,-18.79,-32.14,기관,False,64.26,-34.88,-33.98,기관,False
2024,058970,엠로,2024-01-12,2024-01-12,76476,1,2024-01-17,72727.0,STOP_LOSS,3,-3902,-0.051,110.8,26.84,-143.18,기관,True,92.37,37.71,-123.85,기관,True,90.94,-18.36,-72.84,기관,False
2024,403490,우듬지팜,2024-01-17,2024-01-17,14239,6,2024-01-19,13546.0,STOP_LOSS,2,-4328,-0.0507,-0.54,40.11,-44.71,외국인,False,-0.54,-14.82,13.3,개인,False,0.0,-42.44,44.13,개인,False
2024,103590,일진전기,2024-01-18,2024-01-18,12462,7,2024-01-23,11858.0,STOP_LOSS,3,-4405,-0.0505,43.76,15.61,-60.71,기관,True,16.38,-23.8,7.54,기관,False,40.6,-2.29,-18.76,기관,False
2024,161390,한국타이어앤테크놀로지,2024-01-18,2024-01-18,47147,2,2024-02-20,56600.0,TAKE_PROFIT,21,18671,0.198,103.16,-14.97,-88.05,기관,False,33.81,-21.31,-12.9,기관,False,50.12,24.73,-74.41,기관,True
2024,317330,덕산테코피아,2024-01-19,2024-01-19,21622,4,2024-01-22,20579.0,STOP_LOSS,1,-4342,-0.0502,-2.82,71.93,-74.58,외국인,False,-2.08,7.39,-6.32,외국인,False,-5.15,-42.55,51.03,개인,False
2024,007660,이수페타시스,2024-01-22,2024-01-22,33099,3,2024-01-23,31468.0,STOP_LOSS,1,-5090,-0.0513,97.87,453.01,-601.68,외국인,True,-6.64,4.56,-0.25,외국인,False,88.96,-215.12,170.81,개인,False
2024,095340,ISC,2024-01-22,2024-01-22,89289,1,2024-01-23,84915.0,STOP_LOSS,1,-4553,-0.051,84.0,99.82,-188.42,외국인,True,75.86,28.15,-105.24,기관,True,27.58,-152.69,124.91,개인,False
2024,124500,아이티센글로벌,2024-01-22,2024-01-22,10330,9,2024-01-23,9830.0,STOP_LOSS,1,-4688,-0.0504,2.05,-36.36,42.46,개인,False,2.64,-32.03,37.15,개인,False,-2.34,-32.14,42.06,개인,False
2024,420770,기가비스,2024-01-22,2024-01-22,78979,1,2024-01-26,75125.0,STOP_LOSS,4,-4012,-0.0508,-86.97,87.98,-13.04,외국인,False,-20.71,41.49,-17.54,외국인,False,45.74,-63.2,90.22,개인,False
2024,396470,워트,2024-01-23,2024-01-23,11151,8,2024-01-26,10090.0,STOP_LOSS,3,-8661,-0.0971,-0.8,10.89,-9.45,외국인,False,-0.54,0.44,-1.32,외국인,False,-50.1,7.08,44.15,개인,False
2024,064350,현대로템,2024-01-23,2024-01-23,27828,3,2024-02-22,33400.0,TAKE_PROFIT,20,16509,0.1977,140.72,155.86,-301.69,외국인,True,82.43,96.81,-184.4,외국인,True,113.57,110.57,-225.69,기관,True
2024,001440,대한전선,2024-01-24,2024-01-24,9812,10,2024-01-30,9341.0,STOP_LOSS,4,-4906,-0.05,1.59,58.72,-61.53,외국인,True,-4.12,7.16,-2.09,외국인,False,20.64,-12.83,-8.06,기관,False
2024,018290,브이티,2024-01-24,2024-01-24,17748,5,2024-01-26,16893.0,STOP_LOSS,2,-4451,-0.0502,71.67,77.62,-151.8,외국인,True,17.08,97.37,-112.83,외국인,True,19.84,-27.4,3.65,기관,False
2024,299900,위지윅스튜디오,2024-01-24,2024-01-24,4124,24,2024-01-25,3926.0,STOP_LOSS,1,-4952,-0.05,,,,,,,,,,,,,,,
2024,036930,주성엔지니어링,2024-01-25,2024-01-25,35135,2,2024-01-26,33417.0,STOP_LOSS,1,-3578,-0.0509,132.97,109.74,-241.5,기관,True,160.75,32.96,-189.83,기관,True,51.8,-113.74,62.33,개인,False
2024,066790,씨씨에스,2024-01-25,2024-01-25,3356,29,2024-01-26,2921.0,STOP_LOSS,1,-12782,-0.1313,-0.03,8.23,-9.67,외국인,False,-0.03,9.6,2.64,외국인,False,0.06,-6.16,96.15,개인,False
2024,067630,HLB생명과학,2024-01-26,2024-01-26,11481,8,2024-01-29,13780.0,TAKE_PROFIT,1,18164,0.1978,16.46,6.21,-23.1,기관,True,18.75,-34.64,14.32,기관,False,74.25,226.16,-292.12,외국인,True
2024,030200,KT,2024-01-26,2024-01-26,34835,2,2024-02-19,41850.0,TAKE_PROFIT,14,13857,0.1989,-106.96,290.86,-186.69,외국인,False,-127.08,206.68,-80.48,외국인,False,402.01,714.63,-1099.06,외국인,True
2024,006800,미래에셋증권,2024-01-26,2024-01-26,7688,12,2024-04-17,7313.0,STOP_LOSS,54,-4685,-0.0508,68.71,55.35,-123.42,기관,True,-0.28,4.84,-8.58,외국인,False,183.11,110.78,-300.14,기관,True
2024,047920,HLB제약,2024-01-29,2024-01-29,15284,6,2024-02-05,18568.0,TAKE_PROFIT,5,19471,0.2123,-34.57,30.14,19.47,외국인,False,-3.97,1.95,17.31,개인,False,-42.06,68.9,-29.72,외국인,False
2024,139480,이마트,2024-01-29,2024-01-29,80981,1,2024-01-30,77023.0,STOP_LOSS,1,-4120,-0.0509,171.01,84.74,-245.52,기관,True,23.67,19.26,-46.07,기관,True,17.13,440.42,-451.22,외국인,True
2024,015760,한국전력,2024-01-29,2024-01-29,19940,4,2024-02-20,23950.0,TAKE_PROFIT,14,15842,0.1986,288.71,347.06,-637.02,외국인,True,122.62,245.86,-371.83,외국인,True,319.48,71.69,-401.25,기관,True
2024,036460,한국가스공사,2024-01-29,2024-01-29,26326,3,2024-02-26,31600.0,TAKE_PROFIT,18,15624,0.1978,69.09,78.45,-150.3,외국인,True,-19.25,15.7,-0.22,외국인,False,143.63,49.11,-199.28,기관,True
2024,088350,한화생명,2024-01-30,2024-01-30,3013,33,2024-02-05,3620.0,TAKE_PROFIT,4,19783,0.199,109.73,54.02,-167.76,기관,True,67.1,25.16,-92.47,기관,True,140.61,139.23,-276.27,기관,True
2024,000880,한화,2024-01-30,2024-01-30,32085,3,2024-02-02,38550.0,TAKE_PROFIT,3,19156,0.199,133.25,77.83,-208.73,기관,True,54.26,30.42,-74.83,기관,True,292.3,141.56,-415.2,기관,True
2024,003550,LG,2024-01-31,2024-01-31,82082,1,2024-02-19,98500.0,TAKE_PROFIT,11,16214,0.1975,675.77,-453.81,-234.81,기관,False,424.44,-325.42,-103.23,기관,False,743.86,-3.54,-711.05,기관,False
2024,200880,서연이화,2024-02-02,2024-02-02,22472,4,2024-02-15,21379.0,STOP_LOSS,7,-4556,-0.0507,-21.46,35.31,2.82,외국인,False,3.48,-13.11,18.52,개인,False,-35.88,7.3,31.7,개인,False
2024,267850,아시아나IDT,2024-02-05,2024-02-05,23273,4,2024-02-06,22128.0,STOP_LOSS,1,-4768,-0.0512,-1.41,21.36,-19.68,외국인,False,-0.3,9.88,-9.1,외국인,False,0.66,-27.94,28.85,개인,False
2024,010950,S-Oil,2024-02-05,2024-02-05,69870,1,2024-04-05,83900.0,TAKE_PROFIT,41,13856,0.1983,35.8,131.84,-171.21,외국인,True,33.56,178.12,-218.05,외국인,True,125.46,223.48,-351.87,외국인,True
2024,042700,한미반도체,2024-02-06,2024-02-06,61061,1,2024-02-08,73300.0,TAKE_PROFIT,2,12087,0.1979,244.63,246.4,-492.18,외국인,True,136.5,205.74,-343.15,외국인,True,-28.46,805.15,-791.55,외국인,False
2024,039440,에스티아이,2024-02-08,2024-02-08,30530,3,2024-02-23,36650.0,TAKE_PROFIT,9,18130,0.1979,68.68,49.11,-119.05,기관,True,16.94,28.63,-43.75,외국인,True,81.37,-76.89,-9.09,기관,False
2024,094480,갤럭시아머니트리,2024-02-15,2024-02-15,10110,9,2024-02-23,9620.0,STOP_LOSS,6,-4590,-0.0504,5.04,19.92,-25.3,외국인,True,2.73,6.64,-9.51,외국인,True,-23.38,-27.44,51.17,개인,False
2024,084690,대상홀딩스,2024-02-19,2024-02-19,11211,8,2024-02-20,10669.0,STOP_LOSS,1,-4515,-0.0503,0.94,-21.12,18.38,개인,False,2.2,-0.28,-1.1,기관,False,6.82,-16.94,18.27,개인,False
2024,141080,리가켐바이오,2024-02-19,2024-02-19,53453,1,2024-03-06,64200.0,TAKE_PROFIT,11,10613,0.1986,138.41,-31.22,-123.61,기관,False,65.45,-30.34,-56.01,기관,False,33.59,-36.53,-11.93,기관,False
2024,452260,한화갤러리아,2024-02-20,2024-02-20,1668,59,2024-02-22,1587.0,STOP_LOSS,2,-4932,-0.0501,-0.64,30.05,-29.09,외국인,False,-0.7,5.32,-5.46,외국인,False,0.59,-4.7,5.83,개인,False
2024,273060,와이즈버즈,2024-02-20,2024-02-20,7237,13,2024-02-29,6883.0,STOP_LOSS,7,-4792,-0.0509,0.0,-23.9,23.6,개인,False,0.0,-5.39,5.17,개인,False,0.0,-2.95,1.81,개인,False
2024,372170,윤성에프앤씨,2024-02-20,2024-02-20,94895,1,2024-03-05,90310.0,STOP_LOSS,9,-4776,-0.0503,-3.18,-2.95,5.29,개인,False,-4.01,-15.22,20.46,개인,False,-0.73,-64.89,59.94,개인,False
2024,445090,에이직랜드,2024-02-22,2024-02-22,60060,1,2024-02-23,72100.0,TAKE_PROFIT,1,11890,0.198,-0.84,-16.69,120.38,개인,False,-11.06,2.82,9.1,개인,False,-22.41,-68.41,101.39,개인,False
2024,083310,엘오티베큠,2024-02-22,2024-02-22,23373,4,2024-02-23,22228.0,STOP_LOSS,1,-4770,-0.051,2.47,44.76,-44.08,외국인,True,-5.97,-2.63,4.05,개인,False,7.38,-27.64,24.79,개인,False
2024,000250,삼천당제약,2024-02-23,2024-02-23,73573,1,2024-02-27,70030.0,STOP_LOSS,2,-3691,-0.0502,-23.35,68.7,-55.55,외국인,False,-18.48,23.31,-13.44,외국인,False,8.63,-78.02,70.84,개인,False
2024,005950,이수화학,2024-02-26,2024-02-26,14224,6,2024-03-26,13536.0,STOP_LOSS,20,-4298,-0.0504,-0.02,-3.28,2.1,개인,False,-1.61,-1.77,3.52,개인,False,-5.08,-3.76,9.3,개인,False
2024,079370,제우스,2024-02-26,2024-02-26,20571,4,2024-03-12,19580.0,STOP_LOSS,10,-4126,-0.0501,-7.74,-2.55,13.08,개인,False,-37.12,-21.33,59.43,개인,False,-38.06,30.29,5.57,외국인,False
2024,298380,에이비엘바이오,2024-02-26,2024-02-26,23473,4,2024-03-06,28200.0,TAKE_PROFIT,6,18672,0.1989,27.12,-13.16,-8.27,기관,False,12.26,35.94,-44.57,외국인,True,5.65,15.91,-23.8,외국인,True
2024,087010,펩트론,2024-02-26,2024-02-26,28666,3,2024-02-27,27273.0,STOP_LOSS,1,-4353,-0.0506,63.81,4.7,-72.49,기관,True,63.34,24.63,-91.76,기관,True,-127.11,-60.76,185.12,개인,False
2024,090360,로보스타,2024-02-27,2024-02-27,35936,2,2024-02-29,34166.0,STOP_LOSS,2,-3684,-0.0513,0.35,12.64,-9.76,외국인,True,0.33,2.19,-2.72,외국인,True,-4.95,-2.62,6.23,개인,False
2024,272210,한화시스템,2024-02-27,2024-02-27,17177,5,2024-04-16,16344.0,STOP_LOSS,33,-4340,-0.0505,-12.2,41.39,-28.76,외국인,False,-10.58,-27.77,37.73,개인,False,58.09,203.55,-256.53,외국인,True
2024,041020,폴라리스오피스,2024-02-29,2024-02-29,7948,12,2024-03-08,7562.0,STOP_LOSS,5,-4817,-0.0505,-2.04,-31.1,34.31,개인,False,-2.08,2.29,-0.35,외국인,False,0.22,-24.45,18.76,개인,False
2024,013990,아가방컴퍼니,2024-02-29,2024-02-29,6456,15,2024-03-05,6144.0,STOP_LOSS,2,-4883,-0.0504,-0.62,4.08,3.05,외국인,False,-0.55,5.03,1.33,외국인,False,-0.39,-0.56,-3.05,기관,False
2024,010120,LS ELECTRIC,2024-03-05,2024-03-05,15576,6,2024-03-21,18700.0,TAKE_PROFIT,12,18514,0.1981,14.21,-21.84,8.94,기관,False,0.7,-14.8,13.77,개인,False,32.19,-56.19,22.51,기관,False
2024,117730,티로보틱스,2024-03-05,2024-03-05,21872,4,2024-03-06,20779.0,STOP_LOSS,1,-4546,-0.052,4.53,29.38,-44.94,외국인,True,4.11,-14.19,10.6,개인,False,0.62,-14.33,13.34,개인,False
2024,356860,티엘비,2024-03-06,2024-03-06,13459,7,2024-03-11,12717.0,STOP_LOSS,3,-5377,-0.0571,-5.13,9.18,-3.22,외국인,False,0.31,1.74,-2.05,외국인,True,-13.59,-21.29,32.13,개인,False
2024,005290,동진쎄미켐,2024-03-06,2024-03-06,41541,2,2024-03-11,39011.0,STOP_LOSS,3,-5226,-0.0629,-37.41,236.08,-181.9,외국인,False,-101.59,106.23,-8.23,외국인,False,73.9,-90.88,0.63,기관,False
2024,388870,파로스아이바이오,2024-03-06,2024-03-06,15465,6,2024-03-22,18560.0,TAKE_PROFIT,12,18336,0.1976,-4.71,35.49,-37.46,외국인,False,-6.55,1.19,7.96,개인,False,-0.98,-17.46,23.47,개인,False
2024,042670,HD현대인프라코어,2024-03-08,2024-03-08,8308,11,2024-03-11,7902.0,STOP_LOSS,1,-4652,-0.0509,,,,,,,,,,,,,,,
2024,454910,두산로보틱스,2024-03-11,2024-03-11,89089,1,2024-04-01,84815.0,STOP_LOSS,15,-4453,-0.05,27.28,580.68,-610.36,외국인,True,5.52,386.0,-403.63,외국인,True,387.16,-45.33,-339.47,기관,False
2024,058470,리노공업,2024-03-11,2024-03-11,48605,2,2024-03-13,46254.0,STOP_LOSS,2,-4897,-0.0504,1.23,-22.82,21.36,개인,False,-27.65,25.67,1.48,외국인,False,3.46,63.45,-67.35,외국인,True
2024,112040,위메이드,2024-03-11,2024-03-11,55055,1,2024-03-13,66100.0,TAKE_PROFIT,2,10908,0.1981,91.04,25.37,-125.71,기관,True,23.35,-30.16,-0.61,기관,False,39.68,-66.93,26.74,기관,False
2024,004560,현대비앤지스틸,2024-03-12,2024-03-12,20921,4,2024-03-13,19910.0,STOP_LOSS,1,-4211,-0.0503,-0.58,25.74,-24.36,외국인,False,-1.76,-14.55,16.28,개인,False,5.65,-10.42,2.93,기관,False
2024,067630,HLB생명과학,2024-03-13,2024-03-13,18377,5,2024-03-25,22100.0,TAKE_PROFIT,8,18384,0.2001,-12.76,339.86,-323.94,외국인,False,-29.97,-36.43,63.74,개인,False,-9.13,-162.97,173.99,개인,False
2024,335890,비올,2024-03-13,2024-03-13,8488,11,2024-03-15,10350.0,TAKE_PROFIT,2,20241,0.2168,,,,,,,,,,,,,,,
2024,078150,HB테크놀러지,2024-03-13,2024-03-13,2447,40,2024-03-15,2328.0,STOP_LOSS,2,-4987,-0.0509,-3.05,27.58,-25.76,외국인,False,-0.04,-3.72,3.58,개인,False,-0.82,-20.5,23.31,개인,False
2024,304100,솔트룩스,2024-03-15,2024-03-15,29830,3,2024-03-18,28372.0,STOP_LOSS,1,-4554,-0.0509,3.24,-1.32,-3.65,기관,False,2.39,2.96,-8.85,외국인,True,-0.64,11.5,-14.28,외국인,False
2024,109610,에스와이,2024-03-15,2024-03-15,4850,20,2024-03-19,4560.0,STOP_LOSS,2,-5981,-0.0617,9.27,-7.91,-0.12,기관,False,-0.14,3.88,-9.49,외국인,False,-8.13,1.57,5.76,개인,False
2024,264850,이랜시스,2024-03-19,2024-03-19,8709,11,2024-03-20,8282.0,STOP_LOSS,1,-4889,-0.051,4.93,7.18,-13.02,외국인,True,3.89,8.5,-16.35,외국인,True,-1.04,-11.98,10.72,개인,False
2024,140670,알에스오토메이션,2024-03-19,2024-03-19,18076,5,2024-03-21,21700.0,TAKE_PROFIT,2,17893,0.198,-7.96,17.63,-8.9,외국인,False,-4.31,-0.11,4.01,개인,False,83.0,59.23,-150.54,기관,True
2024,005930,삼성전자,2024-03-20,2024-03-20,76977,1,2024-08-05,73227.0,STOP_LOSS,93,-3905,-0.0507,5563.35,4131.17,-9556.23,기관,True,-298.21,-2695.68,2606.47,개인,False,7127.19,19854.16,-26587.08,외국인,True
2024,004830,덕성,2024-03-21,2024-03-21,10500,9,2024-03-26,9990.0,STOP_LOSS,3,-4784,-0.0506,-0.58,-5.02,2.72,개인,False,-0.23,4.1,-4.31,외국인,False,-0.93,-2.49,6.82,개인,False
2024,084370,유진테크,2024-03-21,2024-03-21,41491,2,2024-03-22,39460.0,STOP_LOSS,1,-4228,-0.051,-11.74,208.3,-191.09,외국인,False,-23.5,28.14,-3.91,외국인,False,33.62,62.54,-96.11,외국인,True
2024,019170,신풍제약,2024-03-22,2024-03-22,16276,6,2024-03-25,19540.0,TAKE_PROFIT,1,19339,0.198,3.88,39.63,-30.51,외국인,True,3.49,-0.28,-3.06,기관,False,3.14,-33.61,26.37,개인,False
2024,048410,현대바이오,2024-03-22,2024-03-22,10777,9,2024-03-25,10260.0,STOP_LOSS,1,-4852,-0.05,0.88,15.69,-14.79,외국인,True,0.22,6.39,-5.29,외국인,True,2.65,-10.59,7.99,개인,False
2024,336570,원텍,2024-03-25,2024-03-25,9900,10,2024-03-27,9421.0,STOP_LOSS,2,-4992,-0.0504,47.75,8.14,-55.21,기관,True,12.94,2.14,-15.49,기관,True,109.02,-46.54,-64.5,기관,False
2024,003580,HLB글로벌,2024-03-25,2024-03-25,8118,12,2024-04-02,7722.0,STOP_LOSS,6,-4945,-0.0508,0.13,75.42,-61.36,외국인,True,0.21,0.09,4.26,개인,True,-0.3,-56.48,26.04,개인,False
2024,214450,파마리서치,2024-03-25,2024-03-25,98799,1,2024-04-05,118600.0,TAKE_PROFIT,9,19555,0.1979,13.4,-15.93,-0.2,기관,False,-5.39,-19.01,21.26,개인,False,103.83,-223.75,92.52,기관,False
2024,356680,엑스게이트,2024-03-26,2024-03-26,6787,14,2024-03-27,6454.0,STOP_LOSS,1,-4856,-0.0511,-2.52,3.31,-0.59,외국인,False,-0.43,-0.35,0.49,개인,False,-0.09,4.36,-4.07,외국인,False
2024,089890,코세스,2024-03-26,2024-03-26,18569,5,2024-03-27,17672.0,STOP_LOSS,1,-4667,-0.0503,-1.89,-4.1,3.89,개인,False,-1.87,-41.38,44.31,개인,False,-5.81,-32.78,40.1,개인,False
2024,003280,흥아해운,2024-03-27,2024-03-27,2918,34,2024-03-28,2777.0,STOP_LOSS,1,-4983,-0.0502,0.62,-19.25,19.01,개인,False,0.16,-7.23,6.62,개인,False,1.34,6.95,-9.74,외국인,True
2024,064350,현대로템,2024-03-27,2024-03-27,34334,2,2024-04-09,41250.0,TAKE_PROFIT,9,13660,0.1989,175.8,439.7,-611.13,외국인,True,87.81,287.62,-370.97,외국인,True,283.12,1251.27,-1497.14,외국인,True
2024,008930,한미사이언스,2024-03-28,2024-03-28,44394,2,2024-03-29,41908.0,STOP_LOSS,1,-5149,-0.058,-89.65,-2.22,84.13,개인,False,-20.98,9.33,8.4,외국인,False,-220.74,-5.16,224.94,개인,False
2024,451760,컨텍,2024-03-28,2024-03-28,18759,5,2024-04-11,17852.0,STOP_LOSS,9,-4721,-0.0503,-17.21,3.07,72.57,개인,False,-0.11,8.08,-9.69,외국인,False,37.71,-3.6,29.56,기관,False
2024,080220,제주반도체,2024-03-29,2024-03-29,29529,3,2024-04-02,28072.0,STOP_LOSS,2,-4550,-0.0514,-0.51,244.26,-238.66,외국인,False,3.14,134.75,-135.95,외국인,True,-2.41,-78.98,87.46,개인,False
2024,112610,씨에스윈드,2024-04-01,2024-04-01,57157,1,2024-04-03,54346.0,STOP_LOSS,2,-2926,-0.0512,88.37,110.74,-177.34,외국인,True,-18.51,-44.84,88.27,개인,False,66.03,-242.33,172.15,개인,False
2024,102120,어보브반도체,2024-04-02,2024-04-02,18338,5,2024-04-03,17453.0,STOP_LOSS,1,-4613,-0.0503,-11.41,-45.42,57.69,개인,False,-13.26,-15.29,29.61,개인,False,1.9,1.56,-8.44,기관,True
2024,006360,GS건설,2024-04-03,2024-04-03,15646,6,2024-04-08,14895.0,STOP_LOSS,3,-4692,-0.05,4.16,7.05,-5.79,외국인,True,1.0,-11.23,10.78,개인,False,-30.28,-45.25,72.39,개인,False
2024,012510,더존비즈온,2024-04-04,2024-04-04,53353,1,2024-04-05,50749.0,STOP_LOSS,1,-2711,-0.0508,,,,,,,,,,,,,,,
2024,036930,주성엔지니어링,2024-04-04,2024-04-04,37437,2,2024-04-09,35614.0,STOP_LOSS,3,-3796,-0.0507,-88.32,-2.9,94.54,개인,False,-103.83,-86.85,208.48,개인,False,67.04,-257.47,187.5,개인,False
2024,000880,한화,2024-04-08,2024-04-08,35389,2,2024-04-09,33666.0,STOP_LOSS,1,-3588,-0.0507,-42.98,-91.91,147.21,개인,False,-75.44,-100.45,167.49,개인,False,67.14,-112.19,29.21,기관,False
2024,049950,미래컴퍼니,2024-04-11,2024-04-11,32833,3,2024-04-12,31219.0,STOP_LOSS,1,-5040,-0.0512,0.93,-4.53,-0.28,기관,False,0.7,-5.16,4.02,개인,False,1.28,4.91,-3.79,외국인,True
2024,396470,워트,2024-04-11,2024-04-11,11381,8,2024-04-15,10829.0,STOP_LOSS,2,-4600,-0.0505,-1.01,15.34,-17.21,외국인,False,-1.11,4.72,-4.15,외국인,False,-0.99,16.13,-11.79,외국인,False
2024,053800,안랩,2024-04-12,2024-04-12,69269,1,2024-04-16,65534.0,STOP_LOSS,2,-3873,-0.0559,-19.62,-20.94,39.52,개인,False,-15.99,-40.41,54.44,개인,False,7.84,28.26,-37.59,외국인,True
2024,229640,LS에코에너지,2024-04-12,2024-04-12,19059,5,2024-04-16,18142.0,STOP_LOSS,2,-4777,-0.0501,25.78,-25.33,-7.76,기관,False,9.12,-52.94,38.94,개인,False,4.66,-11.85,7.24,개인,False
2024,206650,유바이오로직스,2024-04-15,2024-04-15,13914,7,2024-04-16,13237.0,STOP_LOSS,1,-4935,-0.0507,-9.72,5.27,-23.15,외국인,False,-3.94,-28.43,6.46,개인,False,-7.9,-50.06,61.66,개인,False
2024,200710,에이디테크놀로지,2024-04-15,2024-04-15,43694,2,2024-04-16,41558.0,STOP_LOSS,1,-4446,-0.0509,55.58,-34.13,-29.08,기관,False,51.88,-37.11,-24.63,기관,False,4.45,-109.52,119.88,개인,False
2024,110990,디아이티,2024-04-15,2024-04-15,22923,4,2024-04-16,21778.0,STOP_LOSS,1,-4762,-0.0519,58.31,22.5,-94.68,기관,True,35.16,9.54,-59.4,기관,True,47.25,102.89,-144.13,외국인,True
2024,006220,제주은행,2024-04-16,2024-04-16,14785,6,2024-05-02,14066.0,STOP_LOSS,11,-4491,-0.0506,-4.42,28.99,-24.01,외국인,False,-3.14,39.71,-35.91,외국인,False,1.93,58.92,-63.54,외국인,True
2024,065450,빅텍,2024-04-16,2024-04-16,5255,18,2024-04-17,4995.0,STOP_LOSS,1,-4874,-0.0515,-0.95,5.14,-5.58,외국인,False,-0.02,-6.38,6.6,개인,False,0.0,17.28,-15.83,외국인,True
2024,028050,삼성E&A,2024-04-16,2024-04-16,26176,3,2024-04-17,24875.0,STOP_LOSS,1,-4060,-0.0517,72.24,37.82,-112.41,기관,True,-13.59,60.99,-52.71,외국인,False,63.31,-30.86,-35.01,기관,False
2024,440110,파두,2024-04-17,2024-04-17,20771,4,2024-04-19,19770.0,STOP_LOSS,2,-4169,-0.0502,10.76,75.05,-89.81,외국인,True,-5.25,-3.1,6.09,개인,False,-10.99,-19.81,33.67,개인,False
2024,039440,에스티아이,2024-04-18,2024-04-18,42042,2,2024-04-19,40010.0,STOP_LOSS,1,-4233,-0.0503,135.24,140.8,-296.71,외국인,True,97.7,72.21,-167.81,기관,True,-11.7,-118.56,148.37,개인,False
2024,171090,선익시스템,2024-04-18,2024-04-18,42993,2,2024-04-19,40909.0,STOP_LOSS,1,-4340,-0.0505,-5.64,-0.64,5.81,개인,False,-8.27,-20.2,27.63,개인,False,5.95,23.46,-28.93,외국인,True
2024,011200,HMM,2024-04-22,2024-04-22,16136,6,2024-04-23,15355.0,STOP_LOSS,1,-4883,-0.0504,260.73,-148.9,-114.48,기관,False,71.07,-192.21,118.81,개인,False,-89.94,3.39,87.03,개인,False
2024,067080,대화제약,2024-04-22,2024-04-22,11562,8,2024-04-25,10979.0,STOP_LOSS,3,-4845,-0.0524,0.77,-0.94,-2.27,기관,False,0.68,-5.89,5.1,개인,False,-0.04,7.76,-4.93,외국인,False
2024,402490,그린리소스,2024-04-22,2024-04-22,15525,6,2024-04-24,14775.0,STOP_LOSS,2,-4684,-0.0503,1.56,1.49,-2.75,기관,True,1.54,2.04,-4.91,외국인,True,-0.56,7.75,-6.78,외국인,False
2024,030520,한컴,2024-04-23,2024-04-23,24825,4,2024-04-29,23626.0,STOP_LOSS,4,-4993,-0.0503,97.23,-27.9,-71.67,기관,False,45.41,-59.7,8.83,기관,False,55.78,10.25,-48.88,기관,True
2024,138930,BNK금융지주,2024-04-23,2024-04-23,8278,12,2024-08-20,9940.0,TAKE_PROFIT,80,19693,0.1982,108.7,146.04,-182.7,외국인,True,54.94,56.95,-96.58,외국인,True,22.36,119.03,-132.05,외국인,True
2024,195940,HK이노엔,2024-04-23,2024-04-23,40240,2,2024-04-25,38262.0,STOP_LOSS,2,-4118,-0.0512,101.62,33.35,-134.22,기관,True,69.58,-17.92,-52.68,기관,False,25.46,-26.93,0.75,기관,False
2024,237820,플레이디,2024-04-24,2024-04-24,7357,13,2024-05-13,7003.0,STOP_LOSS,11,-4799,-0.0502,0.1,-1.14,-0.12,기관,False,-0.46,6.72,-4.86,외국인,False,-0.44,-0.94,2.85,개인,False
2024,047810,한국항공우주,2024-04-24,2024-04-24,52653,1,2024-07-02,50050.0,STOP_LOSS,45,-2708,-0.0514,102.96,295.31,-394.79,외국인,True,17.55,144.77,-161.49,외국인,True,201.05,333.34,-531.68,외국인,True
2024,105560,KB금융,2024-04-26,2024-04-26,76076,1,2024-05-02,72428.0,STOP_LOSS,3,-3801,-0.05,555.42,640.18,-1180.12,외국인,True,340.34,192.11,-527.29,기관,True,147.95,-92.81,-52.41,기관,False
2024,140670,알에스오토메이션,2024-04-26,2024-04-26,20603,4,2024-04-29,19610.0,STOP_LOSS,1,-4135,-0.0502,-1.16,-28.58,29.74,개인,False,0.28,-43.96,44.09,개인,False,0.29,2.79,-3.49,외국인,True
2024,086790,하나금융지주,2024-04-26,2024-04-26,60060,1,2024-05-02,57143.0,STOP_LOSS,3,-3038,-0.0506,599.26,-108.21,-489.63,기관,False,425.94,-284.0,-143.71,기관,False,-74.97,-131.06,201.53,개인,False
2024,278470,에이피알,2024-04-29,2024-04-29,54054,1,2024-05-09,64900.0,TAKE_PROFIT,6,10711,0.1982,-13.84,116.4,7.4,외국인,False,26.54,22.35,-34.98,기관,True,85.89,19.74,0.29,기관,True
2024,204320,HL만도,2024-04-29,2024-04-29,38388,2,2024-05-17,36513.0,STOP_LOSS,11,-3904,-0.0508,72.01,277.53,-344.63,외국인,True,10.73,6.06,-15.73,기관,True,162.4,58.23,-227.37,기관,True
2024,055550,신한지주,2024-04-29,2024-04-29,46897,2,2024-06-05,44605.0,STOP_LOSS,24,-4771,-0.0509,296.48,78.09,-370.79,기관,True,472.99,-86.7,-385.32,기관,False,-17.39,203.82,-181.88,외국인,False
2024,039980,폴라리스AI,2024-05-02,2024-05-02,11444,8,2024-05-03,13740.0,TAKE_PROFIT,1,18139,0.1981,0.05,-4.75,11.29,개인,False,-2.43,-18.67,27.62,개인,False,14.63,65.39,-69.25,외국인,True
2024,317330,덕산테코피아,2024-05-02,2024-05-02,44544,2,2024-05-03,42408.0,STOP_LOSS,1,-4453,-0.05,-5.26,-72.14,74.27,개인,False,-5.69,-71.67,77.45,개인,False,-80.38,-212.41,391.01,개인,False
2024,085670,뉴프렉스,2024-05-02,2024-05-02,8078,12,2024-05-16,7682.0,STOP_LOSS,8,-4943,-0.051,17.89,-12.59,-0.71,기관,False,13.82,17.04,-24.21,외국인,True,6.32,-14.53,4.81,기관,False
2024,090460,비에이치,2024-05-03,2024-05-03,20721,4,2024-05-29,24900.0,TAKE_PROFIT,16,16511,0.1992,146.46,160.19,-317.45,외국인,True,8.53,25.13,-34.9,외국인,True,161.31,-101.73,-68.9,기관,False
2024,024910,경창산업,2024-05-03,2024-05-03,2833,35,2024-05-13,2677.0,STOP_LOSS,5,-5640,-0.0569,-0.08,-6.28,6.36,개인,False,-0.08,-6.31,6.06,개인,False,0.0,5.8,-6.08,외국인,False
2024,335890,비올,2024-05-09,2024-05-09,11011,9,2024-05-13,10480.0,STOP_LOSS,2,-4982,-0.0503,,,,,,,,,,,,,,,
2024,210980,SK디앤디,2024-05-14,2024-05-14,8997,11,2024-05-17,8496.0,STOP_LOSS,2,-5703,-0.0576,0.02,0.43,3.55,개인,True,0.15,3.57,-3.81,외국인,True,0.11,12.58,-16.39,외국인,True
2024,051370,인터플렉스,2024-05-14,2024-05-14,15636,6,2024-06-11,14885.0,STOP_LOSS,18,-4691,-0.05,1.12,41.04,-43.67,외국인,True,0.03,5.4,-5.66,외국인,True,0.81,-29.99,32.51,개인,False
2024,030200,KT,2024-05-14,2024-05-14,36587,2,2024-10-18,43950.0,TAKE_PROFIT,104,14545,0.1988,11.21,61.53,-48.13,외국인,True,127.41,9.07,-85.36,기관,True,-47.83,162.45,-115.48,외국인,False
2024,000100,유한양행,2024-05-16,2024-05-16,74074,1,2024-05-22,70430.0,STOP_LOSS,4,-3793,-0.0512,8.54,-48.53,40.98,개인,False,-39.15,-117.05,154.04,개인,False,26.25,-218.0,189.51,개인,False
2024,351330,이삭엔지니어링,2024-05-17,2024-05-17,13013,7,2024-05-24,15620.0,TAKE_PROFIT,5,18022,0.1978,1.32,-12.79,9.71,개인,False,-1.03,-13.72,14.45,개인,False,-2.23,-14.96,18.42,개인,False
2024,079370,제우스,2024-05-17,2024-05-17,18669,5,2024-05-27,17772.0,STOP_LOSS,6,-4669,-0.05,5.44,-19.27,11.12,개인,False,0.21,16.98,-22.94,외국인,True,9.98,55.09,-69.03,외국인,True
2024,051980,중앙첨단소재,2024-05-22,2024-05-22,6016,16,2024-05-23,7220.0,TAKE_PROFIT,1,19024,0.1976,-0.07,63.43,133.24,개인,False,-0.04,18.47,5.57,외국인,False,12.13,37.85,68.37,개인,True
2024,041510,에스엠,2024-05-23,2024-05-23,90891,1,2024-05-29,86513.0,STOP_LOSS,4,-4560,-0.0502,87.12,106.59,-180.48,외국인,True,21.26,9.6,-15.62,기관,True,534.88,79.03,197.3,기관,True
2024,006110,삼아알미늄,2024-05-27,2024-05-27,81982,1,2024-06-24,78022.0,STOP_LOSS,19,-4124,-0.0503,-7.77,27.02,-17.95,외국인,False,-10.12,-0.42,14.35,개인,False,-0.47,-22.5,30.15,개인,False
2024,403870,HPSP,2024-05-28,2024-05-28,45245,2,2024-05-30,43007.0,STOP_LOSS,2,-4658,-0.0515,108.6,305.22,-410.08,외국인,True,138.4,-75.11,-63.8,기관,False,53.04,94.69,116.12,개인,True
2024,036200,유니셈,2024-05-29,2024-05-29,11952,8,2024-05-30,11379.0,STOP_LOSS,1,-4778,-0.05,3.27,56.01,-56.76,외국인,True,8.93,-4.43,-3.5,기관,False,5.94,-39.9,34.24,개인,False
2024,003160,디아이,2024-05-31,2024-05-31,21021,4,2024-06-03,19980.0,STOP_LOSS,1,-4332,-0.0515,-3.28,54.75,-49.56,외국인,False,-59.95,-25.54,86.54,개인,False,-55.67,-91.71,151.64,개인,False
2024,032350,롯데관광개발,2024-05-31,2024-05-31,10851,9,2024-06-03,10330.0,STOP_LOSS,1,-4887,-0.05,52.19,116.36,-169.01,외국인,True,10.25,76.08,-90.81,외국인,True,-41.48,-125.98,164.78,개인,False
2024,065450,빅텍,2024-06-03,2024-06-03,4905,20,2024-06-10,5890.0,TAKE_PROFIT,4,19458,0.1983,0.0,-4.54,3.38,개인,False,0.0,0.76,-1.91,외국인,True,0.77,19.66,-19.76,외국인,True
2024,253590,네오셈,2024-06-05,2024-06-05,11291,8,2024-06-11,10749.0,STOP_LOSS,3,-4518,-0.05,0.02,16.6,-17.84,외국인,True,-0.04,17.22,-16.33,외국인,False,0.9,43.79,-44.87,외국인,True
2024,101360,에코앤드림,2024-06-05,2024-06-05,35778,2,2024-06-07,42950.0,TAKE_PROFIT,1,14167,0.198,-4.85,14.58,-3.64,외국인,False,2.28,8.47,0.12,외국인,True,36.42,-43.37,-3.71,기관,False
2024,002710,TCC스틸,2024-06-05,2024-06-05,54554,1,2024-06-25,51848.0,STOP_LOSS,13,-2816,-0.0516,11.04,51.18,-62.06,외국인,True,1.56,18.45,-18.02,외국인,True,-1.22,-10.23,5.24,개인,False
2024,036930,주성엔지니어링,2024-06-07,2024-06-07,35535,2,2024-06-10,33816.0,STOP_LOSS,1,-3581,-0.0504,-54.28,-18.87,68.97,개인,False,-64.47,-114.45,174.51,개인,False,80.6,5.24,-66.37,기관,True
2024,204270,제이앤티씨,2024-06-10,2024-06-10,20170,4,2024-06-12,19201.0,STOP_LOSS,2,-4039,-0.0501,4.39,-0.25,-24.34,기관,False,-6.12,-4.28,-8.49,외국인,False,-101.05,202.33,-83.86,외국인,False
2024,457190,이수스페셜티케미컬,2024-06-10,2024-06-10,57658,1,2024-06-14,54845.0,STOP_LOSS,4,-2928,-0.0508,96.25,7.2,-104.54,기관,True,61.5,10.34,-68.63,기관,True,214.49,-173.89,-38.91,기관,False
2024,009520,포스코엠텍,2024-06-11,2024-06-11,22573,4,2024-06-17,21478.0,STOP_LOSS,4,-4557,-0.0505,1.6,6.24,-4.11,외국인,True,-0.99,11.06,-13.91,외국인,False,-1.53,-8.66,12.16,개인,False
2024,073570,리튬포어스,2024-06-11,2024-06-11,25380,3,2024-06-12,24126.0,STOP_LOSS,1,-3916,-0.0514,-3.26,43.91,10.25,외국인,False,-2.61,23.98,-4.92,외국인,False,-34.74,16.2,28.46,개인,False
2024,022100,포스코DX,2024-06-12,2024-06-12,41091,2,2024-06-21,39111.0,STOP_LOSS,7,-4125,-0.0502,219.16,-176.1,-43.2,기관,False,160.35,-138.63,-19.64,기관,False,262.94,-73.66,-185.36,기관,False
2024,228760,지노믹트리,2024-06-12,2024-06-12,21822,4,2024-06-18,20729.0,STOP_LOSS,4,-4545,-0.0521,1.41,7.27,-14.98,외국인,True,1.06,8.56,-5.7,외국인,True,-7.57,25.51,-15.38,외국인,False
2024,166090,하나머티리얼즈,2024-06-14,2024-06-14,58859,1,2024-06-25,55944.0,STOP_LOSS,7,-3033,-0.0515,126.24,-16.7,-119.63,기관,False,16.3,-32.16,2.0,기관,False,13.77,19.8,-47.52,외국인,True
2024,064350,현대로템,2024-06-17,2024-06-17,42643,2,2024-06-18,40559.0,STOP_LOSS,1,-4337,-0.0509,306.07,654.7,-944.09,외국인,True,49.93,78.41,-129.26,외국인,True,119.13,-818.4,692.37,개인,False
2024,087260,모바일어플라이언스,2024-06-18,2024-06-18,3008,33,2024-06-21,2847.0,STOP_LOSS,3,-5506,-0.0555,0.5,2.02,-3.0,외국인,True,-0.0,11.77,-11.97,외국인,False,-0.45,5.2,-4.13,외국인,False
2024,039440,에스티아이,2024-06-18,2024-06-18,37187,2,2024-07-10,35365.0,STOP_LOSS,16,-3794,-0.051,91.59,85.42,-177.01,기관,True,29.82,66.18,-93.87,외국인,True,144.68,24.09,-168.42,기관,True
2024,017510,세명전기,2024-06-21,2024-06-21,5776,17,2024-06-25,5435.0,STOP_LOSS,2,-5995,-0.0611,0.0,-1.66,2.07,개인,False,0.0,-0.77,1.08,개인,False,-0.0,11.61,-14.12,외국인,False
2024,017670,SK텔레콤,2024-06-21,2024-06-21,52252,1,,,보유중,128,0,0.0,-20.06,46.59,-43.15,외국인,False,-85.01,-245.54,304.65,개인,False,-91.76,-21.99,101.9,개인,False
2024,017860,DS단석,2024-06-24,2024-06-24,40990,2,2024-07-02,39011.0,STOP_LOSS,6,-4123,-0.0503,17.76,3.47,-20.3,기관,True,8.55,-4.58,-4.58,기관,False,32.53,-11.68,-21.18,기관,False
2024,028300,HLB,2024-06-25,2024-06-25,72873,1,2024-06-26,69331.0,STOP_LOSS,1,-3688,-0.0506,-15.61,942.8,-901.72,외국인,False,-38.03,283.22,-250.14,외국인,False,1.42,-891.98,837.02,개인,False
2024,016360,삼성증권,2024-06-25,2024-06-25,38338,2,2024-07-17,46050.0,TAKE_PROFIT,16,15232,0.1987,154.56,-59.3,-101.29,기관,False,230.0,-169.49,-71.62,기관,False,257.33,26.7,-283.1,기관,True
2024,095610,테스,2024-06-26,2024-06-26,26526,3,2024-07-02,25225.0,STOP_LOSS,4,-4065,-0.0511,69.38,78.16,-159.57,외국인,True,-6.27,15.92,-15.84,외국인,False,90.21,29.86,-110.02,기관,True
2024,078150,HB테크놀러지,2024-06-26,2024-06-26,3609,27,2024-07-09,4335.0,TAKE_PROFIT,9,19370,0.1988,-0.79,-14.18,14.59,개인,False,-0.78,-11.62,11.15,개인,False,10.47,-33.89,20.78,개인,False
2024,105560,KB금융,2024-07-02,2024-07-02,83283,1,2024-08-05,77323.0,STOP_LOSS,24,-6124,-0.0735,201.22,113.44,-322.72,기관,True,105.6,-280.49,169.14,개인,False,469.9,-342.31,-115.54,기관,False
2024,439580,블루엠텍,2024-07-02,2024-07-02,5171,19,2024-07-04,4920.0,STOP_LOSS,2,-4974,-0.0506,-7.6,-3.68,15.16,개인,False,-3.75,-1.47,4.9,개인,False,-0.62,2.59,0.86,외국인,False
2024,086790,하나금융지주,2024-07-02,2024-07-02,62963,1,2024-08-05,59440.0,STOP_LOSS,24,-3648,-0.0579,178.13,129.25,-297.42,기관,True,131.17,-0.52,-134.99,기관,False,367.61,-200.09,-153.79,기관,False
2024,335890,비올,2024-07-04,2024-07-04,11341,8,2024-07-10,10689.0,STOP_LOSS,4,-5397,-0.0595,,,,,,,,,,,,,,,
2024,034020,두산에너빌리티,2024-07-09,2024-07-09,22272,4,2024-07-12,20779.0,STOP_LOSS,3,-6148,-0.069,134.83,848.04,-989.14,외국인,True,111.68,361.25,-461.7,외국인,True,-137.59,70.91,71.13,개인,False
2024,251270,넷마블,2024-07-10,2024-07-10,58258,1,2024-08-09,72000.0,TAKE_PROFIT,22,13593,0.2333,2489.54,38.99,-27.42,기관,True,-4.49,37.75,-33.95,외국인,False,87.11,75.72,-161.63,기관,True
2024,010120,LS ELECTRIC,2024-07-10,2024-07-10,44945,2,2024-07-18,42757.0,STOP_LOSS,6,-4556,-0.0507,60.51,52.38,-110.65,기관,True,18.61,39.47,-57.93,외국인,True,29.17,-109.1,81.11,개인,False
2024,241560,두산밥캣,2024-07-12,2024-07-12,54655,1,2024-07-15,51948.0,STOP_LOSS,1,-2816,-0.0515,557.55,-771.8,192.74,기관,False,-133.15,109.91,25.89,외국인,False,768.02,-1057.31,278.22,기관,False
2024,041190,우리기술투자,2024-07-15,2024-07-15,8508,11,2024-08-02,8092.0,STOP_LOSS,14,-4770,-0.051,-4.85,15.29,-10.09,외국인,False,-5.45,-35.05,37.77,개인,False,78.27,-63.49,-16.72,기관,False
2024,000720,현대건설,2024-07-17,2024-07-17,34484,2,2024-07-18,32817.0,STOP_LOSS,1,-3473,-0.0504,186.78,1.37,-200.97,기관,True,-57.01,-37.29,92.05,개인,False,-79.94,-225.71,308.54,개인,False
2024,035900,JYP Ent.,2024-07-18,2024-07-18,57958,1,2024-07-24,55145.0,STOP_LOSS,4,-2929,-0.0505,95.05,-8.71,-87.47,기관,False,58.34,-41.83,-16.2,기관,False,-41.92,-125.14,165.15,개인,False
2024,039610,화성밸브,2024-07-19,2024-07-19,9289,10,2024-07-23,11150.0,TAKE_PROFIT,2,18376,0.1978,2.64,2.75,-4.37,외국인,True,0.2,-8.18,6.54,개인,False,14.45,13.43,-28.79,기관,True
2024,082740,한화엔진,2024-07-23,2024-07-23,16917,5,2024-07-24,16104.0,STOP_LOSS,1,-4235,-0.0501,9.46,93.9,-114.35,외국인,True,-42.49,43.89,-9.44,외국인,False,-122.11,-12.33,138.59,개인,False
2024,002720,국제약품,2024-07-25,2024-07-25,6627,15,2024-07-26,6304.0,STOP_LOSS,1,-5043,-0.0507,-1.48,6.54,-5.85,외국인,False,-1.21,15.19,-13.34,외국인,False,1.95,2.97,-4.56,외국인,True
2024,445680,큐리옥스바이오시스템즈,2024-07-26,2024-07-26,25783,3,2024-07-29,24525.0,STOP_LOSS,1,-3927,-0.0508,-1.8,58.71,-40.98,외국인,False,-6.32,12.23,-6.68,외국인,False,-0.95,-4.5,5.03,개인,False
2024,232140,와이씨,2024-07-29,2024-07-29,18278,5,2024-07-30,17393.0,STOP_LOSS,1,-4612,-0.0505,-37.25,125.61,-109.18,외국인,False,-44.08,-23.08,66.83,개인,False,109.88,24.92,-125.65,기관,True
2024,047810,한국항공우주,2024-07-29,2024-07-29,54655,1,2024-08-05,51948.0,STOP_LOSS,5,-2816,-0.0515,288.8,378.88,-707.15,외국인,True,105.18,66.83,-194.3,기관,True,43.94,1366.08,-1349.04,외국인,True
2024,004090,한국석유,2024-07-31,2024-07-31,20370,4,2024-08-05,24450.0,TAKE_PROFIT,3,16116,0.1978,0.09,-3.44,3.64,개인,False,0.02,-4.35,4.58,개인,False,-5.56,21.0,-15.38,외국인,False
2024,019170,신풍제약,2024-08-07,2024-08-07,12512,7,2024-08-12,15020.0,TAKE_PROFIT,3,17334,0.1979,3.53,-18.03,13.66,개인,False,4.38,-10.66,6.38,개인,False,5.42,-2.88,2.36,기관,False
2024,439580,블루엠텍,2024-08-09,2024-08-09,6233,15,2024-08-19,5934.0,STOP_LOSS,5,-4674,-0.05,-0.46,2.38,2.28,외국인,False,0.1,-2.23,2.57,개인,False,0.0,2.37,-2.15,외국인,True
2024,014710,사조씨푸드,2024-08-09,2024-08-09,7758,12,2024-08-13,7383.0,STOP_LOSS,2,-4688,-0.0504,0.18,27.82,-32.86,외국인,True,-0.02,6.88,-30.69,외국인,False,0.25,-15.48,12.03,개인,False
2024,036460,한국가스공사,2024-08-12,2024-08-12,46246,2,2024-09-11,44006.0,STOP_LOSS,21,-4666,-0.0504,187.74,93.36,-295.38,기관,True,24.38,100.22,-139.05,외국인,True,7.62,-69.64,56.93,개인,False
2024,453450,그리드위즈,2024-08-13,2024-08-13,33734,2,2024-08-16,31618.0,STOP_LOSS,2,-4364,-0.0647,-18.46,-44.13,76.35,개인,False,-5.46,-8.91,22.38,개인,False,-59.28,16.24,121.08,개인,False
2024,222080,SFA넥셀,2024-08-13,2024-08-13,10581,9,2024-09-04,9990.0,STOP_LOSS,15,-5505,-0.0578,-5.02,-48.13,51.06,개인,False,1.16,-23.39,21.38,개인,False,5.55,-24.79,19.53,개인,False
2024,137400,피엔티,2024-08-13,2024-08-13,57858,1,2024-08-19,55045.0,STOP_LOSS,3,-2929,-0.0506,-24.32,-314.22,332.7,개인,False,-14.44,-227.29,205.71,개인,False,-1.4,-84.66,88.47,개인,False
2024,452190,한빛레이저,2024-08-13,2024-08-13,4915,20,2024-08-14,4650.0,STOP_LOSS,1,-5487,-0.0558,-50.46,-9.2,59.15,개인,False,-27.88,-6.25,31.56,개인,False,0.28,15.25,-18.22,외국인,True
2024,028300,HLB,2024-08-13,2024-08-13,84785,1,2024-10-10,80619.0,STOP_LOSS,35,-4335,-0.0511,-81.78,93.16,-37.46,외국인,False,-11.14,56.86,-70.35,외국인,False,147.89,-981.82,764.58,개인,False
2024,024840,KBI메탈,2024-08-14,2024-08-14,3068,32,2024-08-23,2872.0,STOP_LOSS,6,-6464,-0.0658,0.0,-19.18,20.5,개인,False,0.0,-25.18,25.22,개인,False,0.01,6.26,-6.1,외국인,True
2024,462510,라메디텍,2024-08-16,2024-08-16,14114,7,2024-08-19,13437.0,STOP_LOSS,1,-4941,-0.05,-7.54,5.25,1.84,외국인,False,-4.77,8.1,-3.36,외국인,False,-31.16,-5.14,37.4,개인,False
2024,003220,대원제약,2024-08-19,2024-08-19,17848,5,2024-08-20,16983.0,STOP_LOSS,1,-4503,-0.0505,-6.42,-42.74,49.83,개인,False,-6.31,35.99,-30.05,외국인,False,-4.96,-46.63,53.57,개인,False
2024,457190,이수스페셜티케미컬,2024-08-19,2024-08-19,40290,2,2024-08-20,48350.0,TAKE_PROFIT,1,15919,0.1976,9.49,-119.49,108.26,개인,False,1.08,-86.86,85.48,개인,False,20.23,0.84,-9.78,기관,True
2024,033230,인성정보,2024-08-19,2024-08-19,2563,38,2024-08-21,2438.0,STOP_LOSS,2,-4945,-0.0508,0.0,-4.23,3.13,개인,False,0.0,3.39,-3.3,외국인,False,0.03,0.3,-0.74,외국인,True
2024,039980,폴라리스AI,2024-08-20,2024-08-20,14349,6,2024-08-21,13656.0,STOP_LOSS,1,-4329,-0.0503,-0.06,39.3,-34.03,외국인,False,-0.26,-8.19,14.77,개인,False,-0.11,-113.2,112.28,개인,False
2024,024900,디와이덕양,2024-08-20,2024-08-20,4249,23,2024-08-23,4041.0,STOP_LOSS,3,-4987,-0.051,0.03,-4.12,-1.82,기관,False,0.24,-6.58,5.66,개인,False,-0.01,-2.39,2.43,개인,False
2024,271560,오리온,2024-08-20,2024-08-20,93694,1,2024-09-04,87912.0,STOP_LOSS,11,-5967,-0.0637,206.05,54.81,-118.4,기관,True,161.89,47.79,-111.28,기관,True,98.31,-139.64,28.3,기관,False
2024,086790,하나금융지주,2024-08-21,2024-08-21,65566,1,2024-08-29,62338.0,STOP_LOSS,6,-3359,-0.0512,689.55,-243.73,-463.5,기관,False,533.62,-308.14,-238.41,기관,False,398.27,-480.59,91.64,기관,False
2024,001250,GS글로벌,2024-08-22,2024-08-22,3939,25,2024-08-23,3746.0,STOP_LOSS,1,-5015,-0.0509,-3.4,-6.37,6.91,개인,False,1.69,-10.57,8.63,개인,False,6.98,-11.23,3.51,기관,False
2024,199820,제일일렉트릭,2024-08-23,2024-08-23,7998,12,2024-08-28,7612.0,STOP_LOSS,3,-4820,-0.0502,0.1,-35.0,35.53,개인,False,0.01,-33.15,33.35,개인,False,-0.24,0.43,2.51,개인,False
2024,006660,삼성공조,2024-08-26,2024-08-26,14304,6,2024-08-29,13616.0,STOP_LOSS,3,-4300,-0.0501,-0.34,-12.5,12.73,개인,False,-0.05,6.19,-6.07,외국인,False,0.3,1.3,-1.33,외국인,True
2024,356680,엑스게이트,2024-08-26,2024-08-26,4655,21,2024-08-29,4431.0,STOP_LOSS,3,-4902,-0.0501,0.0,-6.42,6.7,개인,False,0.0,-8.05,7.61,개인,False,-0.0,1.05,-1.26,외국인,False
2024,378340,필에너지,2024-08-28,2024-08-28,16967,5,2024-09-03,20400.0,TAKE_PROFIT,4,16954,0.1998,-1.54,-2.68,4.63,개인,False,-0.59,-6.24,7.11,개인,False,-15.51,-36.18,51.64,개인,False
2024,450080,에코프로머티,2024-08-29,2024-08-29,89790,1,2024-09-20,107800.0,TAKE_PROFIT,13,17787,0.1981,34.68,292.57,-287.27,외국인,True,36.93,157.73,-142.21,외국인,True,103.24,62.2,-160.37,기관,True
2024,464080,에스오에스랩,2024-08-29,2024-08-29,6587,15,2024-09-04,7910.0,TAKE_PROFIT,4,19605,0.1984,-14.04,-7.07,31.2,개인,False,-14.05,5.02,17.34,개인,False,-1.84,0.59,3.72,개인,False
2024,145170,노브랜드,2024-08-30,2024-08-30,8973,11,2024-09-04,8541.0,STOP_LOSS,3,-4945,-0.0501,-5.62,6.02,-2.47,외국인,False,-4.06,1.51,2.49,개인,False,-1.8,-10.64,14.34,개인,False
2024,094480,갤럭시아머니트리,2024-09-03,2024-09-03,9610,10,2024-09-04,9141.0,STOP_LOSS,1,-4880,-0.0508,4.18,-4.13,7.51,개인,False,0.39,5.03,-3.95,외국인,True,2.23,5.67,-8.12,외국인,True
2024,130660,한전산업,2024-09-04,2024-09-04,15746,6,2024-09-05,14955.0,STOP_LOSS,1,-4933,-0.0522,1.7,-57.73,62.54,개인,False,1.04,10.34,-6.88,외국인,True,7.97,10.34,-24.0,외국인,True
2024,048870,시너지이노베이션,2024-09-04,2024-09-04,3173,31,2024-09-11,3017.0,STOP_LOSS,5,-5039,-0.0512,0.1,-16.11,16.44,개인,False,-0.02,-7.15,7.02,개인,False,-0.27,14.46,-5.89,외국인,False
2024,451250,삐아,2024-09-06,2024-09-06,14454,6,2024-09-10,13756.0,STOP_LOSS,2,-4363,-0.0503,-19.99,-1.04,20.89,개인,False,-21.34,-0.74,21.39,개인,False,-12.43,5.71,6.09,개인,False
2024,161580,필옵틱스,2024-09-11,2024-09-11,18919,5,2024-09-20,18002.0,STOP_LOSS,4,-4774,-0.0505,-8.9,-65.93,71.04,개인,False,-3.33,-6.58,9.0,개인,False,61.83,11.16,-72.01,기관,True
2024,018290,브이티,2024-09-12,2024-09-12,35235,2,2024-09-25,33516.0,STOP_LOSS,6,-3579,-0.0508,224.77,-46.71,-193.76,기관,False,153.15,-35.88,-131.34,기관,False,91.97,44.27,-128.02,기관,True
2024,214260,라파스,2024-09-13,2024-09-13,22172,4,2024-09-19,21079.0,STOP_LOSS,1,-4551,-0.0513,-3.24,13.82,-14.02,외국인,False,0.48,21.18,-24.0,외국인,True,0.0,4.77,-2.53,외국인,True
2024,336570,원텍,2024-09-13,2024-09-13,6947,14,2024-10-08,6613.0,STOP_LOSS,12,-4865,-0.05,19.41,5.29,-26.92,기관,True,9.14,-31.26,22.71,개인,False,24.19,-21.32,-10.02,기관,False
2024,034020,두산에너빌리티,2024-09-19,2024-09-19,18729,5,2024-09-24,17822.0,STOP_LOSS,3,-4721,-0.0504,69.87,139.8,-207.14,외국인,True,-18.26,128.8,-117.67,외국인,False,211.92,42.13,-258.32,기관,True
2024,257720,실리콘투,2024-09-19,2024-09-19,45495,2,2024-09-30,43307.0,STOP_LOSS,7,-4560,-0.0501,145.61,-47.72,-109.63,기관,False,155.19,161.96,-327.03,외국인,True,-134.03,144.95,13.2,외국인,False
2024,112610,씨에스윈드,2024-09-19,2024-09-19,69069,1,2024-10-02,65734.0,STOP_LOSS,8,-3473,-0.0503,375.45,-125.96,-242.42,기관,False,262.54,-97.74,-160.94,기관,False,197.25,91.68,-295.87,기관,True
2024,064350,현대로템,2024-09-20,2024-09-20,56156,1,2024-09-27,53446.0,STOP_LOSS,5,-2822,-0.0503,266.55,519.63,-784.2,외국인,True,149.65,145.62,-289.08,기관,True,-84.65,-140.97,246.29,개인,False
2024,024060,흥구석유,2024-09-20,2024-09-20,16567,6,2024-10-02,19880.0,TAKE_PROFIT,7,19633,0.1975,0.0,39.78,-40.83,외국인,False,0.0,0.67,-0.07,외국인,True,-0.05,-32.89,32.42,개인,False
2024,086520,에코프로,2024-09-24,2024-09-24,90290,1,2024-10-14,85015.0,STOP_LOSS,11,-5455,-0.0604,178.35,450.47,-584.12,외국인,True,110.62,207.4,-285.89,외국인,True,158.37,81.69,-237.28,기관,True
2024,383310,에코프로에이치엔,2024-09-25,2024-09-25,48763,2,2024-10-04,58600.0,TAKE_PROFIT,5,19431,0.1992,31.08,-8.23,-21.36,기관,False,23.89,15.01,-36.05,기관,True,42.8,26.44,-68.71,기관,True
2024,058850,KTcs,2024-09-27,2024-09-27,2948,33,2024-09-30,3540.0,TAKE_PROFIT,1,19295,0.1983,0.09,-2.11,2.75,개인,False,0.06,-10.18,11.5,개인,False,3.39,-7.26,5.07,개인,False
2024,084650,랩지노믹스,2024-09-30,2024-09-30,16642,5,2024-10-11,15834.0,STOP_LOSS,6,-4204,-0.0505,-4.59,-167.71,166.48,개인,False,0.01,21.95,-24.42,외국인,True,3.41,8.12,-12.04,외국인,True
2024,337930,젝시믹스,2024-09-30,2024-09-30,12452,7,2024-10-07,11848.0,STOP_LOSS,3,-4405,-0.0505,34.9,-37.43,20.62,기관,False,16.47,-47.42,39.95,개인,False,-7.45,-21.51,33.37,개인,False
2024,001440,대한전선,2024-10-04,2024-10-04,13293,7,2024-10-08,12647.0,STOP_LOSS,2,-4708,-0.0506,-3.49,68.59,-59.88,외국인,False,37.49,-30.84,-6.93,기관,False,-1.97,-125.69,136.69,개인,False
2024,225190,LK삼양,2024-10-04,2024-10-04,1984,50,2024-10-08,2385.0,TAKE_PROFIT,2,19786,0.1994,-0.02,4.11,-4.23,외국인,False,0.13,2.96,-4.9,외국인,True,0.1,9.29,-9.39,외국인,True
2024,051980,중앙첨단소재,2024-10-07,2024-10-07,12202,8,2024-10-10,14650.0,TAKE_PROFIT,2,19339,0.1981,0.21,136.33,-136.44,외국인,True,-0.01,-5.46,3.11,개인,False,0.72,190.82,-192.1,외국인,True
2024,462870,시프트업,2024-10-07,2024-10-07,64564,1,2024-10-08,61438.0,STOP_LOSS,1,-3255,-0.0504,31.13,112.68,-146.01,외국인,True,-28.29,1.18,27.63,개인,False,-61.51,-56.3,121.06,개인,False
2024,105560,KB금융,2024-10-08,2024-10-08,89489,1,2024-12-06,84815.0,STOP_LOSS,42,-4853,-0.0542,-55.83,1059.32,-940.87,외국인,False,-184.62,1492.74,-1278.77,외국인,False,298.22,661.23,-937.05,외국인,True
2024,298380,에이비엘바이오,2024-10-08,2024-10-08,33934,2,2024-10-11,40750.0,TAKE_PROFIT,2,13463,0.1984,82.72,7.92,-95.59,기관,True,24.22,-27.47,2.48,기관,False,-93.77,612.75,-497.77,외국인,False
2024,035900,JYP Ent.,2024-10-08,2024-10-08,51852,1,2024-10-28,49351.0,STOP_LOSS,13,-2605,-0.0502,22.84,62.81,-84.51,외국인,True,27.44,7.04,-34.15,기관,True,-23.87,13.49,9.3,외국인,False
2024,035720,카카오,2024-10-08,2024-10-08,37037,2,2024-11-08,35215.0,STOP_LOSS,22,-3793,-0.0512,-130.28,341.19,-210.56,외국인,False,-149.68,323.09,-183.27,외국인,False,-85.31,307.63,-218.63,외국인,False
2024,009420,한올바이오파마,2024-10-10,2024-10-10,42743,2,2024-10-22,51300.0,TAKE_PROFIT,8,16902,0.1977,33.97,135.87,-107.85,외국인,True,-7.51,59.66,-81.63,외국인,False,20.47,-48.57,8.71,기관,False
2024,039200,오스코텍,2024-10-10,2024-10-10,38989,2,2024-10-23,37113.0,STOP_LOSS,9,-3909,-0.0501,89.49,106.65,-188.7,외국인,True,57.05,116.99,-171.06,외국인,True,24.61,107.44,-130.93,외국인,True
2024,255220,SG,2024-10-11,2024-10-11,2679,37,2024-10-14,2547.0,STOP_LOSS,1,-5077,-0.0512,5.21,36.68,-42.42,외국인,True,3.24,-0.6,-1.82,기관,False,24.24,-62.64,55.79,개인,False
2024,055550,신한지주,2024-10-11,2024-10-11,57557,1,2024-10-30,54745.0,STOP_LOSS,13,-2928,-0.0509,-151.82,240.37,-45.2,외국인,False,-340.14,420.97,-53.13,외국인,False,-179.17,-11.73,192.59,개인,False
2024,316140,우리금융지주,2024-10-14,2024-10-14,16557,6,2024-10-30,15754.0,STOP_LOSS,12,-5013,-0.0505,60.04,726.57,-755.53,외국인,True,-6.42,297.93,-292.26,외국인,False,80.06,-79.06,-19.16,기관,False
2024,086790,하나금융지주,2024-10-14,2024-10-14,63864,1,2024-10-31,60739.0,STOP_LOSS,13,-3253,-0.0509,114.74,354.74,-463.62,외국인,True,-70.71,91.56,-22.4,외국인,False,263.39,-50.5,-217.75,기관,False
2024,241560,두산밥캣,2024-10-18,2024-10-18,43043,2,2024-10-22,40959.0,STOP_LOSS,2,-4341,-0.0504,-20.58,87.83,-67.65,외국인,False,-210.13,161.8,49.27,외국인,False,-65.22,-74.7,132.62,개인,False
2024,272210,한화시스템,2024-10-22,2024-10-22,19319,5,2024-10-31,18392.0,STOP_LOSS,7,-4832,-0.05,177.99,-13.16,-168.82,기관,False,131.04,-13.29,-105.38,기관,False,158.01,-74.08,-89.1,기관,False
2024,388050,지투파워,2024-10-23,2024-10-23,7007,14,2024-10-24,6643.0,STOP_LOSS,1,-5287,-0.0539,-0.13,-12.81,12.44,개인,False,-0.1,-11.92,11.06,개인,False,0.54,12.87,-13.54,외국인,True
2024,015760,한국전력,2024-10-24,2024-10-24,23073,4,2024-11-08,21928.0,STOP_LOSS,11,-4765,-0.0516,635.72,509.23,-1156.16,기관,True,423.76,145.59,-598.38,기관,True,249.45,40.62,-316.96,기관,True
2024,000080,하이트진로,2024-10-24,2024-10-24,21221,4,2024-11-05,20180.0,STOP_LOSS,8,-4336,-0.0511,51.6,-0.66,-51.45,기관,False,-5.14,-46.13,50.74,개인,False,64.41,-46.37,-21.74,기관,False
2024,163730,핑거,2024-10-29,2024-10-29,12643,7,2024-10-31,12028.0,STOP_LOSS,2,-4480,-0.0506,-1.04,10.29,-8.68,외국인,False,-1.29,2.1,-0.53,외국인,False,-3.44,7.64,-3.53,외국인,False
2024,012510,더존비즈온,2024-10-30,2024-10-30,58959,1,2024-11-04,56044.0,STOP_LOSS,3,-3033,-0.0514,,,,,,,,,,,,,,,
2024,140430,카티스,2024-10-31,2024-10-31,6758,14,2024-11-01,6434.0,STOP_LOSS,1,-4736,-0.0501,0.0,3.71,-4.38,외국인,False,0.0,1.98,-2.45,외국인,False,-17.92,-3.54,28.25,개인,False
2024,200710,에이디테크놀로지,2024-11-01,2024-11-01,19039,5,2024-11-06,18122.0,STOP_LOSS,3,-4777,-0.0502,-3.98,-1.68,8.41,개인,False,-1.87,6.45,-4.9,외국인,False,-2.99,-2.37,3.74,개인,False
2024,011200,HMM,2024-11-04,2024-11-04,17878,5,2024-11-06,17013.0,STOP_LOSS,2,-4504,-0.0504,81.54,88.35,-167.29,외국인,True,70.34,20.14,-89.62,기관,True,-98.5,-251.85,339.96,개인,False
2024,222080,SFA넥셀,2024-11-05,2024-11-05,11271,8,2024-11-06,10729.0,STOP_LOSS,1,-4517,-0.0501,5.88,31.65,-41.39,외국인,True,12.56,-0.06,-13.42,기관,False,9.98,-15.03,6.05,기관,False
2024,161390,한국타이어앤테크놀로지,2024-11-05,2024-11-05,39439,2,2024-11-08,37512.0,STOP_LOSS,3,-4012,-0.0509,218.49,-117.85,-100.83,기관,False,93.3,-226.83,132.27,개인,False,73.99,-126.78,39.22,기관,False
2024,062040,산일전기,2024-11-06,2024-11-06,54354,1,2024-11-11,65300.0,TAKE_PROFIT,3,10810,0.1989,-10.91,87.2,-63.73,외국인,False,-10.77,-4.58,24.67,개인,False,-29.14,15.97,7.6,외국인,False
2024,094480,갤럭시아머니트리,2024-11-06,2024-11-06,9810,10,2024-11-07,9331.0,STOP_LOSS,1,-4988,-0.0508,3.33,-5.06,1.11,기관,False,-1.05,-8.53,10.54,개인,False,-3.37,32.66,-28.8,외국인,False
2024,000670,영풍,2024-11-06,2024-11-06,42022,2,2024-11-12,50500.0,TAKE_PROFIT,4,16746,0.1993,9.25,0.44,-9.54,기관,True,6.67,-0.31,-6.33,기관,False,4.98,-4.34,-0.37,기관,False
2024,042660,한화오션,2024-11-07,2024-11-07,33884,2,2024-11-15,40700.0,TAKE_PROFIT,6,13463,0.1987,179.35,258.96,-463.02,외국인,True,-177.78,-1.16,169.19,개인,False,-2166.96,630.7,1541.66,개인,False
2024,010140,삼성중공업,2024-11-07,2024-11-07,10841,9,2024-12-09,10290.0,STOP_LOSS,22,-5155,-0.0528,99.02,843.49,-936.25,외국인,True,5.72,113.43,-127.95,외국인,True,282.51,1063.35,-1312.18,외국인,True
2024,439090,마녀공장,2024-11-07,2024-11-07,21221,4,2024-11-08,20180.0,STOP_LOSS,1,-4336,-0.0511,-14.22,1.92,9.82,개인,False,-5.95,-4.73,10.55,개인,False,0.85,-1.78,2.94,개인,False
2024,018290,브이티,2024-11-08,2024-11-08,34885,2,2024-11-11,33167.0,STOP_LOSS,1,-3576,-0.0513,122.82,87.46,-209.7,기관,True,91.42,-4.05,-86.5,기관,False,-3.54,-57.01,43.57,개인,False
2024,073570,리튬포어스,2024-11-08,2024-11-08,10860,9,2024-11-12,10190.0,STOP_LOSS,2,-6229,-0.0637,-0.11,1.06,-2.99,외국인,False,0.17,-7.82,3.0,개인,False,-0.04,0.78,-5.48,외국인,False
2024,378340,필에너지,2024-11-12,2024-11-12,20721,4,2024-11-13,19720.0,STOP_LOSS,1,-4168,-0.0503,35.02,26.55,-60.87,기관,True,18.89,-3.5,-16.84,기관,False,-16.04,-19.12,36.68,개인,False
2024,178320,서진시스템,2024-11-12,2024-11-12,30080,3,2024-11-13,28621.0,STOP_LOSS,1,-4557,-0.0505,8.8,-39.73,37.11,개인,False,-8.13,-12.8,22.63,개인,False,41.17,-84.13,14.55,기관,False
2024,160190,하이젠알앤엠,2024-11-12,2024-11-12,8959,11,2024-11-13,8521.0,STOP_LOSS,1,-5010,-0.0508,-13.47,-13.7,26.9,개인,False,-6.82,-6.04,12.36,개인,False,0.58,-2.04,2.01,개인,False
2024,042000,카페24,2024-11-12,2024-11-12,28879,3,2024-11-13,27472.0,STOP_LOSS,1,-4393,-0.0507,83.42,17.29,-97.68,기관,True,63.66,12.85,-73.49,기관,True,56.69,19.73,-75.83,기관,True
2024,328130,루닛,2024-11-12,2024-11-12,19613,5,2024-11-18,25500.0,TAKE_PROFIT,4,29170,0.2975,-4.74,14.23,-9.01,외국인,False,-5.48,6.71,0.44,외국인,False,324.19,-184.55,-149.05,기관,False
2024,199820,제일일렉트릭,2024-11-13,2024-11-13,10260,9,2024-11-28,9760.0,STOP_LOSS,11,-4685,-0.0507,3.11,-8.97,5.96,개인,False,3.46,-2.33,-1.12,기관,False,-6.37,-1.84,7.55,개인,False
2024,041020,폴라리스오피스,2024-11-15,2024-11-15,5405,18,2024-11-27,6490.0,TAKE_PROFIT,8,19280,0.1982,0.31,-2.95,2.07,개인,False,0.28,6.7,-7.53,외국인,True,1.41,10.8,-12.39,외국인,True
2024,065350,신성델타테크,2024-11-18,2024-11-18,49249,2,2024-11-22,59100.0,TAKE_PROFIT,4,19456,0.1975,-1.62,66.63,-66.41,외국인,False,-1.69,38.58,-37.22,외국인,False,5.71,96.84,-105.35,외국인,True
2024,036460,한국가스공사,2024-11-18,2024-11-18,42142,2,2024-12-02,40110.0,STOP_LOSS,10,-4234,-0.0502,1.4,125.18,-126.76,외국인,True,0.2,8.82,-7.9,외국인,True,84.85,132.05,-228.56,외국인,True
2024,108860,셀바스AI,2024-11-18,2024-11-18,11381,8,2024-11-26,14100.0,TAKE_PROFIT,6,21515,0.2363,17.23,19.62,-37.05,외국인,True,11.78,11.73,-23.72,기관,True,26.61,-12.48,-14.3,기관,False
2024,299660,셀리드,2024-11-18,2024-11-18,5014,19,2024-11-19,4770.0,STOP_LOSS,1,-4830,-0.0507,-0.29,2.49,-1.22,외국인,False,-0.32,-4.16,5.7,개인,False,-0.03,-4.91,2.75,개인,False
2024,298830,슈어소프트테크,2024-11-18,2024-11-18,5265,18,2024-11-21,5005.0,STOP_LOSS,3,-4875,-0.0514,-5.82,30.34,-21.28,외국인,False,-0.87,7.53,-3.99,외국인,False,1.47,-17.8,16.03,개인,False
2024,064350,현대로템,2024-11-19,2024-11-19,66466,1,2024-11-21,63237.0,STOP_LOSS,2,-3363,-0.0506,-99.35,912.55,-816.01,외국인,False,-137.04,552.36,-433.25,외국인,False,-931.54,317.56,654.9,개인,False
2024,039610,화성밸브,2024-11-22,2024-11-22,11672,8,2024-11-28,11109.0,STOP_LOSS,4,-4690,-0.0502,1.17,-20.21,20.15,개인,False,0.95,-15.35,15.99,개인,False,-1.51,-4.19,6.08,개인,False
2024,066570,LG전자,2024-11-22,2024-11-22,93393,1,2024-12-02,88911.0,STOP_LOSS,6,-4670,-0.05,48.03,68.03,-334.93,외국인,True,38.23,-15.72,-252.31,기관,False,96.31,-240.66,30.68,기관,False
2024,443670,에스피소프트,2024-11-25,2024-11-25,8609,11,2024-12-04,8192.0,STOP_LOSS,7,-4775,-0.0504,-5.57,0.47,11.88,개인,False,-6.46,12.04,-0.61,외국인,False,-1.01,1.14,-0.43,외국인,False
2024,042670,HD현대인프라코어,2024-11-26,2024-11-26,7798,12,2024-12-02,7423.0,STOP_LOSS,4,-4690,-0.0501,,,,,,,,,,,,,,,
2024,035720,카카오,2024-11-27,2024-11-27,38388,2,2024-12-04,46100.0,TAKE_PROFIT,5,15232,0.1984,463.84,166.49,-619.39,기관,True,295.49,27.74,-313.55,기관,True,1772.64,633.15,-2437.74,기관,True
2024,356680,엑스게이트,2024-12-02,2024-12-02,6066,16,2024-12-03,5774.0,STOP_LOSS,1,-4864,-0.0501,0.0,-19.73,21.32,개인,False,0.0,-18.92,19.11,개인,False,0.33,-0.26,-0.85,기관,False
2024,377300,카카오페이,2024-12-02,2024-12-02,26827,3,2024-12-04,32200.0,TAKE_PROFIT,2,15919,0.1978,81.14,6.95,-93.76,기관,True,17.61,29.91,-46.53,외국인,True,350.09,-379.27,38.93,기관,False
2024,376930,노을,2024-12-02,2024-12-02,14343,6,2024-12-04,17220.0,TAKE_PROFIT,2,17047,0.1981,4.92,-52.34,48.12,개인,False,4.82,-25.61,22.13,개인,False,3.72,12.5,178.3,개인,True
2024,323410,카카오뱅크,2024-12-02,2024-12-02,23373,4,2024-12-06,22228.0,STOP_LOSS,4,-4770,-0.051,183.44,116.38,-302.98,기관,True,103.31,43.57,-144.48,기관,True,347.64,-56.65,-282.23,기관,False
2024,241560,두산밥캣,2024-12-03,2024-12-03,43393,2,2024-12-05,41309.0,STOP_LOSS,2,-4344,-0.05,146.07,-163.59,0.06,기관,False,150.38,-112.78,-38.61,기관,False,38.35,-81.18,28.06,기관,False
2024,139480,이마트,2024-12-03,2024-12-03,66867,1,2024-12-06,63636.0,STOP_LOSS,3,-3365,-0.0503,58.7,131.65,-188.81,외국인,True,20.91,61.05,-84.9,외국인,True,40.67,-20.52,-16.6,기관,False
2024,228760,지노믹트리,2024-12-04,2024-12-04,18338,5,2024-12-12,22050.0,TAKE_PROFIT,6,18330,0.1999,0.39,19.86,-26.69,외국인,True,-0.21,6.56,-5.56,외국인,False,4.7,-12.59,7.22,개인,False
2024,278470,에이피알,2024-12-05,2024-12-05,53654,1,2024-12-06,51049.0,STOP_LOSS,1,-2712,-0.0506,126.86,75.79,-85.86,기관,True,45.54,89.09,-36.27,외국인,True,281.43,-228.61,-30.85,기관,False
2024,004020,현대제철,2024-12-10,2024-12-10,22723,4,2024-12-12,21628.0,STOP_LOSS,2,-4560,-0.0502,84.02,28.23,-118.97,기관,True,22.1,-52.76,23.72,개인,False,36.28,-84.64,48.99,개인,False
2024,302440,SK바이오사이언스,2024-12-11,2024-12-11,57557,1,2024-12-12,54745.0,STOP_LOSS,1,-2928,-0.0509,146.72,34.03,-205.14,기관,True,20.95,-6.12,-15.42,기관,False,2.62,-0.52,-12.36,기관,False
2024,214610,롤링스톤,2024-12-11,2024-12-11,18859,5,2024-12-12,17952.0,STOP_LOSS,1,-4725,-0.0501,0.98,-52.84,147.28,개인,False,-0.34,4.45,106.96,개인,False,-1.5,-93.37,143.25,개인,False
2024,317330,덕산테코피아,2024-12-12,2024-12-12,35435,2,2024-12-13,33716.0,STOP_LOSS,1,-3580,-0.0505,87.96,-20.3,-66.97,기관,False,1.04,31.58,-32.06,외국인,True,2.81,-17.99,15.13,개인,False
2024,178320,서진시스템,2024-12-12,2024-12-12,30030,3,2024-12-17,28571.0,STOP_LOSS,3,-4556,-0.0506,20.04,-36.55,1.23,기관,False,11.42,-100.98,74.67,개인,False,-15.13,21.92,1.58,외국인,False
2024,148150,세경하이테크,2024-12-12,2024-12-12,7728,12,2024-12-19,9280.0,TAKE_PROFIT,5,18396,0.1984,10.84,-7.04,-5.49,기관,False,12.95,-25.25,8.73,기관,False,44.09,-21.33,-31.71,기관,False
2024,257720,실리콘투,2024-12-13,2024-12-13,30130,3,2024-12-19,28571.0,STOP_LOSS,4,-4857,-0.0537,292.46,-199.64,-92.42,기관,False,220.71,-124.3,-92.01,기관,False,266.28,-190.61,-98.52,기관,False
2024,010120,LS ELECTRIC,2024-12-13,2024-12-13,31491,3,2024-12-20,29970.0,STOP_LOSS,5,-4754,-0.0503,8.45,23.84,-33.06,외국인,True,23.16,29.01,-52.64,외국인,True,-61.96,64.03,-1.62,외국인,False
2024,103590,일진전기,2024-12-13,2024-12-13,25776,3,,,보유중,10,0,0.0,163.75,-15.6,-138.59,기관,False,206.29,-49.3,-145.72,기관,False,75.59,40.14,-111.5,기관,True
2024,462870,시프트업,2024-12-13,2024-12-13,63163,1,2024-12-16,60040.0,STOP_LOSS,1,-3250,-0.0515,56.0,53.84,-111.83,기관,True,-5.27,18.21,-11.56,외국인,False,-32.08,36.14,-3.4,외국인,False
2024,166480,코아스템켐온,2024-12-13,2024-12-13,12291,8,2024-12-18,8824.0,STOP_LOSS,3,-27888,-0.2836,-4.96,12.38,-10.59,외국인,False,-6.2,-5.61,12.3,개인,False,-11.85,-9.42,22.76,개인,False
2024,001440,대한전선,2024-12-16,2024-12-16,12052,8,2024-12-19,11419.0,STOP_LOSS,3,-5260,-0.0546,-8.67,101.29,-89.35,외국인,False,-18.76,128.35,-102.08,외국인,False,-49.71,23.6,24.38,개인,False
2024,042700,한미반도체,2024-12-17,2024-12-17,86787,1,2024-12-19,82118.0,STOP_LOSS,2,-4842,-0.0558,579.13,-775.22,194.21,기관,False,440.96,-574.76,131.46,기관,False,126.51,-24.85,-100.66,기관,False
2024,138610,나이벡,2024-12-17,2024-12-17,17668,5,2024-12-19,16783.0,STOP_LOSS,2,-4599,-0.0521,-38.24,-1.12,39.83,개인,False,-24.75,12.86,11.88,외국인,False,-0.01,-6.58,5.98,개인,False
2024,000520,삼일제약,2024-12-17,2024-12-17,14194,7,2024-12-19,13257.0,STOP_LOSS,2,-6758,-0.068,28.38,-44.24,19.11,기관,False,19.77,-28.31,9.66,기관,False,3.02,-18.49,16.47,개인,False
2024,321820,아티스트컴퍼니,2024-12-18,2024-12-18,20020,4,2024-12-19,18931.0,STOP_LOSS,1,-4515,-0.0564,1.4,14.11,-15.25,외국인,True,1.34,-29.74,31.2,개인,False,-1.12,-3.12,3.6,개인,False
2024,333430,일승,2024-12-20,2024-12-20,4595,21,2024-12-24,4371.0,STOP_LOSS,2,-4897,-0.0508,9.25,16.75,5.01,외국인,True,2.94,-12.65,8.99,개인,False,0.0,-18.81,18.71,개인,False
2024,389470,인벤티지랩,2024-12-20,2024-12-20,17437,5,2024-12-30,20950.0,TAKE_PROFIT,5,17346,0.1989,-5.24,-0.8,7.9,개인,False,-5.54,0.94,4.93,개인,False,18.76,6.69,-25.4,기관,True
2024,232140,와이씨,2024-12-23,2024-12-23,10741,9,2024-12-30,10200.0,STOP_LOSS,4,-5062,-0.0524,4.69,29.22,-33.07,외국인,True,-8.87,-6.91,16.05,개인,False,29.87,-30.7,-3.79,기관,False
2024,007660,이수페타시스,2024-12-24,2024-12-24,26966,3,,,보유중,3,0,0.0,87.3,85.59,-183.44,기관,True,178.02,21.91,-225.88,기관,True,219.1,-144.68,-53.41,기관,False
2024,033100,제룡전기,2024-12-24,2024-12-24,47447,2,2024-12-27,45155.0,STOP_LOSS,2,-4776,-0.0503,4.05,-16.43,12.29,개인,False,-5.23,61.32,-55.41,외국인,False,-6.46,-0.31,3.97,개인,False
2024,042660,한화오션,2024-12-26,2024-12-26,37788,2,,,보유중,2,0,0.0,199.91,102.68,-306.29,기관,True,-146.81,-51.41,186.73,개인,False,-79.73,-136.83,152.15,개인,False
2024,160190,하이젠알앤엠,2024-12-26,2024-12-26,12773,7,2024-12-27,12158.0,STOP_LOSS,1,-4484,-0.0501,20.2,3.85,-22.27,기관,True,-0.01,-2.06,3.1,개인,False,29.45,23.71,-50.83,기관,True
2024,115450,HLB테라퓨틱스,2024-12-26,2024-12-26,10485,9,,,보유중,2,0,0.0,0.02,54.14,-41.19,외국인,True,2.05,-6.83,3.96,개인,False,11.08,88.0,-98.5,외국인,True
2024,437730,삼현,2024-12-27,2024-12-27,9019,11,,,보유중,1,0,0.0,-4.72,-8.63,13.63,개인,False,-0.38,-11.42,12.25,개인,False,-3.46,11.48,-8.79,외국인,False
2024,466100,클로봇,2024-12-27,2024-12-27,7888,12,,,보유중,1,0,0.0,-35.62,-25.59,127.12,개인,False,-34.29,-6.12,108.17,개인,False,61.77,10.39,-16.49,기관,True
2024,003160,디아이,2024-12-27,2024-12-27,13834,7,,,보유중,1,0,0.0,44.25,-29.64,-16.59,기관,False,10.17,-6.61,-4.18,기관,False,79.78,-88.13,8.71,기관,False
2024,009420,한올바이오파마,2024-12-30,2024-12-30,38689,2,,,보유중,0,0,0.0,83.75,69.63,-153.99,기관,True,39.83,55.67,-88.48,외국인,True,37.5,-119.88,65.15,개인,False
